id,group_id,hop_index,n_hops,hop,label,question,answer,source,supporting_title,supporting_sent_id,is_injected_error,split
5ae1229e55429901ffe4adbc-clean,5ae1229e55429901ffe4adbc,1,2,"Currently he is a specially appointed professor at Osaka University, and a visiting professor at Shanghai Jiao Tong University.",0,Rolf Pfeifer is currently a visiting professor at a university located in which country ?,China,hotpotqa,Rolf Pfeifer,1,False,train
5ae1229e55429901ffe4adbc-clean,5ae1229e55429901ffe4adbc,2,2,"Shanghai Jiao Tong University (SJTU; ) is a public research university in Shanghai, China.",0,Rolf Pfeifer is currently a visiting professor at a university located in which country ?,China,hotpotqa,Shanghai Jiao Tong University,0,False,train
5ae1229e55429901ffe4adbc-error,5ae1229e55429901ffe4adbc,1,2,"Currently he is a specially appointed professor at Osaka University, and a visiting professor at Duncan McCargo.",1,Rolf Pfeifer is currently a visiting professor at a university located in which country ?,China,hotpotqa,Rolf Pfeifer,1,True,train
5ae1229e55429901ffe4adbc-error,5ae1229e55429901ffe4adbc,2,2,"Shanghai Jiao Tong University (SJTU; ) is a public research university in Shanghai, China.",0,Rolf Pfeifer is currently a visiting professor at a university located in which country ?,China,hotpotqa,Shanghai Jiao Tong University,0,False,train
5ab27f005542993be8fa992d-clean,5ab27f005542993be8fa992d,1,3,Thirty-six players were divided into two teams with the top US vote-getter (Abby Wambach) and the top international vote-getter (Marta) as captains.,0,2010 WPS All-Star Game had what top US vote-getter who is six-time winner of the U.S. Soccer Athlete of the Year award as a captain,Abby Wambach,hotpotqa,2010 WPS All-Star Game,1,False,train
5ab27f005542993be8fa992d-clean,5ab27f005542993be8fa992d,2,3,"Mary Abigail Wambach (born June 2, 1980) is an American retired soccer player, coach, two-time Olympic gold medalist and FIFA Women's World Cup champion.",0,2010 WPS All-Star Game had what top US vote-getter who is six-time winner of the U.S. Soccer Athlete of the Year award as a captain,Abby Wambach,hotpotqa,Abby Wambach,0,False,train
5ab27f005542993be8fa992d-clean,5ab27f005542993be8fa992d,3,3,"A six-time winner of the U.S. Soccer Athlete of the Year award, Wambach was a regular on the U.S. women's national soccer team from 2003 to 2015, earning her first cap in 2001.",0,2010 WPS All-Star Game had what top US vote-getter who is six-time winner of the U.S. Soccer Athlete of the Year award as a captain,Abby Wambach,hotpotqa,Abby Wambach,1,False,train
5ab27f005542993be8fa992d-error,5ab27f005542993be8fa992d,1,3,Thirty-six players were divided into two teams with the top US vote-getter (Allison Falk) and the top international vote-getter (Marta) as captains.,1,2010 WPS All-Star Game had what top US vote-getter who is six-time winner of the U.S. Soccer Athlete of the Year award as a captain,Abby Wambach,hotpotqa,2010 WPS All-Star Game,1,True,train
5ab27f005542993be8fa992d-error,5ab27f005542993be8fa992d,2,3,"Mary Abigail Wambach (born June 2, 1980) is an American retired soccer player, coach, two-time Olympic gold medalist and FIFA Women's World Cup champion.",0,2010 WPS All-Star Game had what top US vote-getter who is six-time winner of the U.S. Soccer Athlete of the Year award as a captain,Abby Wambach,hotpotqa,Abby Wambach,0,False,train
5ab27f005542993be8fa992d-error,5ab27f005542993be8fa992d,3,3,"A six-time winner of the U.S. Soccer Athlete of the Year award, Wambach was a regular on the U.S. women's national soccer team from 2003 to 2015, earning her first cap in 2001.",0,2010 WPS All-Star Game had what top US vote-getter who is six-time winner of the U.S. Soccer Athlete of the Year award as a captain,Abby Wambach,hotpotqa,Abby Wambach,1,False,train
5a84a7305542997175ce1f14-clean,5a84a7305542997175ce1f14,1,3,"He coached football at Utah State University (1955–1957), the University of Colorado (1958), the University of Michigan (1959–1965), Gustavus Adolphus College (1966–1970), and for the Minnesota Vikings (1971–1978).",0,Who founded the college Jack Nelson coached at from 1966-1970?,Swedish Americans,hotpotqa,Jack Nelson (American football),1,False,test
5a84a7305542997175ce1f14-clean,5a84a7305542997175ce1f14,2,3,"Gustavus Adolphus College ( ) is a private, coeducational liberal arts college.",0,Who founded the college Jack Nelson coached at from 1966-1970?,Swedish Americans,hotpotqa,Gustavus Adolphus College,0,False,test
5a84a7305542997175ce1f14-clean,5a84a7305542997175ce1f14,3,3,"A four-year, residential institution, Gustavus Adolphus College was founded in 1862 by Swedish Americans and is affiliated with the Evangelical Lutheran Church in America.",0,Who founded the college Jack Nelson coached at from 1966-1970?,Swedish Americans,hotpotqa,Gustavus Adolphus College,1,False,test
5a84a7305542997175ce1f14-error,5a84a7305542997175ce1f14,1,3,"He coached football at Utah State University (1955–1957), the University of Colorado (1958), the University of Michigan (1959–1965), Gustavus Adolphus College (1966–1970), and for the Minnesota Vikings (1971–1978).",0,Who founded the college Jack Nelson coached at from 1966-1970?,Swedish Americans,hotpotqa,Jack Nelson (American football),1,False,test
5a84a7305542997175ce1f14-error,5a84a7305542997175ce1f14,2,3,"Gustavus Adolphus College ( ) is a private, coeducational liberal arts college.",0,Who founded the college Jack Nelson coached at from 1966-1970?,Swedish Americans,hotpotqa,Gustavus Adolphus College,0,False,test
5a84a7305542997175ce1f14-error,5a84a7305542997175ce1f14,3,3,"A four-year, residential institution, Gustavus Adolphus College was founded in 1865 by Swedish Americans and is affiliated with the Evangelical Lutheran Church in America.",1,Who founded the college Jack Nelson coached at from 1966-1970?,Swedish Americans,hotpotqa,Gustavus Adolphus College,1,True,test
5ae480ea5542996836b02cbc-clean,5ae480ea5542996836b02cbc,1,2,"Nardole is a fictional character created by Steven Moffat and portrayed by Matt Lucas in the long-running British science fiction television series ""Doctor Who"".",0,"For what TV show, is the actor who plays the role of Nardole in Doctor Who, best known ?",Little Britain,hotpotqa,Nardole,0,False,validation
5ae480ea5542996836b02cbc-clean,5ae480ea5542996836b02cbc,2,2,"Matthew Richard Lucas (born 5 March 1974) is an English comedian, screenwriter, actor and singer, best known for his work with David Walliams in the television show ""Little Britain"", as well as for his portrayals of the scorekeeping baby Georgie Dawes in the comedy panel game ""Shooting Stars"" and both Tweedle Dum and Tweedle Dee in ""Alice in Wonderland"" and its sequel, ""Alice Through the Looking Glass"".",0,"For what TV show, is the actor who plays the role of Nardole in Doctor Who, best known ?",Little Britain,hotpotqa,Matt Lucas,0,False,validation
5ae480ea5542996836b02cbc-error,5ae480ea5542996836b02cbc,1,2,"Nardole is a fictional character created by Steven Moffat and portrayed by Russell Howard in the long-running British science fiction television series ""Doctor Who"".",1,"For what TV show, is the actor who plays the role of Nardole in Doctor Who, best known ?",Little Britain,hotpotqa,Nardole,0,True,validation
5ae480ea5542996836b02cbc-error,5ae480ea5542996836b02cbc,2,2,"Matthew Richard Lucas (born 5 March 1974) is an English comedian, screenwriter, actor and singer, best known for his work with David Walliams in the television show ""Little Britain"", as well as for his portrayals of the scorekeeping baby Georgie Dawes in the comedy panel game ""Shooting Stars"" and both Tweedle Dum and Tweedle Dee in ""Alice in Wonderland"" and its sequel, ""Alice Through the Looking Glass"".",0,"For what TV show, is the actor who plays the role of Nardole in Doctor Who, best known ?",Little Britain,hotpotqa,Matt Lucas,0,False,validation
5a79c8c4554299148911fa4f-clean,5a79c8c4554299148911fa4f,1,2,"Issa Cissokho (also written as Cissoxo or Cissoko) is a Senegalese musician of Malian griot roots, a composer, and saxophone player for Orchestra Baobab.",0,Issa Cissokho is of descent from a nation that is landlocked where?,West Africa,hotpotqa,Issa Cissokho,0,False,test
5a79c8c4554299148911fa4f-clean,5a79c8c4554299148911fa4f,2,2,"Mali ( ; ] ), officially the Republic of Mali (French: ""République du Mali"" ), is a landlocked country in West Africa.",0,Issa Cissokho is of descent from a nation that is landlocked where?,West Africa,hotpotqa,Mali,0,False,test
5a79c8c4554299148911fa4f-error,5a79c8c4554299148911fa4f,1,2,"Pierre Issa (also written as Cissoxo or Cissoko) is a Senegalese musician of Malian griot roots, a composer, and saxophone player for Orchestra Baobab.",1,Issa Cissokho is of descent from a nation that is landlocked where?,West Africa,hotpotqa,Issa Cissokho,0,True,test
5a79c8c4554299148911fa4f-error,5a79c8c4554299148911fa4f,2,2,"Mali ( ; ] ), officially the Republic of Mali (French: ""République du Mali"" ), is a landlocked country in West Africa.",0,Issa Cissokho is of descent from a nation that is landlocked where?,West Africa,hotpotqa,Mali,0,False,test
5ae0c2c355429906c02dab35-clean,5ae0c2c355429906c02dab35,1,2,"""Beyond Geek"" Season 1 featured the 24 Hours of LeMons, Dagorhir, Belegarth, Amtgard, 8 Bit Weapon, NES Homebrew, JP Aerospace, WW2 Re-enactors, and Real-life Superheroes.",0,"Which show featured a series of endurance races held on paved road race courses across the United States, Australia (since October 2015) and New Zealand (first event held September 2016) in season 1?","""Beyond Geek""",hotpotqa,Beyond Geek,0,False,train
5ae0c2c355429906c02dab35-clean,5ae0c2c355429906c02dab35,2,2,"The 24 Hours of LeMons is a series of endurance races held on paved road race courses across the United States, Australia (since October 2015) and New Zealand (first event held September 2016).",0,"Which show featured a series of endurance races held on paved road race courses across the United States, Australia (since October 2015) and New Zealand (first event held September 2016) in season 1?","""Beyond Geek""",hotpotqa,24 Hours of LeMons,0,False,train
5ae0c2c355429906c02dab35-error,5ae0c2c355429906c02dab35,1,2,"""Beyond Geek"" Season 1 featured the 25 Hours of LeMons, Dagorhir, Belegarth, Amtgard, 8 Bit Weapon, NES Homebrew, JP Aerospace, WW2 Re-enactors, and Real-life Superheroes.",1,"Which show featured a series of endurance races held on paved road race courses across the United States, Australia (since October 2015) and New Zealand (first event held September 2016) in season 1?","""Beyond Geek""",hotpotqa,Beyond Geek,0,True,train
5ae0c2c355429906c02dab35-error,5ae0c2c355429906c02dab35,2,2,"The 24 Hours of LeMons is a series of endurance races held on paved road race courses across the United States, Australia (since October 2015) and New Zealand (first event held September 2016).",0,"Which show featured a series of endurance races held on paved road race courses across the United States, Australia (since October 2015) and New Zealand (first event held September 2016) in season 1?","""Beyond Geek""",hotpotqa,24 Hours of LeMons,0,False,train
5adf3b905542992d7e9f92fb-clean,5adf3b905542992d7e9f92fb,1,3,"Hoku Ho Clements (born Hoku Christian Ho, June 10, 1981), known mononymously as Hoku, is an American singer.",0,"Hoku's song ""Another Dumb Blond"" was from the film Snow Day by which company?",Paramount Pictures and Nickelodeon Movies,hotpotqa,Hoku,0,False,test
5adf3b905542992d7e9f92fb-clean,5adf3b905542992d7e9f92fb,2,3,"She is best known for her 2000 hit single ""Another Dumb Blonde"" from the soundtrack and film ""Snow Day"" and the song ""Perfect Day"" from the soundtrack and film ""Legally Blonde"".",0,"Hoku's song ""Another Dumb Blond"" was from the film Snow Day by which company?",Paramount Pictures and Nickelodeon Movies,hotpotqa,Hoku,1,False,test
5adf3b905542992d7e9f92fb-clean,5adf3b905542992d7e9f92fb,3,3,Snow Day is a 2000 American comedy film directed by Chris Koch and produced by Paramount Pictures and Nickelodeon Movies.,0,"Hoku's song ""Another Dumb Blond"" was from the film Snow Day by which company?",Paramount Pictures and Nickelodeon Movies,hotpotqa,Snow Day (film),0,False,test
5adf3b905542992d7e9f92fb-error,5adf3b905542992d7e9f92fb,1,3,"Hoku Ho Clements (born Hoku Christian Ho, June 10, 1983), known mononymously as Hoku, is an American singer.",1,"Hoku's song ""Another Dumb Blond"" was from the film Snow Day by which company?",Paramount Pictures and Nickelodeon Movies,hotpotqa,Hoku,0,True,test
5adf3b905542992d7e9f92fb-error,5adf3b905542992d7e9f92fb,2,3,"She is best known for her 2000 hit single ""Another Dumb Blonde"" from the soundtrack and film ""Snow Day"" and the song ""Perfect Day"" from the soundtrack and film ""Legally Blonde"".",0,"Hoku's song ""Another Dumb Blond"" was from the film Snow Day by which company?",Paramount Pictures and Nickelodeon Movies,hotpotqa,Hoku,1,False,test
5adf3b905542992d7e9f92fb-error,5adf3b905542992d7e9f92fb,3,3,Snow Day is a 2000 American comedy film directed by Chris Koch and produced by Paramount Pictures and Nickelodeon Movies.,0,"Hoku's song ""Another Dumb Blond"" was from the film Snow Day by which company?",Paramount Pictures and Nickelodeon Movies,hotpotqa,Snow Day (film),0,False,test
5a8caa8c554299240d9c21c8-clean,5a8caa8c554299240d9c21c8,1,2,"It stars Meredith Baxter (credited as Meredith Baxter-Birney) as a girl named Joanne Denver, who was adopted at birth and is searching for her birth parents.",0,"The star of ""The Stranger Who Looks Like Me"" received an Emmy Award nomination for playing the title role in what 1992 TV film?","""A Woman Scorned: The Betty Broderick Story""",hotpotqa,The Stranger Who Looks Like Me,1,False,train
5a8caa8c554299240d9c21c8-clean,5a8caa8c554299240d9c21c8,2,2,"A five-time Emmy Award nominee, one of her nominations was for playing the title role in the 1992 TV film ""A Woman Scorned: The Betty Broderick Story"".",0,"The star of ""The Stranger Who Looks Like Me"" received an Emmy Award nomination for playing the title role in what 1992 TV film?","""A Woman Scorned: The Betty Broderick Story""",hotpotqa,Meredith Baxter,2,False,train
5a8caa8c554299240d9c21c8-error,5a8caa8c554299240d9c21c8,1,2,"It stars Meredith Baxter (credited as Meredith Baxter-Birney) as a girl named Joanne Denver, who was adopted at birth and is searching for her birth parents.",0,"The star of ""The Stranger Who Looks Like Me"" received an Emmy Award nomination for playing the title role in what 1992 TV film?","""A Woman Scorned: The Betty Broderick Story""",hotpotqa,The Stranger Who Looks Like Me,1,False,train
5a8caa8c554299240d9c21c8-error,5a8caa8c554299240d9c21c8,2,2,"A five-time Emmy Award nominee, one of her nominations was for playing the title role in the 1994 TV film ""A Woman Scorned: The Betty Broderick Story"".",1,"The star of ""The Stranger Who Looks Like Me"" received an Emmy Award nomination for playing the title role in what 1992 TV film?","""A Woman Scorned: The Betty Broderick Story""",hotpotqa,Meredith Baxter,2,True,train
5ac01be85542992a796dec8e-clean,5ac01be85542992a796dec8e,1,2,"""The Prophet's Song"" is a song by the British rock band Queen, originally released on their fourth studio album ""A Night at the Opera"" in 1975.",0,"In what year was the Queen album containing the song ""The Prophet's Song"" released?",1975,hotpotqa,The Prophet's Song,0,False,train
5ac01be85542992a796dec8e-clean,5ac01be85542992a796dec8e,2,2,"A Night at the Opera is the fourth studio album by the British rock band Queen, released on 21 November 1975 by EMI Records in the United Kingdom and by Elektra Records in the United States.",0,"In what year was the Queen album containing the song ""The Prophet's Song"" released?",1975,hotpotqa,A Night at the Opera (Queen album),0,False,train
5ac01be85542992a796dec8e-error,5ac01be85542992a796dec8e,1,2,"""The Prophet's Song"" is a song by the British rock band Queen, originally released on their fourth studio album ""A Night at the Opera"" in 1975.",0,"In what year was the Queen album containing the song ""The Prophet's Song"" released?",1975,hotpotqa,The Prophet's Song,0,False,train
5ac01be85542992a796dec8e-error,5ac01be85542992a796dec8e,2,2,"A Night at the Opera is the fourth studio album by the British rock band Queen, released on 23 November 1975 by EMI Records in the United Kingdom and by Elektra Records in the United States.",1,"In what year was the Queen album containing the song ""The Prophet's Song"" released?",1975,hotpotqa,A Night at the Opera (Queen album),0,True,train
5ae69a455542996d980e7c48-clean,5ae69a455542996d980e7c48,1,2,"Robert Jocelyn Barham (born January 25, 1949) is an American large-scale farmer from Morehouse Parish in northern Louisiana who served for all eight years under former Governor Bobby Jindal as the secretary of his state's Department of Wildlife and Fisheries.",0,Robert J. Barham was the secretary of Department of Wildlife and Fisheries under the politician who was the vice chairman of what group?,Republican Governors Association,hotpotqa,Robert J. Barham,0,False,train
5ae69a455542996d980e7c48-clean,5ae69a455542996d980e7c48,2,2,"Piyush ""Bobby"" Jindal (born June 10, 1971) is an American politician who was the 55th Governor of Louisiana between 2008 and 2016, and previously served as a U.S. Congressman and as the vice chairman of the Republican Governors Association.",0,Robert J. Barham was the secretary of Department of Wildlife and Fisheries under the politician who was the vice chairman of what group?,Republican Governors Association,hotpotqa,Bobby Jindal,0,False,train
5ae69a455542996d980e7c48-error,5ae69a455542996d980e7c48,1,2,"Robert Jocelyn Barham (born January 25, 1949) is an American large-scale farmer from Morehouse Parish in northern Louisiana who served for all eight years under former Governor Robert Hormats as the secretary of his state's Department of Wildlife and Fisheries.",1,Robert J. Barham was the secretary of Department of Wildlife and Fisheries under the politician who was the vice chairman of what group?,Republican Governors Association,hotpotqa,Robert J. Barham,0,True,train
5ae69a455542996d980e7c48-error,5ae69a455542996d980e7c48,2,2,"Piyush ""Bobby"" Jindal (born June 10, 1971) is an American politician who was the 55th Governor of Louisiana between 2008 and 2016, and previously served as a U.S. Congressman and as the vice chairman of the Republican Governors Association.",0,Robert J. Barham was the secretary of Department of Wildlife and Fisheries under the politician who was the vice chairman of what group?,Republican Governors Association,hotpotqa,Bobby Jindal,0,False,train
5add818c5542992ae4cec590-clean,5add818c5542992ae4cec590,1,3,"The album includes the hit singles ""Money on My Mind"" and ""Stay with Me"", both of which were number one in the UK; the latter becoming a hit worldwide, peaking in the top ten in over 20 countries, including reaching number two in the US.",0,"When was the song of  Sam Smith's released in United states which along with the song  ""Money on My Mind"" were number one in the UK?",14 April 2014,hotpotqa,In the Lonely Hour,3,False,train
5add818c5542992ae4cec590-clean,5add818c5542992ae4cec590,2,3,"""Stay with Me"" is a song by English singer Sam Smith from his debut studio album ""In the Lonely Hour"" (2014).",0,"When was the song of  Sam Smith's released in United states which along with the song  ""Money on My Mind"" were number one in the UK?",14 April 2014,hotpotqa,Stay with Me (Sam Smith song),0,False,train
5add818c5542992ae4cec590-clean,5add818c5542992ae4cec590,3,3,It was released in the United States on 14 April 2014 and in the United Kingdom on 18 May 2014.,0,"When was the song of  Sam Smith's released in United states which along with the song  ""Money on My Mind"" were number one in the UK?",14 April 2014,hotpotqa,Stay with Me (Sam Smith song),1,False,train
5add818c5542992ae4cec590-error,5add818c5542992ae4cec590,1,3,"The album includes the hit singles ""Money on My Mind"" and ""Safe with Me"", both of which were number one in the UK; the latter becoming a hit worldwide, peaking in the top ten in over 20 countries, including reaching number two in the US.",1,"When was the song of  Sam Smith's released in United states which along with the song  ""Money on My Mind"" were number one in the UK?",14 April 2014,hotpotqa,In the Lonely Hour,3,True,train
5add818c5542992ae4cec590-error,5add818c5542992ae4cec590,2,3,"""Stay with Me"" is a song by English singer Sam Smith from his debut studio album ""In the Lonely Hour"" (2014).",0,"When was the song of  Sam Smith's released in United states which along with the song  ""Money on My Mind"" were number one in the UK?",14 April 2014,hotpotqa,Stay with Me (Sam Smith song),0,False,train
5add818c5542992ae4cec590-error,5add818c5542992ae4cec590,3,3,It was released in the United States on 14 April 2014 and in the United Kingdom on 18 May 2014.,0,"When was the song of  Sam Smith's released in United states which along with the song  ""Money on My Mind"" were number one in the UK?",14 April 2014,hotpotqa,Stay with Me (Sam Smith song),1,False,train
5a73249d5542991f9a20c63f-clean,5a73249d5542991f9a20c63f,1,2,"Hadrian is an opera by American-Canadian singer-songwriter Rufus Wainwright, scheduled to premiere in 2018 by Toronto's Canadian Opera Company.",0,"What is the name of the opera scheduled to premier in 2018 written by Rufus Wainwright, the composer of Prima Donna?",Hadrian,hotpotqa,Hadrian (opera),0,False,train
5a73249d5542991f9a20c63f-clean,5a73249d5542991f9a20c63f,2,2,Prima Donna is an opera composed by Canadian-American singer-songwriter Rufus Wainwright to a French language libretto which he co-authored with Bernadette Colomine.,0,"What is the name of the opera scheduled to premier in 2018 written by Rufus Wainwright, the composer of Prima Donna?",Hadrian,hotpotqa,Prima Donna (opera),0,False,train
5a73249d5542991f9a20c63f-error,5a73249d5542991f9a20c63f,1,2,"The Best of Rufus Wainwright is an opera by American-Canadian singer-songwriter Rufus Wainwright, scheduled to premiere in 2018 by Toronto's Canadian Opera Company.",1,"What is the name of the opera scheduled to premier in 2018 written by Rufus Wainwright, the composer of Prima Donna?",Hadrian,hotpotqa,Hadrian (opera),0,True,train
5a73249d5542991f9a20c63f-error,5a73249d5542991f9a20c63f,2,2,Prima Donna is an opera composed by Canadian-American singer-songwriter Rufus Wainwright to a French language libretto which he co-authored with Bernadette Colomine.,0,"What is the name of the opera scheduled to premier in 2018 written by Rufus Wainwright, the composer of Prima Donna?",Hadrian,hotpotqa,Prima Donna (opera),0,False,train
5ae40a2e5542996836b02c21-clean,5ae40a2e5542996836b02c21,1,4,"""Gotta Getcha"" is a song by American record producer Jermaine Dupri, released as the first single from his compilation album ""Young, Fly & Flashy, Vol.",0,"What is the full name of the singer and songwriter who, along with Missy Elliott, had uncredited vocals on the ""Young, Fly and Flashy, Vol. 1"" album version of the song ""Gotta Getcha""?",Janet Damita Jo Jackson,hotpotqa,Gotta Getcha,0,False,train
5ae40a2e5542996836b02c21-clean,5ae40a2e5542996836b02c21,2,4,"1"" (2005).",0,"What is the full name of the singer and songwriter who, along with Missy Elliott, had uncredited vocals on the ""Young, Fly and Flashy, Vol. 1"" album version of the song ""Gotta Getcha""?",Janet Damita Jo Jackson,hotpotqa,Gotta Getcha,1,False,train
5ae40a2e5542996836b02c21-clean,5ae40a2e5542996836b02c21,3,4,"The album version features vocals by Johntá Austin, and uncredited vocals from Janet Jackson and Missy Elliott, who helped write the song alongside Dupri.",0,"What is the full name of the singer and songwriter who, along with Missy Elliott, had uncredited vocals on the ""Young, Fly and Flashy, Vol. 1"" album version of the song ""Gotta Getcha""?",Janet Damita Jo Jackson,hotpotqa,Gotta Getcha,2,False,train
5ae40a2e5542996836b02c21-clean,5ae40a2e5542996836b02c21,4,4,"Janet Damita Jo Jackson (born May 16, 1966) is an American singer, songwriter, dancer and actress.",0,"What is the full name of the singer and songwriter who, along with Missy Elliott, had uncredited vocals on the ""Young, Fly and Flashy, Vol. 1"" album version of the song ""Gotta Getcha""?",Janet Damita Jo Jackson,hotpotqa,Janet Jackson,0,False,train
5ae40a2e5542996836b02c21-error,5ae40a2e5542996836b02c21,1,4,"""Gotta Getcha"" is a song by American record producer Jermaine Dupri, released as the first single from his compilation album ""Young, Fly & Flashy, Vol.",0,"What is the full name of the singer and songwriter who, along with Missy Elliott, had uncredited vocals on the ""Young, Fly and Flashy, Vol. 1"" album version of the song ""Gotta Getcha""?",Janet Damita Jo Jackson,hotpotqa,Gotta Getcha,0,False,train
5ae40a2e5542996836b02c21-error,5ae40a2e5542996836b02c21,2,4,"1"" (2005).",0,"What is the full name of the singer and songwriter who, along with Missy Elliott, had uncredited vocals on the ""Young, Fly and Flashy, Vol. 1"" album version of the song ""Gotta Getcha""?",Janet Damita Jo Jackson,hotpotqa,Gotta Getcha,1,False,train
5ae40a2e5542996836b02c21-error,5ae40a2e5542996836b02c21,3,4,"The album version features vocals by Johntá Austin, and uncredited vocals from The Entertainer and Missy Elliott, who helped write the song alongside Dupri.",1,"What is the full name of the singer and songwriter who, along with Missy Elliott, had uncredited vocals on the ""Young, Fly and Flashy, Vol. 1"" album version of the song ""Gotta Getcha""?",Janet Damita Jo Jackson,hotpotqa,Gotta Getcha,2,True,train
5ae40a2e5542996836b02c21-error,5ae40a2e5542996836b02c21,4,4,"Janet Damita Jo Jackson (born May 16, 1966) is an American singer, songwriter, dancer and actress.",0,"What is the full name of the singer and songwriter who, along with Missy Elliott, had uncredited vocals on the ""Young, Fly and Flashy, Vol. 1"" album version of the song ""Gotta Getcha""?",Janet Damita Jo Jackson,hotpotqa,Janet Jackson,0,False,train
5ae744385542997b22f6a662-clean,5ae744385542997b22f6a662,1,2,"In 1974 it was released on the album ""Diamond Dogs"".",0,"The David Bowie song ""Big Brother"" was released on an album released by what record label?",RCA Records,hotpotqa,Big Brother (David Bowie song),1,False,train
5ae744385542997b22f6a662-clean,5ae744385542997b22f6a662,2,2,"Diamond Dogs is the eighth studio album by the English musician David Bowie, released on 24 May 1974 by RCA Records.",0,"The David Bowie song ""Big Brother"" was released on an album released by what record label?",RCA Records,hotpotqa,Diamond Dogs,0,False,train
5ae744385542997b22f6a662-error,5ae744385542997b22f6a662,1,2,"In 1977 it was released on the album ""Diamond Dogs"".",1,"The David Bowie song ""Big Brother"" was released on an album released by what record label?",RCA Records,hotpotqa,Big Brother (David Bowie song),1,True,train
5ae744385542997b22f6a662-error,5ae744385542997b22f6a662,2,2,"Diamond Dogs is the eighth studio album by the English musician David Bowie, released on 24 May 1974 by RCA Records.",0,"The David Bowie song ""Big Brother"" was released on an album released by what record label?",RCA Records,hotpotqa,Diamond Dogs,0,False,train
5a736ae655429901807db03b-clean,5a736ae655429901807db03b,1,2,"Caitlin Clarke (May 3, 1952 – September 9, 2004) was an American theater and film actress best known for her role as Valerian in the 1981 fantasy film ""Dragonslayer"" and for her role as Charlotte Cardoza in the 1998–1999 Broadway musical ""Titanic"".",0,What movie does Charlotte Cardoza have a role in that follows a young wizard who experiences danger and opposition as he attempts to defeat a dragon?,Dragonslayer,hotpotqa,Caitlin Clarke,0,False,validation
5a736ae655429901807db03b-clean,5a736ae655429901807db03b,2,2,"The story, set in a fictional medieval kingdom, follows a young wizard who experiences danger and opposition as he attempts to defeat a dragon.",0,What movie does Charlotte Cardoza have a role in that follows a young wizard who experiences danger and opposition as he attempts to defeat a dragon?,Dragonslayer,hotpotqa,Dragonslayer,2,False,validation
5a736ae655429901807db03b-error,5a736ae655429901807db03b,1,2,"Caitlin Clarke (May 3, 1952 – September 9, 2004) was an American theater and film actress best known for her role as Valerian in the 1981 fantasy film ""Bigfoot"" and for her role as Charlotte Cardoza in the 1998–1999 Broadway musical ""Titanic"".",1,What movie does Charlotte Cardoza have a role in that follows a young wizard who experiences danger and opposition as he attempts to defeat a dragon?,Dragonslayer,hotpotqa,Caitlin Clarke,0,True,validation
5a736ae655429901807db03b-error,5a736ae655429901807db03b,2,2,"The story, set in a fictional medieval kingdom, follows a young wizard who experiences danger and opposition as he attempts to defeat a dragon.",0,What movie does Charlotte Cardoza have a role in that follows a young wizard who experiences danger and opposition as he attempts to defeat a dragon?,Dragonslayer,hotpotqa,Dragonslayer,2,False,validation
5a88e6095542993b751ca8bc-clean,5a88e6095542993b751ca8bc,1,3,High Life is an upcoming sci-fi adventure drama film written directed by Claire Denis.,0,Who co-wrote the sci-fi adventure drama film High Life with Nick Laird?,Claire Denis,hotpotqa,High Life (2018 film),0,False,train
5a88e6095542993b751ca8bc-clean,5a88e6095542993b751ca8bc,2,3,"Apart from Denis, her long-time collaborator Jean-Pol Fargeau and novelist Nick Laird co-wrote the screenplay for the film.",0,Who co-wrote the sci-fi adventure drama film High Life with Nick Laird?,Claire Denis,hotpotqa,High Life (2018 film),2,False,train
5a88e6095542993b751ca8bc-clean,5a88e6095542993b751ca8bc,3,3,"Nicholas ""Nick"" Laird (born 1975) is a Northern Irish novelist and poet.",0,Who co-wrote the sci-fi adventure drama film High Life with Nick Laird?,Claire Denis,hotpotqa,Nick Laird,0,False,train
5a88e6095542993b751ca8bc-error,5a88e6095542993b751ca8bc,1,3,High Life is an upcoming sci-fi adventure drama film written directed by Claire Denis.,0,Who co-wrote the sci-fi adventure drama film High Life with Nick Laird?,Claire Denis,hotpotqa,High Life (2018 film),0,False,train
5a88e6095542993b751ca8bc-error,5a88e6095542993b751ca8bc,2,3,"Apart from Denis, her long-time collaborator Jean-Pol Fargeau and novelist Nick Laird co-wrote the screenplay for the film.",0,Who co-wrote the sci-fi adventure drama film High Life with Nick Laird?,Claire Denis,hotpotqa,High Life (2018 film),2,False,train
5a88e6095542993b751ca8bc-error,5a88e6095542993b751ca8bc,3,3,"Nicholas ""Nick"" Laird (born 1978) is a Northern Irish novelist and poet.",1,Who co-wrote the sci-fi adventure drama film High Life with Nick Laird?,Claire Denis,hotpotqa,Nick Laird,0,True,train
5a7796f255429967ab105205-clean,5a7796f255429967ab105205,1,2,"Named after Vancouver's commuter rail service, the line consisted of Markus Naslund at left wing, Brendan Morrison at centre, and Todd Bertuzzi playing right wing.",0,In what year was the right wing of the West Coast Express born?,1975,hotpotqa,West Coast Express (ice hockey),1,False,validation
5a7796f255429967ab105205-clean,5a7796f255429967ab105205,2,2,"Todd Bertuzzi (born February 2, 1975) is a Canadian retired professional ice hockey winger of the National Hockey League (NHL).",0,In what year was the right wing of the West Coast Express born?,1975,hotpotqa,Todd Bertuzzi,0,False,validation
5a7796f255429967ab105205-error,5a7796f255429967ab105205,1,2,"Named after Vancouver's commuter rail service, the line consisted of Markus Naslund at left wing, Brendan Morrison at centre, and Todd Bertuzzi playing right wing.",0,In what year was the right wing of the West Coast Express born?,1975,hotpotqa,West Coast Express (ice hockey),1,False,validation
5a7796f255429967ab105205-error,5a7796f255429967ab105205,2,2,"Todd Bertuzzi (born February 2, 1977) is a Canadian retired professional ice hockey winger of the National Hockey League (NHL).",1,In what year was the right wing of the West Coast Express born?,1975,hotpotqa,Todd Bertuzzi,0,True,validation
5ae1ac8d5542997f29b3c0fb-clean,5ae1ac8d5542997f29b3c0fb,1,2,"It was published on the day British prime minister Neville Chamberlain returned from Munich in which he pressured Czechoslovakia to cede territory to Nazi Germany, and it was distributed to every member of parliament.",0,From where had Arthur Neville Chamberlain returned when the Europe and the Czechs special was published?,Munich,hotpotqa,Europe and the Czechs,2,False,train
5ae1ac8d5542997f29b3c0fb-clean,5ae1ac8d5542997f29b3c0fb,2,2,"Arthur Neville Chamberlain, ( ; 18 March 1869 – 9 November 1940) was a British Conservative politician who served as Prime Minister of the United Kingdom from May 1937 to May 1940.",0,From where had Arthur Neville Chamberlain returned when the Europe and the Czechs special was published?,Munich,hotpotqa,Neville Chamberlain,0,False,train
5ae1ac8d5542997f29b3c0fb-error,5ae1ac8d5542997f29b3c0fb,1,2,"It was published on the day British prime minister Mark Chamberlain returned from Munich in which he pressured Czechoslovakia to cede territory to Nazi Germany, and it was distributed to every member of parliament.",1,From where had Arthur Neville Chamberlain returned when the Europe and the Czechs special was published?,Munich,hotpotqa,Europe and the Czechs,2,True,train
5ae1ac8d5542997f29b3c0fb-error,5ae1ac8d5542997f29b3c0fb,2,2,"Arthur Neville Chamberlain, ( ; 18 March 1869 – 9 November 1940) was a British Conservative politician who served as Prime Minister of the United Kingdom from May 1937 to May 1940.",0,From where had Arthur Neville Chamberlain returned when the Europe and the Czechs special was published?,Munich,hotpotqa,Neville Chamberlain,0,False,train
5ae141145542997b2ef7d183-clean,5ae141145542997b2ef7d183,1,2,"He illustrated the works of Arthur Conan Doyle, Rudyard Kipling, Hall Caine, Robert Louis Stevenson and Israel Zangwill.",0,George Wylie Hutchinson illustrated the works of which English journalist and short-story writer?,Joseph Rudyard Kipling,hotpotqa,George Wylie Hutchinson,1,False,validation
5ae141145542997b2ef7d183-clean,5ae141145542997b2ef7d183,2,2,"Joseph Rudyard Kipling ( ; 30 December 1865 – 18 January 1936) was an English journalist, short-story writer, poet, and novelist.",0,George Wylie Hutchinson illustrated the works of which English journalist and short-story writer?,Joseph Rudyard Kipling,hotpotqa,Rudyard Kipling,0,False,validation
5ae141145542997b2ef7d183-error,5ae141145542997b2ef7d183,1,2,"He illustrated the works of Arthur Conan Doyle, John Wylie, Hall Caine, Robert Louis Stevenson and Israel Zangwill.",1,George Wylie Hutchinson illustrated the works of which English journalist and short-story writer?,Joseph Rudyard Kipling,hotpotqa,George Wylie Hutchinson,1,True,validation
5ae141145542997b2ef7d183-error,5ae141145542997b2ef7d183,2,2,"Joseph Rudyard Kipling ( ; 30 December 1865 – 18 January 1936) was an English journalist, short-story writer, poet, and novelist.",0,George Wylie Hutchinson illustrated the works of which English journalist and short-story writer?,Joseph Rudyard Kipling,hotpotqa,Rudyard Kipling,0,False,validation
5a714a535542994082a3e77e-clean,5a714a535542994082a3e77e,1,4,Crime Against Joe is a 1956 American film noir crime film directed by Lee Sholem and written by Robert C. Dennis.,0,"What film released on March 21, 1956 did the actor who played Sergeant Garcia star in?",Crime Against Joe,hotpotqa,Crime Against Joe,0,False,test
5a714a535542994082a3e77e-clean,5a714a535542994082a3e77e,2,4,"The film stars John Bromfield, Julie London, Henry Calvin, Patricia Blair, Joel Ashley and Robert Keys.",0,"What film released on March 21, 1956 did the actor who played Sergeant Garcia star in?",Crime Against Joe,hotpotqa,Crime Against Joe,1,False,test
5a714a535542994082a3e77e-clean,5a714a535542994082a3e77e,3,4,"The film was released on March 21, 1956, by United Artists.",0,"What film released on March 21, 1956 did the actor who played Sergeant Garcia star in?",Crime Against Joe,hotpotqa,Crime Against Joe,2,False,test
5a714a535542994082a3e77e-clean,5a714a535542994082a3e77e,4,4,"Henry Calvin (May 25, 1918 – October 6, 1975) was an American actor known for his role as the Spanish soldier, Sergeant Garcia on Walt Disney's live-action television series ""Zorro"" (1957–1959).",0,"What film released on March 21, 1956 did the actor who played Sergeant Garcia star in?",Crime Against Joe,hotpotqa,Henry Calvin,0,False,test
5a714a535542994082a3e77e-error,5a714a535542994082a3e77e,1,4,The Witness is a 1956 American film noir crime film directed by Lee Sholem and written by Robert C. Dennis.,1,"What film released on March 21, 1956 did the actor who played Sergeant Garcia star in?",Crime Against Joe,hotpotqa,Crime Against Joe,0,True,test
5a714a535542994082a3e77e-error,5a714a535542994082a3e77e,2,4,"The film stars John Bromfield, Julie London, Henry Calvin, Patricia Blair, Joel Ashley and Robert Keys.",0,"What film released on March 21, 1956 did the actor who played Sergeant Garcia star in?",Crime Against Joe,hotpotqa,Crime Against Joe,1,False,test
5a714a535542994082a3e77e-error,5a714a535542994082a3e77e,3,4,"The film was released on March 21, 1956, by United Artists.",0,"What film released on March 21, 1956 did the actor who played Sergeant Garcia star in?",Crime Against Joe,hotpotqa,Crime Against Joe,2,False,test
5a714a535542994082a3e77e-error,5a714a535542994082a3e77e,4,4,"Henry Calvin (May 25, 1918 – October 6, 1975) was an American actor known for his role as the Spanish soldier, Sergeant Garcia on Walt Disney's live-action television series ""Zorro"" (1957–1959).",0,"What film released on March 21, 1956 did the actor who played Sergeant Garcia star in?",Crime Against Joe,hotpotqa,Henry Calvin,0,False,test
5adea3d95542997c77adee95-clean,5adea3d95542997c77adee95,1,2,Against All Enemies is a 2011 spy novel by Tom Clancy and Peter Telep.,0,"Which writer of Against All Enemies was born April 12, 1947?",Tom Clancy,hotpotqa,Against All Enemies (novel),0,False,test
5adea3d95542997c77adee95-clean,5adea3d95542997c77adee95,2,2,"Thomas Leo ""Tom"" Clancy Jr. (April 12, 1947 – October 1, 2013) was an American novelist best known for his technically detailed espionage and military-science story lines set during and after the Cold War.",0,"Which writer of Against All Enemies was born April 12, 1947?",Tom Clancy,hotpotqa,Tom Clancy,0,False,test
5adea3d95542997c77adee95-error,5adea3d95542997c77adee95,1,2,Against All Enemies is a 2012 spy novel by Tom Clancy and Peter Telep.,1,"Which writer of Against All Enemies was born April 12, 1947?",Tom Clancy,hotpotqa,Against All Enemies (novel),0,True,test
5adea3d95542997c77adee95-error,5adea3d95542997c77adee95,2,2,"Thomas Leo ""Tom"" Clancy Jr. (April 12, 1947 – October 1, 2013) was an American novelist best known for his technically detailed espionage and military-science story lines set during and after the Cold War.",0,"Which writer of Against All Enemies was born April 12, 1947?",Tom Clancy,hotpotqa,Tom Clancy,0,False,test
5a8478cd5542992ef85e240d-clean,5a8478cd5542992ef85e240d,1,2,"Past Perfect Future Tense is the first solo album of Norwegian band a-ha's Magne Furuholmen as Magne F. Magne worked in this album with Coldplay members, Will Champion and Guy Berryman, also Travis member, Andy Dunlop.",0,"Past Perfect Future Tense is the first solo album of Norwegian band a-ha's Magne Furuholmen,  better known to music fans by what stage name?",Mags,hotpotqa,Past Perfect Future Tense,0,False,validation
5a8478cd5542992ef85e240d-clean,5a8478cd5542992ef85e240d,2,2,"Furuholmen, better known to music fans by his stage name Mags, is the keyboardist of the synthpop/rock band A-ha, and co-wrote many of the band's hits including ""Take on Me"", ""Stay on These Roads"", ""Manhattan Skyline"", ""Cry Wolf"", ""Forever Not Yours"", ""Analogue (All I Want)"", and ""Foot of the Mountain"".",0,"Past Perfect Future Tense is the first solo album of Norwegian band a-ha's Magne Furuholmen,  better known to music fans by what stage name?",Mags,hotpotqa,Magne Furuholmen,1,False,validation
5a8478cd5542992ef85e240d-error,5a8478cd5542992ef85e240d,1,2,"Past Perfect Future Tense is the first solo album of Norwegian band a-ha's Paul Waaktaar-Savoy as Magne F. Magne worked in this album with Coldplay members, Will Champion and Guy Berryman, also Travis member, Andy Dunlop.",1,"Past Perfect Future Tense is the first solo album of Norwegian band a-ha's Magne Furuholmen,  better known to music fans by what stage name?",Mags,hotpotqa,Past Perfect Future Tense,0,True,validation
5a8478cd5542992ef85e240d-error,5a8478cd5542992ef85e240d,2,2,"Furuholmen, better known to music fans by his stage name Mags, is the keyboardist of the synthpop/rock band A-ha, and co-wrote many of the band's hits including ""Take on Me"", ""Stay on These Roads"", ""Manhattan Skyline"", ""Cry Wolf"", ""Forever Not Yours"", ""Analogue (All I Want)"", and ""Foot of the Mountain"".",0,"Past Perfect Future Tense is the first solo album of Norwegian band a-ha's Magne Furuholmen,  better known to music fans by what stage name?",Mags,hotpotqa,Magne Furuholmen,1,False,validation
5a77304d55429972597f1485-clean,5a77304d55429972597f1485,1,3,"Big Mouth is an American adult animated sitcom co-created by Nick Kroll, Andrew Goldberg, Mark Levin, and Jennifer Flackett based on Kroll and Goldberg's teenage years growing up in the suburbs of New York City, with Kroll voicing his fictional self.",0,"Andrew Goldberg, Mark Levin, and Jennifer Flackett starred alongside which star of the FX comedy series The League?",Nick Kroll,hotpotqa,Big Mouth (TV series),0,False,test
5a77304d55429972597f1485-clean,5a77304d55429972597f1485,2,3,"Nicholas Kroll (born June 5, 1978) is an American actor, comedian, writer, and producer.",0,"Andrew Goldberg, Mark Levin, and Jennifer Flackett starred alongside which star of the FX comedy series The League?",Nick Kroll,hotpotqa,Nick Kroll,0,False,test
5a77304d55429972597f1485-clean,5a77304d55429972597f1485,3,3,"He is best known for his role as Rodney Ruxin in the FX/FXX comedy series ""The League"", and for creating and starring in the Comedy Central series ""Kroll Show"".",0,"Andrew Goldberg, Mark Levin, and Jennifer Flackett starred alongside which star of the FX comedy series The League?",Nick Kroll,hotpotqa,Nick Kroll,1,False,test
5a77304d55429972597f1485-error,5a77304d55429972597f1485,1,3,"Big Mouth is an American adult animated sitcom co-created by Chris Parnell, Andrew Goldberg, Mark Levin, and Jennifer Flackett based on Kroll and Goldberg's teenage years growing up in the suburbs of New York City, with Kroll voicing his fictional self.",1,"Andrew Goldberg, Mark Levin, and Jennifer Flackett starred alongside which star of the FX comedy series The League?",Nick Kroll,hotpotqa,Big Mouth (TV series),0,True,test
5a77304d55429972597f1485-error,5a77304d55429972597f1485,2,3,"Nicholas Kroll (born June 5, 1978) is an American actor, comedian, writer, and producer.",0,"Andrew Goldberg, Mark Levin, and Jennifer Flackett starred alongside which star of the FX comedy series The League?",Nick Kroll,hotpotqa,Nick Kroll,0,False,test
5a77304d55429972597f1485-error,5a77304d55429972597f1485,3,3,"He is best known for his role as Rodney Ruxin in the FX/FXX comedy series ""The League"", and for creating and starring in the Comedy Central series ""Kroll Show"".",0,"Andrew Goldberg, Mark Levin, and Jennifer Flackett starred alongside which star of the FX comedy series The League?",Nick Kroll,hotpotqa,Nick Kroll,1,False,test
5a8578d05542994c784ddb19-clean,5a8578d05542994c784ddb19,1,3,"The Luchagors is the self-titled only studio album by American punk rock band The Luchagors fronted by professional wrestler Amy Dumas, known professionally as Lita, and her former boyfriend Shane Morton.",0,"Amy Dumas, known professionally as Lita was inducted in the WWE Hall of fame in 2014 and previously fronted what American Punk  Rock Band?",The Luchagors,hotpotqa,The Luchagors (album),0,False,train
5a8578d05542994c784ddb19-clean,5a8578d05542994c784ddb19,2,3,"It was released on compact disc and digitally through their official website on September 11, 2007.",0,"Amy Dumas, known professionally as Lita was inducted in the WWE Hall of fame in 2014 and previously fronted what American Punk  Rock Band?",The Luchagors,hotpotqa,The Luchagors (album),1,False,train
5a8578d05542994c784ddb19-clean,5a8578d05542994c784ddb19,3,3,She was inducted into the WWE Hall of Fame in 2014.,0,"Amy Dumas, known professionally as Lita was inducted in the WWE Hall of fame in 2014 and previously fronted what American Punk  Rock Band?",The Luchagors,hotpotqa,Lita (wrestler),2,False,train
5a8578d05542994c784ddb19-error,5a8578d05542994c784ddb19,1,3,"The Luchagors is the self-titled only studio album by American punk rock band The Luchagors fronted by professional wrestler Amy Dumas, known professionally as Darby Crash, and her former boyfriend Shane Morton.",1,"Amy Dumas, known professionally as Lita was inducted in the WWE Hall of fame in 2014 and previously fronted what American Punk  Rock Band?",The Luchagors,hotpotqa,The Luchagors (album),0,True,train
5a8578d05542994c784ddb19-error,5a8578d05542994c784ddb19,2,3,"It was released on compact disc and digitally through their official website on September 11, 2007.",0,"Amy Dumas, known professionally as Lita was inducted in the WWE Hall of fame in 2014 and previously fronted what American Punk  Rock Band?",The Luchagors,hotpotqa,The Luchagors (album),1,False,train
5a8578d05542994c784ddb19-error,5a8578d05542994c784ddb19,3,3,She was inducted into the WWE Hall of Fame in 2014.,0,"Amy Dumas, known professionally as Lita was inducted in the WWE Hall of fame in 2014 and previously fronted what American Punk  Rock Band?",The Luchagors,hotpotqa,Lita (wrestler),2,False,train
5a732e405542991f29ee2d3c-clean,5a732e405542991f29ee2d3c,1,2,He was responsible for recruiting Mata Hari as a French spy.,0,Georges Ladoux was famous for recruiting which exotic dancer as a French spy?,Mata Hari,hotpotqa,Georges Ladoux,1,False,train
5a732e405542991f29ee2d3c-clean,5a732e405542991f29ee2d3c,2,2,"Margaretha Geertruida ""Margreet"" MacLeod (""née"" Zelle; 7 August 187615 October 1917), better known by the stage name Mata Hari, was a Dutch exotic dancer and courtesan who was convicted of being a spy for Germany during World War I and executed by firing squad in France.",0,Georges Ladoux was famous for recruiting which exotic dancer as a French spy?,Mata Hari,hotpotqa,Mata Hari,0,False,train
5a732e405542991f29ee2d3c-error,5a732e405542991f29ee2d3c,1,2,He was responsible for recruiting Mata Hari as a French spy.,0,Georges Ladoux was famous for recruiting which exotic dancer as a French spy?,Mata Hari,hotpotqa,Georges Ladoux,1,False,train
5a732e405542991f29ee2d3c-error,5a732e405542991f29ee2d3c,2,2,"Margaretha Geertruida ""Margreet"" MacLeod (""née"" Zelle; 7 August 187615 October 1920), better known by the stage name Mata Hari, was a Dutch exotic dancer and courtesan who was convicted of being a spy for Germany during World War I and executed by firing squad in France.",1,Georges Ladoux was famous for recruiting which exotic dancer as a French spy?,Mata Hari,hotpotqa,Mata Hari,0,True,train
5ab439695542991751b4d6fa-clean,5ab439695542991751b4d6fa,1,4,"Fairvilla is a chain of adult retail stores based in Orlando, Florida.",0,Which movie written and directed by Gerard Damiano marked the transition of Fairvilla from a general theater to an adult retail store?,Deep Throat,hotpotqa,Fairvilla,0,False,train
5ab439695542991751b4d6fa-clean,5ab439695542991751b4d6fa,2,4,"Initially, it opened as a general theater, but, following the release of ""Deep Throat"" in 1972, it began showing adult soft-core features.",0,Which movie written and directed by Gerard Damiano marked the transition of Fairvilla from a general theater to an adult retail store?,Deep Throat,hotpotqa,Fairvilla,3,False,train
5ab439695542991751b4d6fa-clean,5ab439695542991751b4d6fa,3,4,Deep Throat is a 1972 American pornographic film that was at the forefront of the Golden Age of Porn.,0,Which movie written and directed by Gerard Damiano marked the transition of Fairvilla from a general theater to an adult retail store?,Deep Throat,hotpotqa,Deep Throat (film),0,False,train
5ab439695542991751b4d6fa-clean,5ab439695542991751b4d6fa,4,4,"The film was written and directed by Gerard Damiano, who was listed in the credits as ""Jerry Gerard""; produced by Louis Peraino, credited as ""Lou Perry""; and starring Linda Lovelace, the pseudonym given to Linda Susan Boreman.",0,Which movie written and directed by Gerard Damiano marked the transition of Fairvilla from a general theater to an adult retail store?,Deep Throat,hotpotqa,Deep Throat (film),1,False,train
5ab439695542991751b4d6fa-error,5ab439695542991751b4d6fa,1,4,"Fairvilla is a chain of adult retail stores based in Orlando, Florida.",0,Which movie written and directed by Gerard Damiano marked the transition of Fairvilla from a general theater to an adult retail store?,Deep Throat,hotpotqa,Fairvilla,0,False,train
5ab439695542991751b4d6fa-error,5ab439695542991751b4d6fa,2,4,"Initially, it opened as a general theater, but, following the release of ""The Devil in Miss Jones"" in 1972, it began showing adult soft-core features.",1,Which movie written and directed by Gerard Damiano marked the transition of Fairvilla from a general theater to an adult retail store?,Deep Throat,hotpotqa,Fairvilla,3,True,train
5ab439695542991751b4d6fa-error,5ab439695542991751b4d6fa,3,4,Deep Throat is a 1972 American pornographic film that was at the forefront of the Golden Age of Porn.,0,Which movie written and directed by Gerard Damiano marked the transition of Fairvilla from a general theater to an adult retail store?,Deep Throat,hotpotqa,Deep Throat (film),0,False,train
5ab439695542991751b4d6fa-error,5ab439695542991751b4d6fa,4,4,"The film was written and directed by Gerard Damiano, who was listed in the credits as ""Jerry Gerard""; produced by Louis Peraino, credited as ""Lou Perry""; and starring Linda Lovelace, the pseudonym given to Linda Susan Boreman.",0,Which movie written and directed by Gerard Damiano marked the transition of Fairvilla from a general theater to an adult retail store?,Deep Throat,hotpotqa,Deep Throat (film),1,False,train
5a7a1ceb5542996c55b2dd13-clean,5a7a1ceb5542996c55b2dd13,1,3,"James Todd Spader (born February 7, 1960) is an American actor.",0,"A 1996 British–Canadian psychological thriller film written and directed by David Cronenberg stars an actor who was also cast in the film ""Stargate"" in what year?",1994,hotpotqa,James Spader,0,False,test
5a7a1ceb5542996c55b2dd13-clean,5a7a1ceb5542996c55b2dd13,2,3,"He is best known for portraying eccentric characters in films such as the drama ""Sex, Lies, and Videotape"" (1989), the action science fiction film ""Stargate"" (1994), the controversial psychological thriller ""Crash"" (1996), the erotic romance ""Secretary"" (2002), and the superhero film """" (2015).",0,"A 1996 British–Canadian psychological thriller film written and directed by David Cronenberg stars an actor who was also cast in the film ""Stargate"" in what year?",1994,hotpotqa,James Spader,1,False,test
5a7a1ceb5542996c55b2dd13-clean,5a7a1ceb5542996c55b2dd13,3,3,Crash is a 1996 British–Canadian psychological thriller film written and directed by David Cronenberg based on J. G. Ballard's 1973 novel of the same name.,0,"A 1996 British–Canadian psychological thriller film written and directed by David Cronenberg stars an actor who was also cast in the film ""Stargate"" in what year?",1994,hotpotqa,Crash (1996 film),0,False,test
5a7a1ceb5542996c55b2dd13-error,5a7a1ceb5542996c55b2dd13,1,3,"James Todd Spader (born February 7, 1960) is an American actor.",0,"A 1996 British–Canadian psychological thriller film written and directed by David Cronenberg stars an actor who was also cast in the film ""Stargate"" in what year?",1994,hotpotqa,James Spader,0,False,test
5a7a1ceb5542996c55b2dd13-error,5a7a1ceb5542996c55b2dd13,2,3,"He is best known for portraying eccentric characters in films such as the drama ""Sex, Lies, and Videotape"" (1989), the action science fiction film ""Stargate"" (1994), the controversial psychological thriller ""Bunker 6"" (1996), the erotic romance ""Secretary"" (2002), and the superhero film """" (2015).",1,"A 1996 British–Canadian psychological thriller film written and directed by David Cronenberg stars an actor who was also cast in the film ""Stargate"" in what year?",1994,hotpotqa,James Spader,1,True,test
5a7a1ceb5542996c55b2dd13-error,5a7a1ceb5542996c55b2dd13,3,3,Crash is a 1996 British–Canadian psychological thriller film written and directed by David Cronenberg based on J. G. Ballard's 1973 novel of the same name.,0,"A 1996 British–Canadian psychological thriller film written and directed by David Cronenberg stars an actor who was also cast in the film ""Stargate"" in what year?",1994,hotpotqa,Crash (1996 film),0,False,test
5a7e465255429934daa2fbfa-clean,5a7e465255429934daa2fbfa,1,3,Captain Carrot is a funny animal superhero published by DC Comics.,0,"After working for DC Comics, Roy Thomas then became editor-in-chief at which comic book company?",Marvel Comics,hotpotqa,Captain Carrot,0,False,train
5a7e465255429934daa2fbfa-clean,5a7e465255429934daa2fbfa,2,3,He was created by Roy Thomas and Scott Shaw.,0,"After working for DC Comics, Roy Thomas then became editor-in-chief at which comic book company?",Marvel Comics,hotpotqa,Captain Carrot,2,False,train
5a7e465255429934daa2fbfa-clean,5a7e465255429934daa2fbfa,3,3,"Roy William Thomas, Jr. (born November 22, 1940) is an American comic book writer and editor, who was Stan Lee's first successor as editor-in-chief of Marvel Comics.",0,"After working for DC Comics, Roy Thomas then became editor-in-chief at which comic book company?",Marvel Comics,hotpotqa,Roy Thomas,0,False,train
5a7e465255429934daa2fbfa-error,5a7e465255429934daa2fbfa,1,3,Captain Carrot is a funny animal superhero published by DC Comics.,0,"After working for DC Comics, Roy Thomas then became editor-in-chief at which comic book company?",Marvel Comics,hotpotqa,Captain Carrot,0,False,train
5a7e465255429934daa2fbfa-error,5a7e465255429934daa2fbfa,2,3,He was created by Malcolm Wheeler-Nicholson and Scott Shaw.,1,"After working for DC Comics, Roy Thomas then became editor-in-chief at which comic book company?",Marvel Comics,hotpotqa,Captain Carrot,2,True,train
5a7e465255429934daa2fbfa-error,5a7e465255429934daa2fbfa,3,3,"Roy William Thomas, Jr. (born November 22, 1940) is an American comic book writer and editor, who was Stan Lee's first successor as editor-in-chief of Marvel Comics.",0,"After working for DC Comics, Roy Thomas then became editor-in-chief at which comic book company?",Marvel Comics,hotpotqa,Roy Thomas,0,False,train
5ae209745542994d89d5b31e-clean,5ae209745542994d89d5b31e,1,2,Wendy Fitzwilliam of Trinidad & Tobago was crowned by Brook Lee of the United States at the end of the event.,0,Wendy Fitzwilliam was crowned Miss Universe 1998 by what former Miss Hawaii USA?,Brook Lee,hotpotqa,Miss Universe 1998,1,False,train
5ae209745542994d89d5b31e-clean,5ae209745542994d89d5b31e,2,2,"Brook Antoinette Mahealani Lee (born January 8, 1971 in Pearl City, Hawaii), known as Brook Lee, is an American actress, TV Host, model and beauty queen who was crowned Miss Hawaii USA 1997, Miss USA 1997, and Miss Universe 1997.",0,Wendy Fitzwilliam was crowned Miss Universe 1998 by what former Miss Hawaii USA?,Brook Lee,hotpotqa,Brook Lee,0,False,train
5ae209745542994d89d5b31e-error,5ae209745542994d89d5b31e,1,2,Wendy Fitzwilliam of Trinidad & Tobago was crowned by Renate Cerljen of the United States at the end of the event.,1,Wendy Fitzwilliam was crowned Miss Universe 1998 by what former Miss Hawaii USA?,Brook Lee,hotpotqa,Miss Universe 1998,1,True,train
5ae209745542994d89d5b31e-error,5ae209745542994d89d5b31e,2,2,"Brook Antoinette Mahealani Lee (born January 8, 1971 in Pearl City, Hawaii), known as Brook Lee, is an American actress, TV Host, model and beauty queen who was crowned Miss Hawaii USA 1997, Miss USA 1997, and Miss Universe 1997.",0,Wendy Fitzwilliam was crowned Miss Universe 1998 by what former Miss Hawaii USA?,Brook Lee,hotpotqa,Brook Lee,0,False,train
5ab6a422554299710c8d1f12-clean,5ab6a422554299710c8d1f12,1,2,"Fabrice-Jean ""Fafà"" Picault (born February 23, 1991) is an American soccer player who plays for Philadelphia Union in Major League Soccer.",0,"Where was the soccer team Fabrice-Jean ""Fafa"" Picault played for based out of?","Chester, Pennsylvania",hotpotqa,Fafà Picault,0,False,validation
5ab6a422554299710c8d1f12-clean,5ab6a422554299710c8d1f12,2,2,"The Philadelphia Union is an American professional soccer team based in Chester, Pennsylvania.",0,"Where was the soccer team Fabrice-Jean ""Fafa"" Picault played for based out of?","Chester, Pennsylvania",hotpotqa,Philadelphia Union,0,False,validation
5ab6a422554299710c8d1f12-error,5ab6a422554299710c8d1f12,1,2,"Fabrice-Jean ""Fafà"" Picault (born February 23, 1994) is an American soccer player who plays for Philadelphia Union in Major League Soccer.",1,"Where was the soccer team Fabrice-Jean ""Fafa"" Picault played for based out of?","Chester, Pennsylvania",hotpotqa,Fafà Picault,0,True,validation
5ab6a422554299710c8d1f12-error,5ab6a422554299710c8d1f12,2,2,"The Philadelphia Union is an American professional soccer team based in Chester, Pennsylvania.",0,"Where was the soccer team Fabrice-Jean ""Fafa"" Picault played for based out of?","Chester, Pennsylvania",hotpotqa,Philadelphia Union,0,False,validation
5ae4c2835542995dadf243ec-clean,5ae4c2835542995dadf243ec,1,2,"Emily Woof (born 1967) is an English actress and author, best known for film and TV roles including Nancy in ""Oliver Twist (1999 miniseries)"", ""The Full Monty"", ""The Woodlanders"", ""Velvet Goldmine"", ""Wondrous Oblivion"", ""Silent Cry"" and ""The League of Gentlemen's Apocalypse"".",0,Emily Woof has acted in which feature film spun off from a British TV comedy series?,The League of Gentlemen's Apocalypse,hotpotqa,Emily Woof,0,False,test
5ae4c2835542995dadf243ec-clean,5ae4c2835542995dadf243ec,2,2,"The League of Gentlemen's Apocalypse is a feature film spin-off of the British television comedy series ""The League of Gentlemen"".",0,Emily Woof has acted in which feature film spun off from a British TV comedy series?,The League of Gentlemen's Apocalypse,hotpotqa,The League of Gentlemen's Apocalypse,0,False,test
5ae4c2835542995dadf243ec-error,5ae4c2835542995dadf243ec,1,2,"Emily Woof (born 1969) is an English actress and author, best known for film and TV roles including Nancy in ""Oliver Twist (1999 miniseries)"", ""The Full Monty"", ""The Woodlanders"", ""Velvet Goldmine"", ""Wondrous Oblivion"", ""Silent Cry"" and ""The League of Gentlemen's Apocalypse"".",1,Emily Woof has acted in which feature film spun off from a British TV comedy series?,The League of Gentlemen's Apocalypse,hotpotqa,Emily Woof,0,True,test
5ae4c2835542995dadf243ec-error,5ae4c2835542995dadf243ec,2,2,"The League of Gentlemen's Apocalypse is a feature film spin-off of the British television comedy series ""The League of Gentlemen"".",0,Emily Woof has acted in which feature film spun off from a British TV comedy series?,The League of Gentlemen's Apocalypse,hotpotqa,The League of Gentlemen's Apocalypse,0,False,test
5abce1665542993a06baf991-clean,5abce1665542993a06baf991,1,2,"""TSOP (The Sound of Philadelphia)"" is a 1974 hit recording by MFSB (Mother, Father, Sister, Brother) featuring vocals by The Three Degrees.",0,"When were the group, that provided vocals for 1974 hit TSOP, originally formed ?",1963,hotpotqa,TSOP (The Sound of Philadelphia),0,False,train
5abce1665542993a06baf991-clean,5abce1665542993a06baf991,2,2,"The Three Degrees are an American female vocal group, who were originally formed in 1963 in Philadelphia, Pennsylvania.",0,"When were the group, that provided vocals for 1974 hit TSOP, originally formed ?",1963,hotpotqa,The Three Degrees,0,False,train
5abce1665542993a06baf991-error,5abce1665542993a06baf991,1,2,"""TSOP (The Sound of Philadelphia)"" is a 1974 hit recording by MFSB (Mother, Father, Sister, Brother) featuring vocals by The Three Degrees.",0,"When were the group, that provided vocals for 1974 hit TSOP, originally formed ?",1963,hotpotqa,TSOP (The Sound of Philadelphia),0,False,train
5abce1665542993a06baf991-error,5abce1665542993a06baf991,2,2,"The Three Degrees are an American female vocal group, who were originally formed in 1965 in Philadelphia, Pennsylvania.",1,"When were the group, that provided vocals for 1974 hit TSOP, originally formed ?",1963,hotpotqa,The Three Degrees,0,True,train
5a8165f75542995ce29dcbf8-clean,5a8165f75542995ce29dcbf8,1,4,Franklin & Bash is an American comedy-drama television series created by Kevin Falls and Bill Chais.,0,"Who created the TV drama in which the actor who plays as Zack Morris in Saved by the Bell, stars as an unconventional lawyer?",Kevin Falls and Bill Chais,hotpotqa,Franklin &amp; Bash,0,False,train
5a8165f75542995ce29dcbf8-clean,5a8165f75542995ce29dcbf8,2,4,The series starred Breckin Meyer and Mark-Paul Gosselaar as unconventional lawyers and longtime friends.,0,"Who created the TV drama in which the actor who plays as Zack Morris in Saved by the Bell, stars as an unconventional lawyer?",Kevin Falls and Bill Chais,hotpotqa,Franklin &amp; Bash,1,False,train
5a8165f75542995ce29dcbf8-clean,5a8165f75542995ce29dcbf8,3,4,"Mark-Paul Harry Gosselaar ( ; born March 1, 1974) is an American actor.",0,"Who created the TV drama in which the actor who plays as Zack Morris in Saved by the Bell, stars as an unconventional lawyer?",Kevin Falls and Bill Chais,hotpotqa,Mark-Paul Gosselaar,0,False,train
5a8165f75542995ce29dcbf8-clean,5a8165f75542995ce29dcbf8,4,4,"He is known for his television roles as Zack Morris in ""Saved by the Bell"", Detective John Clark in ""NYPD Blue"", and Peter Bash in ""Franklin & Bash"".",0,"Who created the TV drama in which the actor who plays as Zack Morris in Saved by the Bell, stars as an unconventional lawyer?",Kevin Falls and Bill Chais,hotpotqa,Mark-Paul Gosselaar,1,False,train
5a8165f75542995ce29dcbf8-error,5a8165f75542995ce29dcbf8,1,4,Franklin & Bash is an American comedy-drama television series created by Kevin Falls and Bill Chais.,0,"Who created the TV drama in which the actor who plays as Zack Morris in Saved by the Bell, stars as an unconventional lawyer?",Kevin Falls and Bill Chais,hotpotqa,Franklin &amp; Bash,0,False,train
5a8165f75542995ce29dcbf8-error,5a8165f75542995ce29dcbf8,2,4,The series starred Breckin Meyer and Richard Armitage as unconventional lawyers and longtime friends.,1,"Who created the TV drama in which the actor who plays as Zack Morris in Saved by the Bell, stars as an unconventional lawyer?",Kevin Falls and Bill Chais,hotpotqa,Franklin &amp; Bash,1,True,train
5a8165f75542995ce29dcbf8-error,5a8165f75542995ce29dcbf8,3,4,"Mark-Paul Harry Gosselaar ( ; born March 1, 1974) is an American actor.",0,"Who created the TV drama in which the actor who plays as Zack Morris in Saved by the Bell, stars as an unconventional lawyer?",Kevin Falls and Bill Chais,hotpotqa,Mark-Paul Gosselaar,0,False,train
5a8165f75542995ce29dcbf8-error,5a8165f75542995ce29dcbf8,4,4,"He is known for his television roles as Zack Morris in ""Saved by the Bell"", Detective John Clark in ""NYPD Blue"", and Peter Bash in ""Franklin & Bash"".",0,"Who created the TV drama in which the actor who plays as Zack Morris in Saved by the Bell, stars as an unconventional lawyer?",Kevin Falls and Bill Chais,hotpotqa,Mark-Paul Gosselaar,1,False,train
5ae2e0a755429928c4239522-clean,5ae2e0a755429928c4239522,1,2,He is best known for robbing Gabe Kapler of a home run to preserve Mark Buehrle's perfect game in 2009.,0,When was the  former Major League Baseball outfielder which DeWayne Wise robbed of a home run to preserve Mark Buehrle's perfect game in 2009 born? ,"July 31, 1975",hotpotqa,DeWayne Wise,3,False,train
5ae2e0a755429928c4239522-clean,5ae2e0a755429928c4239522,2,2,"Gabriel Stefan ""Gabe"" Kapler (born July 31, 1975) is a former Major League Baseball outfielder.",0,When was the  former Major League Baseball outfielder which DeWayne Wise robbed of a home run to preserve Mark Buehrle's perfect game in 2009 born? ,"July 31, 1975",hotpotqa,Gabe Kapler,0,False,train
5ae2e0a755429928c4239522-error,5ae2e0a755429928c4239522,1,2,He is best known for robbing Jim Barr of a home run to preserve Mark Buehrle's perfect game in 2009.,1,When was the  former Major League Baseball outfielder which DeWayne Wise robbed of a home run to preserve Mark Buehrle's perfect game in 2009 born? ,"July 31, 1975",hotpotqa,DeWayne Wise,3,True,train
5ae2e0a755429928c4239522-error,5ae2e0a755429928c4239522,2,2,"Gabriel Stefan ""Gabe"" Kapler (born July 31, 1975) is a former Major League Baseball outfielder.",0,When was the  former Major League Baseball outfielder which DeWayne Wise robbed of a home run to preserve Mark Buehrle's perfect game in 2009 born? ,"July 31, 1975",hotpotqa,Gabe Kapler,0,False,train
5aba10615542994dbf0198a4-clean,5aba10615542994dbf0198a4,1,2,"Cholmondeley Castle ( ) is a country house in the civil parish of Cholmondeley, Cheshire, England.",0,"According to the 2011 Census, what was the population of the civil parish in which Cholmondeley Castle is located?",157,hotpotqa,Cholmondeley Castle,0,False,train
5aba10615542994dbf0198a4-clean,5aba10615542994dbf0198a4,2,2,"It includes the small settlements of Croxton Green ([ SJ552527] ) and Dowse Green ([ SJ561517] ), with a total population of a little over a hundred, increasing to 157 at the 2011 Census.",0,"According to the 2011 Census, what was the population of the civil parish in which Cholmondeley Castle is located?",157,hotpotqa,"Cholmondeley, Cheshire",1,False,train
5aba10615542994dbf0198a4-error,5aba10615542994dbf0198a4,1,2,"Cholmondeley Castle ( ) is a country house in the civil parish of Cholmondeley, Cheshire, England.",0,"According to the 2011 Census, what was the population of the civil parish in which Cholmondeley Castle is located?",157,hotpotqa,Cholmondeley Castle,0,False,train
5aba10615542994dbf0198a4-error,5aba10615542994dbf0198a4,2,2,"It includes the small settlements of Croxton Green ([ SJ552527] ) and Dowse Green ([ SJ561517] ), with a total population of a little over a hundred, increasing to 157 at the 2014 Census.",1,"According to the 2011 Census, what was the population of the civil parish in which Cholmondeley Castle is located?",157,hotpotqa,"Cholmondeley, Cheshire",1,True,train
5a78cea8554299029c4b5ea3-clean,5a78cea8554299029c4b5ea3,1,2,The Textile Workers Union of America (TWUA) was an industrial union of textile workers established through the Congress of Industrial Organizations in 1939 and merged with the Amalgamated Clothing Workers of America to become the Amalgamated Clothing and Textile Workers Union (ACTWU) in 1976.,0,"The Textile Workers Union of America (TWUA) was an industrial union of textile workers established through the Congress of Industrial Organizations in 1939 and merged with which organization, a United States labor union known for its support for ""social unionism"" and progressive political causes, to become the Amalgamated Clothing and Textile Workers Union (ACTWU) in 1976?",Amalgamated Clothing Workers of America,hotpotqa,Textile Workers Union of America,0,False,train
5a78cea8554299029c4b5ea3-clean,5a78cea8554299029c4b5ea3,2,2,"The Amalgamated Clothing Workers of America (ACWA) was a United States labor union known for its support for ""social unionism"" and progressive political causes.",0,"The Textile Workers Union of America (TWUA) was an industrial union of textile workers established through the Congress of Industrial Organizations in 1939 and merged with which organization, a United States labor union known for its support for ""social unionism"" and progressive political causes, to become the Amalgamated Clothing and Textile Workers Union (ACTWU) in 1976?",Amalgamated Clothing Workers of America,hotpotqa,Amalgamated Clothing Workers of America,0,False,train
5a78cea8554299029c4b5ea3-error,5a78cea8554299029c4b5ea3,1,2,The Textile Workers Union of America (TWUA) was an industrial union of textile workers established through the Congress of Industrial Organizations in 1941 and merged with the Amalgamated Clothing Workers of America to become the Amalgamated Clothing and Textile Workers Union (ACTWU) in 1976.,1,"The Textile Workers Union of America (TWUA) was an industrial union of textile workers established through the Congress of Industrial Organizations in 1939 and merged with which organization, a United States labor union known for its support for ""social unionism"" and progressive political causes, to become the Amalgamated Clothing and Textile Workers Union (ACTWU) in 1976?",Amalgamated Clothing Workers of America,hotpotqa,Textile Workers Union of America,0,True,train
5a78cea8554299029c4b5ea3-error,5a78cea8554299029c4b5ea3,2,2,"The Amalgamated Clothing Workers of America (ACWA) was a United States labor union known for its support for ""social unionism"" and progressive political causes.",0,"The Textile Workers Union of America (TWUA) was an industrial union of textile workers established through the Congress of Industrial Organizations in 1939 and merged with which organization, a United States labor union known for its support for ""social unionism"" and progressive political causes, to become the Amalgamated Clothing and Textile Workers Union (ACTWU) in 1976?",Amalgamated Clothing Workers of America,hotpotqa,Amalgamated Clothing Workers of America,0,False,train
5a76d7bc55429966f1a36c01-clean,5a76d7bc55429966f1a36c01,1,4,"Don Mullan (born 1956, Derry, Northern Ireland) is an Irish best-selling author/humanitarian and media producer.",0,What author wrote a book about the death of fourteen peaceful protestors caused by 1 Para? ,Don Mullan,hotpotqa,Don Mullan,0,False,validation
5a76d7bc55429966f1a36c01-clean,5a76d7bc55429966f1a36c01,2,4,"His book ""Eyewitness Bloody Sunday"" is officially recognised as a primary catalyst for a new Bloody Sunday Inquiry which became the longest-running and most expensive in British Legal History.",0,What author wrote a book about the death of fourteen peaceful protestors caused by 1 Para? ,Don Mullan,hotpotqa,Don Mullan,1,False,validation
5a76d7bc55429966f1a36c01-clean,5a76d7bc55429966f1a36c01,3,4,"Fourteen people died: thirteen were killed outright, while the death of another man four months later was attributed to his injuries.",0,What author wrote a book about the death of fourteen peaceful protestors caused by 1 Para? ,Don Mullan,hotpotqa,Bloody Sunday (1972),1,False,validation
5a76d7bc55429966f1a36c01-clean,5a76d7bc55429966f1a36c01,4,4,"The soldiers involved were members of the 1st Battalion, Parachute Regiment, also known as ""1 Para"".",0,What author wrote a book about the death of fourteen peaceful protestors caused by 1 Para? ,Don Mullan,hotpotqa,Bloody Sunday (1972),5,False,validation
5a76d7bc55429966f1a36c01-error,5a76d7bc55429966f1a36c01,1,4,"Tom Reilly (born 1956, Derry, Northern Ireland) is an Irish best-selling author/humanitarian and media producer.",1,What author wrote a book about the death of fourteen peaceful protestors caused by 1 Para? ,Don Mullan,hotpotqa,Don Mullan,0,True,validation
5a76d7bc55429966f1a36c01-error,5a76d7bc55429966f1a36c01,2,4,"His book ""Eyewitness Bloody Sunday"" is officially recognised as a primary catalyst for a new Bloody Sunday Inquiry which became the longest-running and most expensive in British Legal History.",0,What author wrote a book about the death of fourteen peaceful protestors caused by 1 Para? ,Don Mullan,hotpotqa,Don Mullan,1,False,validation
5a76d7bc55429966f1a36c01-error,5a76d7bc55429966f1a36c01,3,4,"Fourteen people died: thirteen were killed outright, while the death of another man four months later was attributed to his injuries.",0,What author wrote a book about the death of fourteen peaceful protestors caused by 1 Para? ,Don Mullan,hotpotqa,Bloody Sunday (1972),1,False,validation
5a76d7bc55429966f1a36c01-error,5a76d7bc55429966f1a36c01,4,4,"The soldiers involved were members of the 1st Battalion, Parachute Regiment, also known as ""1 Para"".",0,What author wrote a book about the death of fourteen peaceful protestors caused by 1 Para? ,Don Mullan,hotpotqa,Bloody Sunday (1972),5,False,validation
5abced2755429959677d6b4d-clean,5abced2755429959677d6b4d,1,2,"1543-1558), was an English court jester.",0,Jane Foole served as the Court Jester for Mary I of England from what date to what date?,July 1553 until her death,hotpotqa,Jane Foole,1,False,train
5abced2755429959677d6b4d-clean,5abced2755429959677d6b4d,2,2,Mary I (18 February 1516 – 17 November 1558) was the Queen of England and Ireland from July 1553 until her death.,0,Jane Foole served as the Court Jester for Mary I of England from what date to what date?,July 1553 until her death,hotpotqa,Mary I of England,0,False,train
5abced2755429959677d6b4d-error,5abced2755429959677d6b4d,1,2,"1543-1558), was an English court jester.",0,Jane Foole served as the Court Jester for Mary I of England from what date to what date?,July 1553 until her death,hotpotqa,Jane Foole,1,False,train
5abced2755429959677d6b4d-error,5abced2755429959677d6b4d,2,2,Mary I (18 February 1516 – 20 November 1558) was the Queen of England and Ireland from July 1553 until her death.,1,Jane Foole served as the Court Jester for Mary I of England from what date to what date?,July 1553 until her death,hotpotqa,Mary I of England,0,True,train
5a7f025c55429934daa2fc8d-clean,5a7f025c55429934daa2fc8d,1,3,"Nicky's Family (Czech: ""Nickyho rodina"" ) is a 2011 Czech docudrama directed by Matej Mináč.",0,Nicky's Family is based on a man who the British dubbed as what?,British Schindler,hotpotqa,Nicky's Family,0,False,train
5a7f025c55429934daa2fc8d-clean,5a7f025c55429934daa2fc8d,2,3,It is based on the work of Nicholas Winton prior to the outbreak of World War II.,0,Nicky's Family is based on a man who the British dubbed as what?,British Schindler,hotpotqa,Nicky's Family,1,False,train
5a7f025c55429934daa2fc8d-clean,5a7f025c55429934daa2fc8d,3,3,"The British press dubbed him the ""British Schindler"".",0,Nicky's Family is based on a man who the British dubbed as what?,British Schindler,hotpotqa,Nicholas Winton,1,False,train
5a7f025c55429934daa2fc8d-error,5a7f025c55429934daa2fc8d,1,3,"Nicky's Family (Czech: ""Nickyho rodina"" ) is a 2012 Czech docudrama directed by Matej Mináč.",1,Nicky's Family is based on a man who the British dubbed as what?,British Schindler,hotpotqa,Nicky's Family,0,True,train
5a7f025c55429934daa2fc8d-error,5a7f025c55429934daa2fc8d,2,3,It is based on the work of Nicholas Winton prior to the outbreak of World War II.,0,Nicky's Family is based on a man who the British dubbed as what?,British Schindler,hotpotqa,Nicky's Family,1,False,train
5a7f025c55429934daa2fc8d-error,5a7f025c55429934daa2fc8d,3,3,"The British press dubbed him the ""British Schindler"".",0,Nicky's Family is based on a man who the British dubbed as what?,British Schindler,hotpotqa,Nicholas Winton,1,False,train
5a843610554299123d8c21e1-clean,5a843610554299123d8c21e1,1,3,"Sergey Simonovich Dreyden (Dontsov) (Russian: Серге́й Си́монович Дре́йден (Донцо́в) ; born September 14, 1941) is a Russian actor and star of Alexander Sokurov's Russian Ark.",0,Sergey Simonovich is the star of what 2002 historical drama film that was filmed in the Winter Palace of the Russian State Hermitage Museum?,Russian Ark,hotpotqa,Sergey Dreyden,0,False,test
5a843610554299123d8c21e1-clean,5a843610554299123d8c21e1,2,3,"Russian Ark (Russian: Русский ковчег , ""Russkij Kovcheg"") is a 2002 historical drama film directed by Alexander Sokurov.",0,Sergey Simonovich is the star of what 2002 historical drama film that was filmed in the Winter Palace of the Russian State Hermitage Museum?,Russian Ark,hotpotqa,Russian Ark,0,False,test
5a843610554299123d8c21e1-clean,5a843610554299123d8c21e1,3,3,It was filmed entirely in the Winter Palace of the Russian State Hermitage Museum using a single 96-minute Steadicam sequence shot.,0,Sergey Simonovich is the star of what 2002 historical drama film that was filmed in the Winter Palace of the Russian State Hermitage Museum?,Russian Ark,hotpotqa,Russian Ark,1,False,test
5a843610554299123d8c21e1-error,5a843610554299123d8c21e1,1,3,"Sergey Simonovich Dreyden (Dontsov) (Russian: Серге́й Си́монович Дре́йден (Донцо́в) ; born September 14, 1941) is a Russian actor and star of Alexander Sokurov's Russian Ark.",0,Sergey Simonovich is the star of what 2002 historical drama film that was filmed in the Winter Palace of the Russian State Hermitage Museum?,Russian Ark,hotpotqa,Sergey Dreyden,0,False,test
5a843610554299123d8c21e1-error,5a843610554299123d8c21e1,2,3,"Russian Ark (Russian: Русский ковчег , ""Russkij Kovcheg"") is a 2003 historical drama film directed by Alexander Sokurov.",1,Sergey Simonovich is the star of what 2002 historical drama film that was filmed in the Winter Palace of the Russian State Hermitage Museum?,Russian Ark,hotpotqa,Russian Ark,0,True,test
5a843610554299123d8c21e1-error,5a843610554299123d8c21e1,3,3,It was filmed entirely in the Winter Palace of the Russian State Hermitage Museum using a single 96-minute Steadicam sequence shot.,0,Sergey Simonovich is the star of what 2002 historical drama film that was filmed in the Winter Palace of the Russian State Hermitage Museum?,Russian Ark,hotpotqa,Russian Ark,1,False,test
5ab7a8335542993667793fe7-clean,5ab7a8335542993667793fe7,1,2,"The Sun and the Moon is the eponymous debut studio album by English post-punk band The Sun and the Moon, featuring Mark Burgess and John Lever (both previously of The Chameleons), released in 1988 by record label Geffen.",0,In which record label did the debut studio album of a drummer who replaced Brian Schofield was released?,Geffen,hotpotqa,The Sun and the Moon (The Sun and the Moon album),0,False,train
5ab7a8335542993667793fe7-clean,5ab7a8335542993667793fe7,2,2,"The band originally consisted of singer and bassist Mark Burgess, guitarist Reg Smithies, guitarist Dave Fielding and drummer John Lever (replacing original drummer Brian Schofield).",0,In which record label did the debut studio album of a drummer who replaced Brian Schofield was released?,Geffen,hotpotqa,The Chameleons,1,False,train
5ab7a8335542993667793fe7-error,5ab7a8335542993667793fe7,1,2,"The Sun and the Moon is the eponymous debut studio album by English post-punk band The Sun and the Moon, featuring Mark Burgess and John Lever (both previously of The Chameleons), released in 1989 by record label Geffen.",1,In which record label did the debut studio album of a drummer who replaced Brian Schofield was released?,Geffen,hotpotqa,The Sun and the Moon (The Sun and the Moon album),0,True,train
5ab7a8335542993667793fe7-error,5ab7a8335542993667793fe7,2,2,"The band originally consisted of singer and bassist Mark Burgess, guitarist Reg Smithies, guitarist Dave Fielding and drummer John Lever (replacing original drummer Brian Schofield).",0,In which record label did the debut studio album of a drummer who replaced Brian Schofield was released?,Geffen,hotpotqa,The Chameleons,1,False,train
5ac415395542997ea680c9f5-clean,5ac415395542997ea680c9f5,1,2,"Battle at Bloody Beach, (aka Battle on the Beach), is a 1961 drama directed by Herbert Coleman, starring Audie Murphy and Gary Crosby.",0,What year was the star of Battle at Bloody Beach that died on 28 May 1971 born in?,1925,hotpotqa,Battle at Bloody Beach,0,False,validation
5ac415395542997ea680c9f5-clean,5ac415395542997ea680c9f5,2,2,"Audie Leon Murphy (20 June 1925 – 28 May 1971) was one of the most decorated American combat soldiers of World War II, receiving every military combat award for valor available from the U.S. Army, as well as French and Belgian awards for heroism.",0,What year was the star of Battle at Bloody Beach that died on 28 May 1971 born in?,1925,hotpotqa,Audie Murphy,0,False,validation
5ac415395542997ea680c9f5-error,5ac415395542997ea680c9f5,1,2,"Battle at Bloody Beach, (aka Battle on the Beach), is a 1961 drama directed by Herbert Coleman, starring Audie Murphy and Gary Crosby.",0,What year was the star of Battle at Bloody Beach that died on 28 May 1971 born in?,1925,hotpotqa,Battle at Bloody Beach,0,False,validation
5ac415395542997ea680c9f5-error,5ac415395542997ea680c9f5,2,2,"Audie Leon Murphy (23 June 1925 – 28 May 1971) was one of the most decorated American combat soldiers of World War II, receiving every military combat award for valor available from the U.S. Army, as well as French and Belgian awards for heroism.",1,What year was the star of Battle at Bloody Beach that died on 28 May 1971 born in?,1925,hotpotqa,Audie Murphy,0,True,validation
5a7459c955429979e288291c-clean,5a7459c955429979e288291c,1,3,"Alan King: Inside the Comedy Mind is an interview program hosted and produced by comedian Alan King for the American cable's The Comedy Channel, a predecessor of Comedy Central.",0,"What comedian noted for her often controversial comedic persona, was on the program,  Alan King: Inside the Comedy Mind?",Joan Alexandra Molinsky,hotpotqa,Alan King: Inside the Comedy Mind,0,False,train
5a7459c955429979e288291c-clean,5a7459c955429979e288291c,2,3,"Joan Alexandra Molinsky (June 8, 1933 – September 4, 2014), widely known as Joan Rivers, was an American comedian, actress, writer, producer, and television host.",0,"What comedian noted for her often controversial comedic persona, was on the program,  Alan King: Inside the Comedy Mind?",Joan Alexandra Molinsky,hotpotqa,Joan Rivers,0,False,train
5a7459c955429979e288291c-clean,5a7459c955429979e288291c,3,3,"She was noted for her often controversial comedic persona—alternatingly self-deprecating or sharply acerbic, especially toward celebrities and politicians.",0,"What comedian noted for her often controversial comedic persona, was on the program,  Alan King: Inside the Comedy Mind?",Joan Alexandra Molinsky,hotpotqa,Joan Rivers,1,False,train
5a7459c955429979e288291c-error,5a7459c955429979e288291c,1,3,"Alan King: Inside the Comedy Mind is an interview program hosted and produced by comedian Alan King for the American cable's The Comedy Channel, a predecessor of Comedy Central.",0,"What comedian noted for her often controversial comedic persona, was on the program,  Alan King: Inside the Comedy Mind?",Joan Alexandra Molinsky,hotpotqa,Alan King: Inside the Comedy Mind,0,False,train
5a7459c955429979e288291c-error,5a7459c955429979e288291c,2,3,"Joan Alexandra Molinsky (June 8, 1933 – September 4, 2017), widely known as Joan Rivers, was an American comedian, actress, writer, producer, and television host.",1,"What comedian noted for her often controversial comedic persona, was on the program,  Alan King: Inside the Comedy Mind?",Joan Alexandra Molinsky,hotpotqa,Joan Rivers,0,True,train
5a7459c955429979e288291c-error,5a7459c955429979e288291c,3,3,"She was noted for her often controversial comedic persona—alternatingly self-deprecating or sharply acerbic, especially toward celebrities and politicians.",0,"What comedian noted for her often controversial comedic persona, was on the program,  Alan King: Inside the Comedy Mind?",Joan Alexandra Molinsky,hotpotqa,Joan Rivers,1,False,train
5a7cac795542996dd594b97a-clean,5a7cac795542996dd594b97a,1,2,"Jonathan Lucas (born October 29, 1976) is an American film director and screenwriter.",0,Who was the film director for the 2009 film directed by Todd Phillips?,Jonathan Lucas,hotpotqa,Jon Lucas,0,False,validation
5a7cac795542996dd594b97a-clean,5a7cac795542996dd594b97a,2,2,"The Hangover is a 2009 American comedy film directed by Todd Phillips, co-produced with Daniel Goldberg, and written by Jon Lucas and Scott Moore.",0,Who was the film director for the 2009 film directed by Todd Phillips?,Jonathan Lucas,hotpotqa,The Hangover,0,False,validation
5a7cac795542996dd594b97a-error,5a7cac795542996dd594b97a,1,2,"Jonathan Lucas (born October 29, 1976) is an American film director and screenwriter.",0,Who was the film director for the 2009 film directed by Todd Phillips?,Jonathan Lucas,hotpotqa,Jon Lucas,0,False,validation
5a7cac795542996dd594b97a-error,5a7cac795542996dd594b97a,2,2,"The Hangover is a 2009 American comedy film directed by Todd Phillips, co-produced with Daniel Goldberg, and written by Josh Stolberg and Scott Moore.",1,Who was the film director for the 2009 film directed by Todd Phillips?,Jonathan Lucas,hotpotqa,The Hangover,0,True,validation
5ae2c5105542996483e64a4e-clean,5ae2c5105542996483e64a4e,1,2,Bayern also added holding midfielder Javi Martínez after the first week of the Bundesliga season at the transfer deadline.,0,"What is the nationality of this footballer who plays for German club FC Bayern Munich born in 1988, who was added during the 2012–13 FC Bayern Munich season?",Spanish,hotpotqa,2012–13 FC Bayern Munich season,2,False,test
5ae2c5105542996483e64a4e-clean,5ae2c5105542996483e64a4e,2,2,"Javier ""Javi"" Martínez Aginaga (] ; born 2 September 1988) is a Spanish footballer who plays for German club FC Bayern Munich as a defensive midfielder or a central defender.",0,"What is the nationality of this footballer who plays for German club FC Bayern Munich born in 1988, who was added during the 2012–13 FC Bayern Munich season?",Spanish,hotpotqa,Javi Martínez,0,False,test
5ae2c5105542996483e64a4e-error,5ae2c5105542996483e64a4e,1,2,Bayern also added holding midfielder Javi Martínez after the first week of the Bundesliga season at the transfer deadline.,0,"What is the nationality of this footballer who plays for German club FC Bayern Munich born in 1988, who was added during the 2012–13 FC Bayern Munich season?",Spanish,hotpotqa,2012–13 FC Bayern Munich season,2,False,test
5ae2c5105542996483e64a4e-error,5ae2c5105542996483e64a4e,2,2,"Javier ""Javi"" Martínez Aginaga (] ; born 2 September 1989) is a Spanish footballer who plays for German club FC Bayern Munich as a defensive midfielder or a central defender.",1,"What is the nationality of this footballer who plays for German club FC Bayern Munich born in 1988, who was added during the 2012–13 FC Bayern Munich season?",Spanish,hotpotqa,Javi Martínez,0,True,test
5ae343b55542992f92d82277-clean,5ae343b55542992f92d82277,1,2,"New Year's Eve is a 2011 American romantic comedy film directed by Garry Marshall and stars Halle Berry, Jessica Biel, Jon Bon Jovi, Abigail Breslin, Ludacris, Robert De Niro, Josh Duhamel, Zac Efron, Héctor Elizondo, Katherine Heigl, Ashton Kutcher, Seth Meyers, Lea Michele, Sarah Jessica Parker, Michelle Pfeiffer, Til Schweiger, Hilary Swank, Sofía Vergara and Alyssa Milano.",0,"Who directed a romantic comedy starring a ""7th Heaven"" star and Ludacris?",Garry Marshall,hotpotqa,New Year's Eve (2011 film),0,False,validation
5ae343b55542992f92d82277-clean,5ae343b55542992f92d82277,2,2,"Biel began her career as a vocalist appearing in musical productions until she was cast as Mary Camden in the family-drama series ""7th Heaven"", for which she achieved recognition.",0,"Who directed a romantic comedy starring a ""7th Heaven"" star and Ludacris?",Garry Marshall,hotpotqa,Jessica Biel,1,False,validation
5ae343b55542992f92d82277-error,5ae343b55542992f92d82277,1,2,"New Year's Eve is a 2011 American romantic comedy film directed by Garry Marshall and stars Halle Berry, Barret Swatek, Jon Bon Jovi, Abigail Breslin, Ludacris, Robert De Niro, Josh Duhamel, Zac Efron, Héctor Elizondo, Katherine Heigl, Ashton Kutcher, Seth Meyers, Lea Michele, Sarah Jessica Parker, Michelle Pfeiffer, Til Schweiger, Hilary Swank, Sofía Vergara and Alyssa Milano.",1,"Who directed a romantic comedy starring a ""7th Heaven"" star and Ludacris?",Garry Marshall,hotpotqa,New Year's Eve (2011 film),0,True,validation
5ae343b55542992f92d82277-error,5ae343b55542992f92d82277,2,2,"Biel began her career as a vocalist appearing in musical productions until she was cast as Mary Camden in the family-drama series ""7th Heaven"", for which she achieved recognition.",0,"Who directed a romantic comedy starring a ""7th Heaven"" star and Ludacris?",Garry Marshall,hotpotqa,Jessica Biel,1,False,validation
5abd432e55429924427fcf56-clean,5abd432e55429924427fcf56,1,2,"It was directed by Neil Armfield and stars Ryan Corr and Craig Stott, with supporting performances from Guy Pearce, Anthony LaPaglia, Sarah Snook, Kerry Fox and Geoffrey Rush.",0,Sarah Snook was one of the supporting actresses in Holding the Man who else was a supporting actor?,Guy Pearce,hotpotqa,Holding the Man (film),1,False,train
5abd432e55429924427fcf56-clean,5abd432e55429924427fcf56,2,2,"Sarah Snook (born 28 July 1987) is an Australian actress, widely known for her roles in ""Predestination"", ""Holding the Man"", ""The Dressmaker"", and ""Steve Jobs"".",0,Sarah Snook was one of the supporting actresses in Holding the Man who else was a supporting actor?,Guy Pearce,hotpotqa,Sarah Snook,0,False,train
5abd432e55429924427fcf56-error,5abd432e55429924427fcf56,1,2,"It was directed by Neil Armfield and stars Ryan Corr and Craig Stott, with supporting performances from Guy Pearce, Anthony LaPaglia, Saradha Preetha, Kerry Fox and Geoffrey Rush.",1,Sarah Snook was one of the supporting actresses in Holding the Man who else was a supporting actor?,Guy Pearce,hotpotqa,Holding the Man (film),1,True,train
5abd432e55429924427fcf56-error,5abd432e55429924427fcf56,2,2,"Sarah Snook (born 28 July 1987) is an Australian actress, widely known for her roles in ""Predestination"", ""Holding the Man"", ""The Dressmaker"", and ""Steve Jobs"".",0,Sarah Snook was one of the supporting actresses in Holding the Man who else was a supporting actor?,Guy Pearce,hotpotqa,Sarah Snook,0,False,train
5a78cdec55429974737f78a7-clean,5a78cdec55429974737f78a7,1,2,"With respect to human trafficking, Saudi Arabia was designated, together with Bolivia, Ecuador, Qatar, United Arab Emirates, Burma, Jamaica, Venezuela, Cambodia, Kuwait, Sudan, Cuba, North Korea, and Togo, as a Tier 3 country by the United States Department of State in its 2005 Trafficking in Persons Report required by the Victims of Trafficking and Violence Protection Act of 2000 on which this article was originally based.",0,The country found on the northern part of the Korean Peninsula was designated as what level in regards to human trafficking?,Tier 3,hotpotqa,Human trafficking in Saudi Arabia,0,False,train
5a78cdec55429974737f78a7-clean,5a78cdec55429974737f78a7,2,2,"North Korea, officially the Democratic People's Republic of Korea (abbreviated DPRK), is a country in East Asia constituting the northern part of the Korean Peninsula.",0,The country found on the northern part of the Korean Peninsula was designated as what level in regards to human trafficking?,Tier 3,hotpotqa,North Korea,0,False,train
5a78cdec55429974737f78a7-error,5a78cdec55429974737f78a7,1,2,"With respect to human trafficking, Saudi Arabia was designated, together with Bolivia, Ecuador, Qatar, United Arab Emirates, Burma, Jamaica, Venezuela, Cambodia, Kuwait, Sudan, Cuba, Human trafficking in Iceland, and Togo, as a Tier 3 country by the United States Department of State in its 2005 Trafficking in Persons Report required by the Victims of Trafficking and Violence Protection Act of 2000 on which this article was originally based.",1,The country found on the northern part of the Korean Peninsula was designated as what level in regards to human trafficking?,Tier 3,hotpotqa,Human trafficking in Saudi Arabia,0,True,train
5a78cdec55429974737f78a7-error,5a78cdec55429974737f78a7,2,2,"North Korea, officially the Democratic People's Republic of Korea (abbreviated DPRK), is a country in East Asia constituting the northern part of the Korean Peninsula.",0,The country found on the northern part of the Korean Peninsula was designated as what level in regards to human trafficking?,Tier 3,hotpotqa,North Korea,0,False,train
5ab62d4c554299710c8d1e71-clean,5ab62d4c554299710c8d1e71,1,2,"She is the daughter of film and theatre director Ingmar Bergman and choreographer-director Ellen Lundström, sister to Eva, Jan, and Mats Bergman (twin); and half-sister to Daniel Bergman and Linn Ullmann.",0,In what year was Anna Bergman's father born?,1918,hotpotqa,Anna Bergman,1,False,train
5ab62d4c554299710c8d1e71-clean,5ab62d4c554299710c8d1e71,2,2,"Ernst Ingmar Bergman (] ; 14 July 1918 – 30 July 2007) was a Swedish director, writer, and producer who worked in film, television, theatre and radio.",0,In what year was Anna Bergman's father born?,1918,hotpotqa,Ingmar Bergman,0,False,train
5ab62d4c554299710c8d1e71-error,5ab62d4c554299710c8d1e71,1,2,"She is the daughter of film and theatre director George Bergman and choreographer-director Ellen Lundström, sister to Eva, Jan, and Mats Bergman (twin); and half-sister to Daniel Bergman and Linn Ullmann.",1,In what year was Anna Bergman's father born?,1918,hotpotqa,Anna Bergman,1,True,train
5ab62d4c554299710c8d1e71-error,5ab62d4c554299710c8d1e71,2,2,"Ernst Ingmar Bergman (] ; 14 July 1918 – 30 July 2007) was a Swedish director, writer, and producer who worked in film, television, theatre and radio.",0,In what year was Anna Bergman's father born?,1918,hotpotqa,Ingmar Bergman,0,False,train
5a7fa2385542994857a76791-clean,5a7fa2385542994857a76791,1,3,"Fukami is best known for her role in the ""Sailor Moon"" series as Sailor Venus.",0,What role did Rica Fukami play in ァイナルファンタジーXII?,Fran,hotpotqa,Rica Fukami,2,False,train
5a7fa2385542994857a76791-clean,5a7fa2385542994857a76791,2,3,"She had major roles in ""Final Fantasy XII"" (as Fran), ""Ashita no Nadja"" (as Carmen la Bailaora), ""Ninja Senshi Tobikage"" (as Schaffe) and ""New Cutey Honey"" (as Daiko Hayami).",0,What role did Rica Fukami play in ァイナルファンタジーXII?,Fran,hotpotqa,Rica Fukami,3,False,train
5a7fa2385542994857a76791-clean,5a7fa2385542994857a76791,3,3,"Final Fantasy XII (ファイナルファンタジーXII , Fainaru Fantajī Tuerubu ) is a fantasy role-playing video game developed and published by Square Enix for the PlayStation 2 home video console.",0,What role did Rica Fukami play in ァイナルファンタジーXII?,Fran,hotpotqa,Final Fantasy XII,0,False,train
5a7fa2385542994857a76791-error,5a7fa2385542994857a76791,1,3,"Fukami is best known for her role in the ""Sailor Moon"" series as Sailor Venus.",0,What role did Rica Fukami play in ァイナルファンタジーXII?,Fran,hotpotqa,Rica Fukami,2,False,train
5a7fa2385542994857a76791-error,5a7fa2385542994857a76791,2,3,"She had major roles in ""Final Fantasy XII"" (as Fran), ""Ashita no Nadja"" (as Carmen la Bailaora), ""Ninja Senshi Tobikage"" (as Schaffe) and ""New Cutey Honey"" (as Daiko Hayami).",0,What role did Rica Fukami play in ァイナルファンタジーXII?,Fran,hotpotqa,Rica Fukami,3,False,train
5a7fa2385542994857a76791-error,5a7fa2385542994857a76791,3,3,"Final Fantasy XII (ファイナルファンタジーXII , Fainaru Fantajī Tuerubu ) is a fantasy role-playing video game developed and published by Square Enix for the PlayStation 3 home video console.",1,What role did Rica Fukami play in ァイナルファンタジーXII?,Fran,hotpotqa,Final Fantasy XII,0,True,train
5ab31c41554299233954ff0c-clean,5ab31c41554299233954ff0c,1,2,"Also in 1997, Shoshana Bean, who would later become famous for portraying Elphaba on Broadway in the musical ""Wicked"""","" starred in the Broadway Rose production of ""Bye Bye Birdie.""",0,"When was the actress who starred in the Broadway Rose production of ""Bye Bye Birdie"" born?","born September 1, 1977",hotpotqa,Broadway Rose Theatre Company,14,False,train
5ab31c41554299233954ff0c-clean,5ab31c41554299233954ff0c,2,2,"Shoshana Elise Bean (born September 1, 1977) is an American stage actress, singer and songwriter known for her roles in Broadway musicals.",0,"When was the actress who starred in the Broadway Rose production of ""Bye Bye Birdie"" born?","born September 1, 1977",hotpotqa,Shoshana Bean,0,False,train
5ab31c41554299233954ff0c-error,5ab31c41554299233954ff0c,1,2,"Also in 1997, Ann-Margret, who would later become famous for portraying Elphaba on Broadway in the musical ""Wicked"""","" starred in the Broadway Rose production of ""Bye Bye Birdie.""",1,"When was the actress who starred in the Broadway Rose production of ""Bye Bye Birdie"" born?","born September 1, 1977",hotpotqa,Broadway Rose Theatre Company,14,True,train
5ab31c41554299233954ff0c-error,5ab31c41554299233954ff0c,2,2,"Shoshana Elise Bean (born September 1, 1977) is an American stage actress, singer and songwriter known for her roles in Broadway musicals.",0,"When was the actress who starred in the Broadway Rose production of ""Bye Bye Birdie"" born?","born September 1, 1977",hotpotqa,Shoshana Bean,0,False,train
5a8243be5542990a1d231f7e-clean,5a8243be5542990a1d231f7e,1,4,"New York State Route 107 (NY 107) is a 17.07 mi state highway in Nassau County, New York, in the United States.",0,"The 17.07 mi state highway New York State Route 107 connects which city in New York with a population of about 27,000 as of 2010?",Glen Cove,hotpotqa,New York State Route 107,0,False,validation
5a8243be5542990a1d231f7e-clean,5a8243be5542990a1d231f7e,2,4,"The route begins at an intersection with Merrick Road (unsigned County Route 27 or CR 27) in Massapequa, serving several communities in the town of Oyster Bay before entering the city of Glen Cove and terminating at an intersection with Pulaski Street.",0,"The 17.07 mi state highway New York State Route 107 connects which city in New York with a population of about 27,000 as of 2010?",Glen Cove,hotpotqa,New York State Route 107,1,False,validation
5a8243be5542990a1d231f7e-clean,5a8243be5542990a1d231f7e,3,4,"Glen Cove is a city in Nassau County, New York on the North Shore of Long Island.",0,"The 17.07 mi state highway New York State Route 107 connects which city in New York with a population of about 27,000 as of 2010?",Glen Cove,hotpotqa,"Glen Cove, New York",0,False,validation
5a8243be5542990a1d231f7e-clean,5a8243be5542990a1d231f7e,4,4,"As of the United States 2010 Census, the city population was 26,964.",0,"The 17.07 mi state highway New York State Route 107 connects which city in New York with a population of about 27,000 as of 2010?",Glen Cove,hotpotqa,"Glen Cove, New York",1,False,validation
5a8243be5542990a1d231f7e-error,5a8243be5542990a1d231f7e,1,4,"New York State Route 107 (NY 107) is a 17.07 mi state highway in Nassau County, New York, in the United States.",0,"The 17.07 mi state highway New York State Route 107 connects which city in New York with a population of about 27,000 as of 2010?",Glen Cove,hotpotqa,New York State Route 107,0,False,validation
5a8243be5542990a1d231f7e-error,5a8243be5542990a1d231f7e,2,4,"The route begins at an intersection with Merrick Road (unsigned County Route 27 or CR 27) in Massapequa, serving several communities in the town of Oyster Bay before entering the city of Glen Cove and terminating at an intersection with Pulaski Street.",0,"The 17.07 mi state highway New York State Route 107 connects which city in New York with a population of about 27,000 as of 2010?",Glen Cove,hotpotqa,New York State Route 107,1,False,validation
5a8243be5542990a1d231f7e-error,5a8243be5542990a1d231f7e,3,4,"Glen Cove is a city in Nassau County, New York on the North Shore of Long Island.",0,"The 17.07 mi state highway New York State Route 107 connects which city in New York with a population of about 27,000 as of 2010?",Glen Cove,hotpotqa,"Glen Cove, New York",0,False,validation
5a8243be5542990a1d231f7e-error,5a8243be5542990a1d231f7e,4,4,"As of the United States 2012 Census, the city population was 26,964.",1,"The 17.07 mi state highway New York State Route 107 connects which city in New York with a population of about 27,000 as of 2010?",Glen Cove,hotpotqa,"Glen Cove, New York",1,True,validation
5ae3e56f5542994393b9e79d-clean,5ae3e56f5542994393b9e79d,1,3,The Laboratory for Energy Conversion (LEC) formerly known as Turbomachinery Laboratory (LSM) was founded in 1892 by Aurel Boleslav Stodola.,0,The Laboratory for Energy Conversion  is part of the engineering and math university in what country?,Switzerland,hotpotqa,Laboratory for Energy Conversion,0,False,train
5ae3e56f5542994393b9e79d-clean,5ae3e56f5542994393b9e79d,2,3,As part of the Federal Institute of Technology Zurich (ETH).,0,The Laboratory for Energy Conversion  is part of the engineering and math university in what country?,Switzerland,hotpotqa,Laboratory for Energy Conversion,1,False,train
5ae3e56f5542994393b9e79d-clean,5ae3e56f5542994393b9e79d,3,3,"ETH Zurich (Swiss Federal Institute of Technology in Zurich; German: ""Eidgenössische Technische Hochschule Zürich"" ) is a science, technology, engineering and mathematics university in the city of Zürich, Switzerland.",0,The Laboratory for Energy Conversion  is part of the engineering and math university in what country?,Switzerland,hotpotqa,ETH Zurich,0,False,train
5ae3e56f5542994393b9e79d-error,5ae3e56f5542994393b9e79d,1,3,The Laboratory for Energy Conversion (LEC) formerly known as Turbomachinery Laboratory (LSM) was founded in 1893 by Aurel Boleslav Stodola.,1,The Laboratory for Energy Conversion  is part of the engineering and math university in what country?,Switzerland,hotpotqa,Laboratory for Energy Conversion,0,True,train
5ae3e56f5542994393b9e79d-error,5ae3e56f5542994393b9e79d,2,3,As part of the Federal Institute of Technology Zurich (ETH).,0,The Laboratory for Energy Conversion  is part of the engineering and math university in what country?,Switzerland,hotpotqa,Laboratory for Energy Conversion,1,False,train
5ae3e56f5542994393b9e79d-error,5ae3e56f5542994393b9e79d,3,3,"ETH Zurich (Swiss Federal Institute of Technology in Zurich; German: ""Eidgenössische Technische Hochschule Zürich"" ) is a science, technology, engineering and mathematics university in the city of Zürich, Switzerland.",0,The Laboratory for Energy Conversion  is part of the engineering and math university in what country?,Switzerland,hotpotqa,ETH Zurich,0,False,train
5abc49635542993a06baf8cb-clean,5abc49635542993a06baf8cb,1,4,"Terrell Everett (born June 30, 1984) is an American professional basketball player for Lugano Tigers of the Championnat LNA.",0,Terrell Everett played college basketball for a men's NCAA Division I team that plays in what conference?,Big 12 Conference,hotpotqa,Terrell Everett,0,False,train
5abc49635542993a06baf8cb-clean,5abc49635542993a06baf8cb,2,4,He played college basketball for Missouri State-West Plains and Oklahoma.,0,Terrell Everett played college basketball for a men's NCAA Division I team that plays in what conference?,Big 12 Conference,hotpotqa,Terrell Everett,1,False,train
5abc49635542993a06baf8cb-clean,5abc49635542993a06baf8cb,3,4,The Oklahoma Sooners men's basketball team represents the University of Oklahoma in men's NCAA Division I basketball.,0,Terrell Everett played college basketball for a men's NCAA Division I team that plays in what conference?,Big 12 Conference,hotpotqa,Oklahoma Sooners men's basketball,0,False,train
5abc49635542993a06baf8cb-clean,5abc49635542993a06baf8cb,4,4,The Sooners play in the Big 12 Conference.,0,Terrell Everett played college basketball for a men's NCAA Division I team that plays in what conference?,Big 12 Conference,hotpotqa,Oklahoma Sooners men's basketball,1,False,train
5abc49635542993a06baf8cb-error,5abc49635542993a06baf8cb,1,4,"Terrell Everett (born June 30, 1984) is an American professional basketball player for Lugano Tigers of the Championnat LNA.",0,Terrell Everett played college basketball for a men's NCAA Division I team that plays in what conference?,Big 12 Conference,hotpotqa,Terrell Everett,0,False,train
5abc49635542993a06baf8cb-error,5abc49635542993a06baf8cb,2,4,He played college basketball for Missouri State-West Plains and Oklahoma.,0,Terrell Everett played college basketball for a men's NCAA Division I team that plays in what conference?,Big 12 Conference,hotpotqa,Terrell Everett,1,False,train
5abc49635542993a06baf8cb-error,5abc49635542993a06baf8cb,3,4,The Oklahoma Sooners men's basketball team represents the University of Oklahoma in men's NCAA Division I basketball.,0,Terrell Everett played college basketball for a men's NCAA Division I team that plays in what conference?,Big 12 Conference,hotpotqa,Oklahoma Sooners men's basketball,0,False,train
5abc49635542993a06baf8cb-error,5abc49635542993a06baf8cb,4,4,The Sooners play in the Big 14 Conference.,1,Terrell Everett played college basketball for a men's NCAA Division I team that plays in what conference?,Big 12 Conference,hotpotqa,Oklahoma Sooners men's basketball,1,True,train
5ae3fe515542995dadf2429e-clean,5ae3fe515542995dadf2429e,1,2,"He is recorded by Fordun, in his ""Scotichronicon"", and in ""Extracta ex variis Cronicis Scocie"" as ""Robertus de Lavedir 'the good'""",0,How far south-west of Inverness is the castle of which Robert Lauder of Quarrelwood was Captain located?,21 km,hotpotqa,Robert Lauder of Quarrelwood,1,False,validation
5ae3fe515542995dadf2429e-clean,5ae3fe515542995dadf2429e,2,2,"The castle is on the A82 road, 21 km south-west of Inverness and 2 km east of the village of Drumnadrochit.",0,How far south-west of Inverness is the castle of which Robert Lauder of Quarrelwood was Captain located?,21 km,hotpotqa,Urquhart Castle,1,False,validation
5ae3fe515542995dadf2429e-error,5ae3fe515542995dadf2429e,1,2,"He is recorded by Fordun, in his ""Scotichronicon"", and in ""Extracta ex variis Cronicis Scocie"" as ""Robertus de Lavedir 'the good'""",0,How far south-west of Inverness is the castle of which Robert Lauder of Quarrelwood was Captain located?,21 km,hotpotqa,Robert Lauder of Quarrelwood,1,False,validation
5ae3fe515542995dadf2429e-error,5ae3fe515542995dadf2429e,2,2,"The castle is on the A82 road, 23 km south-west of Inverness and 2 km east of the village of Drumnadrochit.",1,How far south-west of Inverness is the castle of which Robert Lauder of Quarrelwood was Captain located?,21 km,hotpotqa,Urquhart Castle,1,True,validation
5ac326af554299657fa290ea-clean,5ac326af554299657fa290ea,1,2,It was also used in the mid-engined rear-wheel drive Pontiac Fiero.,0,What rear wheel drive car used the getrag 282 transmission?,Pontiac Fiero,hotpotqa,Getrag 282 transmission,3,False,test
5ac326af554299657fa290ea-clean,5ac326af554299657fa290ea,2,2,"The Fiero was the first two-seater Pontiac since the 1926 to 1938 coupes, and also the first and only mass-produced mid-engine sports car by a U.S. manufacturer.",0,What rear wheel drive car used the getrag 282 transmission?,Pontiac Fiero,hotpotqa,Pontiac Fiero,2,False,test
5ac326af554299657fa290ea-error,5ac326af554299657fa290ea,1,2,It was also used in the mid-engined rear-wheel drive Pontiac Fiero.,0,What rear wheel drive car used the getrag 282 transmission?,Pontiac Fiero,hotpotqa,Getrag 282 transmission,3,False,test
5ac326af554299657fa290ea-error,5ac326af554299657fa290ea,2,2,"The Fiero was the first two-seater Pontiac since the 1929 to 1938 coupes, and also the first and only mass-produced mid-engine sports car by a U.S. manufacturer.",1,What rear wheel drive car used the getrag 282 transmission?,Pontiac Fiero,hotpotqa,Pontiac Fiero,2,True,test
5aba8bcb55429901930fa826-clean,5aba8bcb55429901930fa826,1,2,"The Piano Concerto No. 4 in D minor, Op. 70, by Anton Rubinstein is a Romantic concerto that was once highly esteemed and was in the repertoire of the Russian and Polish piano virtuosos Sergei Rachmaninoff and Ignacy Jan Paderewski.",0,Who is a Polish politician that was also famous for performing Piano Concerto No. 4 by Anton Rubinstein?,Ignacy Jan Paderewski,hotpotqa,Piano Concerto No. 4 (Rubinstein),0,False,train
5aba8bcb55429901930fa826-clean,5aba8bcb55429901930fa826,2,2,"Ignacy Jan Paderewski, GBE (] ; 18 November [O.S. 6 November] 1860  – 29 June 1941) was a Polish pianist and composer, politician and spokesman for Polish independence.",0,Who is a Polish politician that was also famous for performing Piano Concerto No. 4 by Anton Rubinstein?,Ignacy Jan Paderewski,hotpotqa,Ignacy Jan Paderewski,0,False,train
5aba8bcb55429901930fa826-error,5aba8bcb55429901930fa826,1,2,"The Piano Concerto No. 4 in D minor, Op. 70, by Anton Rubinstein is a Romantic concerto that was once highly esteemed and was in the repertoire of the Russian and Polish piano virtuosos Sergei Rachmaninoff and Ignacy Jan Paderewski.",0,Who is a Polish politician that was also famous for performing Piano Concerto No. 4 by Anton Rubinstein?,Ignacy Jan Paderewski,hotpotqa,Piano Concerto No. 4 (Rubinstein),0,False,train
5aba8bcb55429901930fa826-error,5aba8bcb55429901930fa826,2,2,"Mariela Cingo, GBE (] ; 18 November [O.S. 6 November] 1860  – 29 June 1941) was a Polish pianist and composer, politician and spokesman for Polish independence.",1,Who is a Polish politician that was also famous for performing Piano Concerto No. 4 by Anton Rubinstein?,Ignacy Jan Paderewski,hotpotqa,Ignacy Jan Paderewski,0,True,train
5a8b53225542997f31a41cda-clean,5a8b53225542997f31a41cda,1,3,"It stars Cheech Marin, Tommy Chong, Paul Reubens, Stacy Keach, Evelyn Guerrero, Sandra Bernhard, and Timothy Leary.",0,"Nice Dreams  an American model, actress, comedian, singer, and author, who portrayed Nancy Bartlett on what sitcom?",Roseanne,hotpotqa,Nice Dreams,1,False,test
5a8b53225542997f31a41cda-clean,5a8b53225542997f31a41cda,2,3,"Sandra Bernhard (born June 6, 1955) is an American model, actress, comedian, singer and author.",0,"Nice Dreams  an American model, actress, comedian, singer, and author, who portrayed Nancy Bartlett on what sitcom?",Roseanne,hotpotqa,Sandra Bernhard,0,False,test
5a8b53225542997f31a41cda-clean,5a8b53225542997f31a41cda,3,3,"Bernhard is best known as portraying Nancy Barlett Thomas on the ABC sitcom ""Roseanne"" beginning in the fourth season (1991) until the show ended in 1997.",0,"Nice Dreams  an American model, actress, comedian, singer, and author, who portrayed Nancy Bartlett on what sitcom?",Roseanne,hotpotqa,Sandra Bernhard,2,False,test
5a8b53225542997f31a41cda-error,5a8b53225542997f31a41cda,1,3,"It stars Cheech Marin, Tommy Chong, Paul Reubens, Stacy Keach, Evelyn Guerrero, Maytee Martinez, and Timothy Leary.",1,"Nice Dreams  an American model, actress, comedian, singer, and author, who portrayed Nancy Bartlett on what sitcom?",Roseanne,hotpotqa,Nice Dreams,1,True,test
5a8b53225542997f31a41cda-error,5a8b53225542997f31a41cda,2,3,"Sandra Bernhard (born June 6, 1955) is an American model, actress, comedian, singer and author.",0,"Nice Dreams  an American model, actress, comedian, singer, and author, who portrayed Nancy Bartlett on what sitcom?",Roseanne,hotpotqa,Sandra Bernhard,0,False,test
5a8b53225542997f31a41cda-error,5a8b53225542997f31a41cda,3,3,"Bernhard is best known as portraying Nancy Barlett Thomas on the ABC sitcom ""Roseanne"" beginning in the fourth season (1991) until the show ended in 1997.",0,"Nice Dreams  an American model, actress, comedian, singer, and author, who portrayed Nancy Bartlett on what sitcom?",Roseanne,hotpotqa,Sandra Bernhard,2,False,test
5ac4efa755429924173fb4ed-clean,5ac4efa755429924173fb4ed,1,2,"Overachievers (Chinese: 名門暗戰) is a 30-episode Hong Kong television drama produced by Marco Law for TVB and stars Wayne Lai, Raymond Wong Ho-yin, Edwin Siu, Power Chan, Raymond Cho, Nancy Wu and Maggie Shiu.",0,In What country was actor Nancy Wu born in?,Hong Kong,hotpotqa,Overachievers,0,False,train
5ac4efa755429924173fb4ed-clean,5ac4efa755429924173fb4ed,2,2,"Nancy Wu () (born September 9, 1981) is a Hong Kong actress contracted to TVB.",0,In What country was actor Nancy Wu born in?,Hong Kong,hotpotqa,Nancy Wu,0,False,train
5ac4efa755429924173fb4ed-error,5ac4efa755429924173fb4ed,1,2,"Overachievers (Chinese: 名門暗戰) is a 30-episode Hong Kong television drama produced by Marco Law for TVB and stars Wayne Lai, Raymond Wong Ho-yin, Edwin Siu, Power Chan, Raymond Cho, Nancy Wu and Maggie Shiu.",0,In What country was actor Nancy Wu born in?,Hong Kong,hotpotqa,Overachievers,0,False,train
5ac4efa755429924173fb4ed-error,5ac4efa755429924173fb4ed,2,2,"Nancy Wu () (born September 9, 1984) is a Hong Kong actress contracted to TVB.",1,In What country was actor Nancy Wu born in?,Hong Kong,hotpotqa,Nancy Wu,0,True,train
5ade79f05542997c77adee39-clean,5ade79f05542997c77adee39,1,2,"The song ""2 Wicky"" was featured in the movies ""Stealing Beauty"" by Italian director Bernardo Bertolucci, ""I Know What You Did Last Summer,"" and ""Permanent Midnight"".",0,"A New Stereophonic Sound Spectacular is the first album by the Belgian band Hooverphonic when the band was only known as ""Hoover"", which song, was featured in the movies ""Stealing Beauty"", a 1996 drama?",2 Wicky,hotpotqa,A New Stereophonic Sound Spectacular,2,False,train
5ade79f05542997c77adee39-clean,5ade79f05542997c77adee39,2,2,"Stealing Beauty (French: ""Beauté volée"" ; Italian: ""Io ballo da sola"" ) is a 1996 drama film directed by Bernardo Bertolucci and starring Liv Tyler, Joseph Fiennes, Jeremy Irons, Sinéad Cusack, and Rachel Weisz.",0,"A New Stereophonic Sound Spectacular is the first album by the Belgian band Hooverphonic when the band was only known as ""Hoover"", which song, was featured in the movies ""Stealing Beauty"", a 1996 drama?",2 Wicky,hotpotqa,Stealing Beauty,0,False,train
5ade79f05542997c77adee39-error,5ade79f05542997c77adee39,1,2,"The song ""2 Wicky"" was featured in the movies ""Stealing Beauty"" by Italian director Bernardo Bertolucci, ""I Know What You Did Last Summer,"" and ""Permanent Midnight"".",0,"A New Stereophonic Sound Spectacular is the first album by the Belgian band Hooverphonic when the band was only known as ""Hoover"", which song, was featured in the movies ""Stealing Beauty"", a 1996 drama?",2 Wicky,hotpotqa,A New Stereophonic Sound Spectacular,2,False,train
5ade79f05542997c77adee39-error,5ade79f05542997c77adee39,2,2,"Stealing Beauty (French: ""Beauté volée"" ; Italian: ""Io ballo da sola"" ) is a 1998 drama film directed by Bernardo Bertolucci and starring Liv Tyler, Joseph Fiennes, Jeremy Irons, Sinéad Cusack, and Rachel Weisz.",1,"A New Stereophonic Sound Spectacular is the first album by the Belgian band Hooverphonic when the band was only known as ""Hoover"", which song, was featured in the movies ""Stealing Beauty"", a 1996 drama?",2 Wicky,hotpotqa,Stealing Beauty,0,True,train
5a90beb355429916514e754f-clean,5a90beb355429916514e754f,1,3,"""That's My Pa"" is a 1962 single by Sheb Wooley.",0,Who did the singer of That's My Pa play in High Noon?,Ben Miller,hotpotqa,That's My Pa,0,False,train
5a90beb355429916514e754f-clean,5a90beb355429916514e754f,2,3,"Shelby Fredrick ""Sheb"" Wooley (April 10, 1921 – September 16, 2003) was a character actor and singer, best known for his 1958 novelty song ""The Purple People Eater.""",0,Who did the singer of That's My Pa play in High Noon?,Ben Miller,hotpotqa,Sheb Wooley,0,False,train
5a90beb355429916514e754f-clean,5a90beb355429916514e754f,3,3,"He played Ben Miller, brother of Frank Miller, in the film ""High Noon""; played Travis Cobb in ""The Outlaw Josey Wales""; and also had a co-starring role as scout Pete Nolan in the television series ""Rawhide.""",0,Who did the singer of That's My Pa play in High Noon?,Ben Miller,hotpotqa,Sheb Wooley,1,False,train
5a90beb355429916514e754f-error,5a90beb355429916514e754f,1,3,"""That's My Pa"" is a 1962 single by Dimitri Tiomkin.",1,Who did the singer of That's My Pa play in High Noon?,Ben Miller,hotpotqa,That's My Pa,0,True,train
5a90beb355429916514e754f-error,5a90beb355429916514e754f,2,3,"Shelby Fredrick ""Sheb"" Wooley (April 10, 1921 – September 16, 2003) was a character actor and singer, best known for his 1958 novelty song ""The Purple People Eater.""",0,Who did the singer of That's My Pa play in High Noon?,Ben Miller,hotpotqa,Sheb Wooley,0,False,train
5a90beb355429916514e754f-error,5a90beb355429916514e754f,3,3,"He played Ben Miller, brother of Frank Miller, in the film ""High Noon""; played Travis Cobb in ""The Outlaw Josey Wales""; and also had a co-starring role as scout Pete Nolan in the television series ""Rawhide.""",0,Who did the singer of That's My Pa play in High Noon?,Ben Miller,hotpotqa,Sheb Wooley,1,False,train
5a75293e55429929fddd850f-clean,5a75293e55429929fddd850f,1,2,"Shantaram is a 2003 novel by Gregory David Roberts, in which a convicted Australian bank robber and heroin addict who escaped from Pentridge Prison flees to India.",0,"Who is the author of the book based on the prison established in 1851 in Coburg, Victoria?",Gregory David Roberts,hotpotqa,Shantaram (novel),0,False,train
5a75293e55429929fddd850f-clean,5a75293e55429929fddd850f,2,2,"Her Majesty's Prison Pentridge was an Australian prison that was first established in 1851 in Coburg, Victoria.",0,"Who is the author of the book based on the prison established in 1851 in Coburg, Victoria?",Gregory David Roberts,hotpotqa,HM Prison Pentridge,0,False,train
5a75293e55429929fddd850f-error,5a75293e55429929fddd850f,1,2,"Shantaram is a 2003 novel by Gregory David Roberts, in which a convicted Australian bank robber and heroin addict who escaped from Pentridge Prison flees to India.",0,"Who is the author of the book based on the prison established in 1851 in Coburg, Victoria?",Gregory David Roberts,hotpotqa,Shantaram (novel),0,False,train
5a75293e55429929fddd850f-error,5a75293e55429929fddd850f,2,2,"Her Majesty's Prison Pentridge was an Australian prison that was first established in 1853 in Coburg, Victoria.",1,"Who is the author of the book based on the prison established in 1851 in Coburg, Victoria?",Gregory David Roberts,hotpotqa,HM Prison Pentridge,0,True,train
5a7330455542991f9a20c677-clean,5a7330455542991f9a20c677,1,2,"The flight was last active as the 310th Air Refueling Squadron in October 1994, when it was assigned to the 380th Air Refueling Wing at Plattsburgh Air Force Base.",0,Which city was the 310th Expeditionary Air Refeuling Flight assigned in 1994?,"Plattsburgh, New York",hotpotqa,310th Air Refueling Squadron,1,False,test
5a7330455542991f9a20c677-clean,5a7330455542991f9a20c677,2,2,"Plattsburgh Air Force Base is a former United States Air Force Strategic Air Command (SAC) base covering 3,447 acres (13.7 km²) in the extreme northeast corner of New York, 20 miles (32 km) south of the Canada–United States border, located on the western shore of Lake Champlain opposite Burlington, Vermont, in the city of Plattsburgh, New York.",0,Which city was the 310th Expeditionary Air Refeuling Flight assigned in 1994?,"Plattsburgh, New York",hotpotqa,Plattsburgh Air Force Base,0,False,test
5a7330455542991f9a20c677-error,5a7330455542991f9a20c677,1,2,"The flight was last active as the 310th Air Refueling Squadron in October 1994, when it was assigned to the 380th Air Refueling Wing at Plattsburgh Air Force Base.",0,Which city was the 310th Expeditionary Air Refeuling Flight assigned in 1994?,"Plattsburgh, New York",hotpotqa,310th Air Refueling Squadron,1,False,test
5a7330455542991f9a20c677-error,5a7330455542991f9a20c677,2,2,"Plattsburgh Air Force Base is a former United States Air Force Strategic Air Command (SAC) base covering 3,447 acres (13.7 km²) in the extreme northeast corner of New York, 23 miles (32 km) south of the Canada–United States border, located on the western shore of Lake Champlain opposite Burlington, Vermont, in the city of Plattsburgh, New York.",1,Which city was the 310th Expeditionary Air Refeuling Flight assigned in 1994?,"Plattsburgh, New York",hotpotqa,Plattsburgh Air Force Base,0,True,test
5ab25db35542993be8fa98e5-clean,5ab25db35542993be8fa98e5,1,2,"Craig Goldy (born November 6, 1961) is an American guitarist, most notably of the band Dio.",0,Craig Goldy is a guitarist in what American heavy metal band that was formed in 1982?,Dio,hotpotqa,Craig Goldy,0,False,test
5ab25db35542993be8fa98e5-clean,5ab25db35542993be8fa98e5,2,2,"Dio was an American heavy metal band formed in 1982 and led by vocalist Ronnie James Dio, after he left Black Sabbath with intentions to form a new band with fellow former Black Sabbath member Vinny Appice, the band's drummer.",0,Craig Goldy is a guitarist in what American heavy metal band that was formed in 1982?,Dio,hotpotqa,Dio (band),0,False,test
5ab25db35542993be8fa98e5-error,5ab25db35542993be8fa98e5,1,2,"Craig Goldy (born November 6, 1961) is an American guitarist, most notably of the band Dio.",0,Craig Goldy is a guitarist in what American heavy metal band that was formed in 1982?,Dio,hotpotqa,Craig Goldy,0,False,test
5ab25db35542993be8fa98e5-error,5ab25db35542993be8fa98e5,2,2,"Dio was an American heavy metal band formed in 1985 and led by vocalist Ronnie James Dio, after he left Black Sabbath with intentions to form a new band with fellow former Black Sabbath member Vinny Appice, the band's drummer.",1,Craig Goldy is a guitarist in what American heavy metal band that was formed in 1982?,Dio,hotpotqa,Dio (band),0,True,test
5a8278bb55429940e5e1a8c5-clean,5a8278bb55429940e5e1a8c5,1,4,"Ryu Soo-young (born Eo Nam-seon on September 5, 1979) is a South Korean actor.",0,What is the name of this South Korean film that was a remake from a 1985 movie and starred a south korean actor who made his first appearance on television as a college student on a cooking show?,Summertime,hotpotqa,Ryu Soo-young,0,False,train
5a8278bb55429940e5e1a8c5-clean,5a8278bb55429940e5e1a8c5,2,4,"He made his first appearance on television as a college student on a cooking show in 1998, then starred in the controversial film ""Summertime"" (2001).",0,What is the name of this South Korean film that was a remake from a 1985 movie and starred a south korean actor who made his first appearance on television as a college student on a cooking show?,Summertime,hotpotqa,Ryu Soo-young,1,False,train
5a8278bb55429940e5e1a8c5-clean,5a8278bb55429940e5e1a8c5,3,4,"Summertime (Hangul: 썸머타임 ; RR: ""Sseommeotaim "" ) is a 2001 South Korean film directed by Park Jae-ho and starring Ryu Soo-young and Kim Ji-hyun.",0,What is the name of this South Korean film that was a remake from a 1985 movie and starred a south korean actor who made his first appearance on television as a college student on a cooking show?,Summertime,hotpotqa,Summertime (2001 film),0,False,train
5a8278bb55429940e5e1a8c5-clean,5a8278bb55429940e5e1a8c5,4,4,"A remake of the controversial Philippine film ""Scorpio Nights"" (1985), the film was also inspired by the Gwangju massacre.",0,What is the name of this South Korean film that was a remake from a 1985 movie and starred a south korean actor who made his first appearance on television as a college student on a cooking show?,Summertime,hotpotqa,Summertime (2001 film),1,False,train
5a8278bb55429940e5e1a8c5-error,5a8278bb55429940e5e1a8c5,1,4,"Ryu Soo-young (born Eo Nam-seon on September 5, 1979) is a South Korean actor.",0,What is the name of this South Korean film that was a remake from a 1985 movie and starred a south korean actor who made his first appearance on television as a college student on a cooking show?,Summertime,hotpotqa,Ryu Soo-young,0,False,train
5a8278bb55429940e5e1a8c5-error,5a8278bb55429940e5e1a8c5,2,4,"He made his first appearance on television as a college student on a cooking show in 1998, then starred in the controversial film ""Summertime"" (2001).",0,What is the name of this South Korean film that was a remake from a 1985 movie and starred a south korean actor who made his first appearance on television as a college student on a cooking show?,Summertime,hotpotqa,Ryu Soo-young,1,False,train
5a8278bb55429940e5e1a8c5-error,5a8278bb55429940e5e1a8c5,3,4,"Summertime (Hangul: 썸머타임 ; RR: ""Sseommeotaim "" ) is a 2001 South Korean film directed by Park Jae-ho and starring Nadia G and Kim Ji-hyun.",1,What is the name of this South Korean film that was a remake from a 1985 movie and starred a south korean actor who made his first appearance on television as a college student on a cooking show?,Summertime,hotpotqa,Summertime (2001 film),0,True,train
5a8278bb55429940e5e1a8c5-error,5a8278bb55429940e5e1a8c5,4,4,"A remake of the controversial Philippine film ""Scorpio Nights"" (1985), the film was also inspired by the Gwangju massacre.",0,What is the name of this South Korean film that was a remake from a 1985 movie and starred a south korean actor who made his first appearance on television as a college student on a cooking show?,Summertime,hotpotqa,Summertime (2001 film),1,False,train
5ae63ffb55429908198fa548-clean,5ae63ffb55429908198fa548,1,2,"""Sk8er Boi"" ( , ""skater boy"") is a song by Canadian singer-songwriter Avril Lavigne, released as the second single from her debut album, ""Let Go"" (2002).",0,"""Sk8er Boi"", is a song by Canadian singer-songwriter Avril Lavigne, released as the second single from her debut album, ""Let Go"", the debut studio album, released in which year? ",2002,hotpotqa,Sk8er Boi,0,False,train
5ae63ffb55429908198fa548-clean,5ae63ffb55429908198fa548,2,2,"Let Go is the debut studio album by Canadian singer-songwriter Avril Lavigne, released on 4 June 2002.",0,"""Sk8er Boi"", is a song by Canadian singer-songwriter Avril Lavigne, released as the second single from her debut album, ""Let Go"", the debut studio album, released in which year? ",2002,hotpotqa,Let Go (Avril Lavigne album),0,False,train
5ae63ffb55429908198fa548-error,5ae63ffb55429908198fa548,1,2,"""Sk8er Boi"" ( , ""skater boy"") is a song by Canadian singer-songwriter Avril Lavigne, released as the second single from her debut album, ""I'm with You"" (2002).",1,"""Sk8er Boi"", is a song by Canadian singer-songwriter Avril Lavigne, released as the second single from her debut album, ""Let Go"", the debut studio album, released in which year? ",2002,hotpotqa,Sk8er Boi,0,True,train
5ae63ffb55429908198fa548-error,5ae63ffb55429908198fa548,2,2,"Let Go is the debut studio album by Canadian singer-songwriter Avril Lavigne, released on 4 June 2002.",0,"""Sk8er Boi"", is a song by Canadian singer-songwriter Avril Lavigne, released as the second single from her debut album, ""Let Go"", the debut studio album, released in which year? ",2002,hotpotqa,Let Go (Avril Lavigne album),0,False,train
5aba853a55429901930fa7fb-clean,5aba853a55429901930fa7fb,1,2,"His TV credits include NBC's ""30 Rock"" and ""Saturday Night Live"", HBO's ""Crashing"", Netflix's ""Unbreakable Kimmy Schmidt"", ""Bloodline"", ""Master of None"", and AMC's ""The Walking Dead"".",0,"Nicholas Francis Bernardone, is an American writer, comedian, director, his TV credits include which American Netflix original thriller–drama web television series created by Todd A. Kessler, Glenn Kessler, and Daniel Zelman, and produced by Sony Pictures Television?",Bloodline,hotpotqa,Nick Bernardone,1,False,train
5aba853a55429901930fa7fb-clean,5aba853a55429901930fa7fb,2,2,"Bloodline is an American Netflix original thriller–drama web television series created by Todd A. Kessler, Glenn Kessler, and Daniel Zelman, and produced by Sony Pictures Television.",0,"Nicholas Francis Bernardone, is an American writer, comedian, director, his TV credits include which American Netflix original thriller–drama web television series created by Todd A. Kessler, Glenn Kessler, and Daniel Zelman, and produced by Sony Pictures Television?",Bloodline,hotpotqa,Bloodline (TV series),0,False,train
5aba853a55429901930fa7fb-error,5aba853a55429901930fa7fb,1,2,"His TV credits include NBC's ""31 Rock"" and ""Saturday Night Live"", HBO's ""Crashing"", Netflix's ""Unbreakable Kimmy Schmidt"", ""Bloodline"", ""Master of None"", and AMC's ""The Walking Dead"".",1,"Nicholas Francis Bernardone, is an American writer, comedian, director, his TV credits include which American Netflix original thriller–drama web television series created by Todd A. Kessler, Glenn Kessler, and Daniel Zelman, and produced by Sony Pictures Television?",Bloodline,hotpotqa,Nick Bernardone,1,True,train
5aba853a55429901930fa7fb-error,5aba853a55429901930fa7fb,2,2,"Bloodline is an American Netflix original thriller–drama web television series created by Todd A. Kessler, Glenn Kessler, and Daniel Zelman, and produced by Sony Pictures Television.",0,"Nicholas Francis Bernardone, is an American writer, comedian, director, his TV credits include which American Netflix original thriller–drama web television series created by Todd A. Kessler, Glenn Kessler, and Daniel Zelman, and produced by Sony Pictures Television?",Bloodline,hotpotqa,Bloodline (TV series),0,False,train
5ab8ef895542991b5579f05d-clean,5ab8ef895542991b5579f05d,1,2,The emperors Titus and Domitian were his cousins.,0,Titus Flavius Clemens was a cousin to the Roman emperor who ruled during what years?,81 to 96,hotpotqa,Titus Flavius Clemens (consul),2,False,validation
5ab8ef895542991b5579f05d-clean,5ab8ef895542991b5579f05d,2,2,"Domitian ( ; Latin: ""Titus Flavius Caesar Domitianus Augustus"" ; 24 October 51 – 18 September 96) was Roman emperor from 81 to 96.",0,Titus Flavius Clemens was a cousin to the Roman emperor who ruled during what years?,81 to 96,hotpotqa,Domitian,0,False,validation
5ab8ef895542991b5579f05d-error,5ab8ef895542991b5579f05d,1,2,The emperors Titus and Domitian were his cousins.,0,Titus Flavius Clemens was a cousin to the Roman emperor who ruled during what years?,81 to 96,hotpotqa,Titus Flavius Clemens (consul),2,False,validation
5ab8ef895542991b5579f05d-error,5ab8ef895542991b5579f05d,2,2,"Domitian ( ; Latin: ""Titus Flavius Caesar Domitianus Augustus"" ; 24 October 54 – 18 September 96) was Roman emperor from 81 to 96.",1,Titus Flavius Clemens was a cousin to the Roman emperor who ruled during what years?,81 to 96,hotpotqa,Domitian,0,True,validation
5a7ea45c5542994959419a3e-clean,5a7ea45c5542994959419a3e,1,2,"The carrier operated a mixed fleet of Beechcraft 1900, Piper Navajo Chieftains, Beech 99 Airliners, and also occasionally utilized a Beech King Air 90 as a back-up aircraft.",0,"What was an American regional airline called when it was founded in 1982, that company acquired a carrier operated a mixed fleet of Beechcraft 1900, Piper Navajo Chieftains, Beech 99 Airliners, and also occasionally utilized a Beech King Air 90 as a back-up aircraft?",Atlantic Air,hotpotqa,Mall Airways,1,False,test
5a7ea45c5542994959419a3e-clean,5a7ea45c5542994959419a3e,2,2,"Business Express Airlines (IATA: HQ) , often referred to as Business Express or BizEX, was an American regional airline founded as Atlantic Air in 1982.",0,"What was an American regional airline called when it was founded in 1982, that company acquired a carrier operated a mixed fleet of Beechcraft 1900, Piper Navajo Chieftains, Beech 99 Airliners, and also occasionally utilized a Beech King Air 90 as a back-up aircraft?",Atlantic Air,hotpotqa,Business Express Airlines,0,False,test
5a7ea45c5542994959419a3e-error,5a7ea45c5542994959419a3e,1,2,"The carrier operated a mixed fleet of Beechcraft 1900, Piper Navajo Chieftains, Beech 99 Airliners, and also occasionally utilized a Beech King Air 92 as a back-up aircraft.",1,"What was an American regional airline called when it was founded in 1982, that company acquired a carrier operated a mixed fleet of Beechcraft 1900, Piper Navajo Chieftains, Beech 99 Airliners, and also occasionally utilized a Beech King Air 90 as a back-up aircraft?",Atlantic Air,hotpotqa,Mall Airways,1,True,test
5a7ea45c5542994959419a3e-error,5a7ea45c5542994959419a3e,2,2,"Business Express Airlines (IATA: HQ) , often referred to as Business Express or BizEX, was an American regional airline founded as Atlantic Air in 1982.",0,"What was an American regional airline called when it was founded in 1982, that company acquired a carrier operated a mixed fleet of Beechcraft 1900, Piper Navajo Chieftains, Beech 99 Airliners, and also occasionally utilized a Beech King Air 90 as a back-up aircraft?",Atlantic Air,hotpotqa,Business Express Airlines,0,False,test
5a89e8075542992e4fca846e-clean,5a89e8075542992e4fca846e,1,2,Woodward Avenue starts in the center of downtown Detroit and ends in the city of Pontiac.,0,What was the population of the city where Woodward Avenue ends in 2010?,"59,515",hotpotqa,Woodward Corridor,2,False,train
5a89e8075542992e4fca846e-clean,5a89e8075542992e4fca846e,2,2,"As of the 2010 census, the city had a total population of 59,515.",0,What was the population of the city where Woodward Avenue ends in 2010?,"59,515",hotpotqa,"Pontiac, Michigan",1,False,train
5a89e8075542992e4fca846e-error,5a89e8075542992e4fca846e,1,2,Woodward Avenue starts in the center of downtown Detroit and ends in the city of Pontiac.,0,What was the population of the city where Woodward Avenue ends in 2010?,"59,515",hotpotqa,Woodward Corridor,2,False,train
5a89e8075542992e4fca846e-error,5a89e8075542992e4fca846e,2,2,"As of the 2011 census, the city had a total population of 59,515.",1,What was the population of the city where Woodward Avenue ends in 2010?,"59,515",hotpotqa,"Pontiac, Michigan",1,True,train
5a77879c55429949eeb29ed2-clean,5a77879c55429949eeb29ed2,1,2,"A fictional Navy drama set in the Pacific during World War II, it was directed by Edward Dmytryk and produced by Stanley Kramer, and stars Humphrey Bogart, José Ferrer, Van Johnson, and Fred MacMurray.",0,"which star of The Caine Mutiny was born on August 25, 1916 ?",Van Johnson,hotpotqa,The Caine Mutiny (film),1,False,validation
5a77879c55429949eeb29ed2-clean,5a77879c55429949eeb29ed2,2,2,"Charles Van Dell Johnson ( ; August 25, 1916 – December 12, 2008) was an American film and television actor and dancer who was a major star at Metro-Goldwyn-Mayer during and after World War II.",0,"which star of The Caine Mutiny was born on August 25, 1916 ?",Van Johnson,hotpotqa,Van Johnson,0,False,validation
5a77879c55429949eeb29ed2-error,5a77879c55429949eeb29ed2,1,2,"A fictional Navy drama set in the Pacific during World War II, it was directed by Edward Dmytryk and produced by Stanley Kramer, and stars Humphrey Bogart, José Ferrer, Alberta Gallatin, and Fred MacMurray.",1,"which star of The Caine Mutiny was born on August 25, 1916 ?",Van Johnson,hotpotqa,The Caine Mutiny (film),1,True,validation
5a77879c55429949eeb29ed2-error,5a77879c55429949eeb29ed2,2,2,"Charles Van Dell Johnson ( ; August 25, 1916 – December 12, 2008) was an American film and television actor and dancer who was a major star at Metro-Goldwyn-Mayer during and after World War II.",0,"which star of The Caine Mutiny was born on August 25, 1916 ?",Van Johnson,hotpotqa,Van Johnson,0,False,validation
5add381f5542990dbb2f7dcf-clean,5add381f5542990dbb2f7dcf,1,2,"The Trojans were led by third-year head coach Lane Kiffin, played their home games at Los Angeles Memorial Coliseum, and were members of the South Division of the Pac-12 Conference.",0,"At which university is the American football coach, who coached the 2012 USC Trojans football team, currently head football coach?",Florida Atlantic University,hotpotqa,2012 USC Trojans football team,1,False,test
5add381f5542990dbb2f7dcf-clean,5add381f5542990dbb2f7dcf,2,2,"Lane Monte Kiffin (born May 9, 1975) is an American football coach who is currently the head football coach at Florida Atlantic University.",0,"At which university is the American football coach, who coached the 2012 USC Trojans football team, currently head football coach?",Florida Atlantic University,hotpotqa,Lane Kiffin,0,False,test
5add381f5542990dbb2f7dcf-error,5add381f5542990dbb2f7dcf,1,2,"The Trojans were led by third-year head coach Lane Kiffin, played their home games at Los Angeles Memorial Coliseum, and were members of the South Division of the Pac-12 Conference.",0,"At which university is the American football coach, who coached the 2012 USC Trojans football team, currently head football coach?",Florida Atlantic University,hotpotqa,2012 USC Trojans football team,1,False,test
5add381f5542990dbb2f7dcf-error,5add381f5542990dbb2f7dcf,2,2,"Lane Monte Kiffin (born May 9, 1977) is an American football coach who is currently the head football coach at Florida Atlantic University.",1,"At which university is the American football coach, who coached the 2012 USC Trojans football team, currently head football coach?",Florida Atlantic University,hotpotqa,Lane Kiffin,0,True,test
5abe455055429976d4830ace-clean,5abe455055429976d4830ace,1,4,"Double Income, No Kids Yet is a British radio sitcom written by David Spicer and originally broadcast on BBC Radio 4 from June 2001 to November 2003.",0,"What is the name of the Scottish actor who has played the part of 'Doctor Who', and who played the part of Daniel in a British radio sitcom as part of a childless couple?",David Tennant,hotpotqa,"Double Income, No Kids Yet",0,False,validation
5abe455055429976d4830ace-clean,5abe455055429976d4830ace,2,4,"There were three series of six episodes each starring David Tennant as Daniel and Elizabeth Carling as Lucy, a childless couple in a world of people with children.",0,"What is the name of the Scottish actor who has played the part of 'Doctor Who', and who played the part of Daniel in a British radio sitcom as part of a childless couple?",David Tennant,hotpotqa,"Double Income, No Kids Yet",1,False,validation
5abe455055429976d4830ace-clean,5abe455055429976d4830ace,3,4,David Tennant (born David John McDonald; 18 April 1971) is a Scottish actor and voice actor.,0,"What is the name of the Scottish actor who has played the part of 'Doctor Who', and who played the part of Daniel in a British radio sitcom as part of a childless couple?",David Tennant,hotpotqa,David Tennant,0,False,validation
5abe455055429976d4830ace-clean,5abe455055429976d4830ace,4,4,"He is best known for his roles as the Tenth Doctor in the British television series ""Doctor Who"", Alec Hardy in ""Broadchurch"", Giacomo Casanova in the TV serial ""Casanova"", Kilgrave in ""Jessica Jones"", and Barty Crouch, Jr.",0,"What is the name of the Scottish actor who has played the part of 'Doctor Who', and who played the part of Daniel in a British radio sitcom as part of a childless couple?",David Tennant,hotpotqa,David Tennant,1,False,validation
5abe455055429976d4830ace-error,5abe455055429976d4830ace,1,4,"Double Income, No Kids Yet is a British radio sitcom written by David Spicer and originally broadcast on BBC Radio 4 from June 2001 to November 2003.",0,"What is the name of the Scottish actor who has played the part of 'Doctor Who', and who played the part of Daniel in a British radio sitcom as part of a childless couple?",David Tennant,hotpotqa,"Double Income, No Kids Yet",0,False,validation
5abe455055429976d4830ace-error,5abe455055429976d4830ace,2,4,"There were three series of six episodes each starring David Tennant as Daniel and Elizabeth Carling as Lucy, a childless couple in a world of people with children.",0,"What is the name of the Scottish actor who has played the part of 'Doctor Who', and who played the part of Daniel in a British radio sitcom as part of a childless couple?",David Tennant,hotpotqa,"Double Income, No Kids Yet",1,False,validation
5abe455055429976d4830ace-error,5abe455055429976d4830ace,3,4,Peter Birrel (born David John McDonald; 18 April 1971) is a Scottish actor and voice actor.,1,"What is the name of the Scottish actor who has played the part of 'Doctor Who', and who played the part of Daniel in a British radio sitcom as part of a childless couple?",David Tennant,hotpotqa,David Tennant,0,True,validation
5abe455055429976d4830ace-error,5abe455055429976d4830ace,4,4,"He is best known for his roles as the Tenth Doctor in the British television series ""Doctor Who"", Alec Hardy in ""Broadchurch"", Giacomo Casanova in the TV serial ""Casanova"", Kilgrave in ""Jessica Jones"", and Barty Crouch, Jr.",0,"What is the name of the Scottish actor who has played the part of 'Doctor Who', and who played the part of Daniel in a British radio sitcom as part of a childless couple?",David Tennant,hotpotqa,David Tennant,1,False,validation
5a8f2bb055429918e830d1ba-clean,5a8f2bb055429918e830d1ba,1,5,"The Lottery is a 2010 documentary film about the controversy surrounding public and charter schools in the United States, directed by Madeleine Sackler.",0,"""The Lottery"" has the same cinematographer as what mockumentary following characters from the ""Da Ali G Show""?",Brüno.,hotpotqa,The Lottery (2010 film),0,False,validation
5a8f2bb055429918e830d1ba-clean,5a8f2bb055429918e830d1ba,2,5,"The film was produced by Blake Ashman-Kipervaser, James Lawler, and Madeleine Sackler.",0,"""The Lottery"" has the same cinematographer as what mockumentary following characters from the ""Da Ali G Show""?",Brüno.,hotpotqa,The Lottery (2010 film),1,False,validation
5a8f2bb055429918e830d1ba-clean,5a8f2bb055429918e830d1ba,3,5,"The cinematographer was Wolfgang Held (""Brüno"", ""Metallica: Some Kind of Monster"", ""Children Underground"").",0,"""The Lottery"" has the same cinematographer as what mockumentary following characters from the ""Da Ali G Show""?",Brüno.,hotpotqa,The Lottery (2010 film),2,False,validation
5a8f2bb055429918e830d1ba-clean,5a8f2bb055429918e830d1ba,4,5,"Brüno is a 2009 British-American mockumentary comedy film directed by Larry Charles and starring Sacha Baron Cohen, who produced, co-wrote, and played the gay Austrian fashion journalist Brüno.",0,"""The Lottery"" has the same cinematographer as what mockumentary following characters from the ""Da Ali G Show""?",Brüno.,hotpotqa,Brüno,0,False,validation
5a8f2bb055429918e830d1ba-clean,5a8f2bb055429918e830d1ba,5,5,"It is the third film based on one of Cohen's characters from ""Da Ali G Show""; the first were ""Ali G Indahouse"" and ""Borat"".",0,"""The Lottery"" has the same cinematographer as what mockumentary following characters from the ""Da Ali G Show""?",Brüno.,hotpotqa,Brüno,1,False,validation
5a8f2bb055429918e830d1ba-error,5a8f2bb055429918e830d1ba,1,5,"The Lottery is a 2012 documentary film about the controversy surrounding public and charter schools in the United States, directed by Madeleine Sackler.",1,"""The Lottery"" has the same cinematographer as what mockumentary following characters from the ""Da Ali G Show""?",Brüno.,hotpotqa,The Lottery (2010 film),0,True,validation
5a8f2bb055429918e830d1ba-error,5a8f2bb055429918e830d1ba,2,5,"The film was produced by Blake Ashman-Kipervaser, James Lawler, and Madeleine Sackler.",0,"""The Lottery"" has the same cinematographer as what mockumentary following characters from the ""Da Ali G Show""?",Brüno.,hotpotqa,The Lottery (2010 film),1,False,validation
5a8f2bb055429918e830d1ba-error,5a8f2bb055429918e830d1ba,3,5,"The cinematographer was Wolfgang Held (""Brüno"", ""Metallica: Some Kind of Monster"", ""Children Underground"").",0,"""The Lottery"" has the same cinematographer as what mockumentary following characters from the ""Da Ali G Show""?",Brüno.,hotpotqa,The Lottery (2010 film),2,False,validation
5a8f2bb055429918e830d1ba-error,5a8f2bb055429918e830d1ba,4,5,"Brüno is a 2009 British-American mockumentary comedy film directed by Larry Charles and starring Sacha Baron Cohen, who produced, co-wrote, and played the gay Austrian fashion journalist Brüno.",0,"""The Lottery"" has the same cinematographer as what mockumentary following characters from the ""Da Ali G Show""?",Brüno.,hotpotqa,Brüno,0,False,validation
5a8f2bb055429918e830d1ba-error,5a8f2bb055429918e830d1ba,5,5,"It is the third film based on one of Cohen's characters from ""Da Ali G Show""; the first were ""Ali G Indahouse"" and ""Borat"".",0,"""The Lottery"" has the same cinematographer as what mockumentary following characters from the ""Da Ali G Show""?",Brüno.,hotpotqa,Brüno,1,False,validation
5ac290285542992f1f2b3910-clean,5ac290285542992f1f2b3910,1,3,Adalgiso Ferraris (16 February 1890 – 31 December 1968) was an Italian-born British composer and pianist.,0,The artist who composed what is probably the most famous Ukrainian romance song died in what year?,1968,hotpotqa,Adalgiso Ferraris,0,False,train
5ac290285542992f1f2b3910-clean,5ac290285542992f1f2b3910,2,3,"""Dark Eyes"" (Russian: «Очи чёрные», ""Ochi chyornye"" ; transl. """,0,The artist who composed what is probably the most famous Ukrainian romance song died in what year?,1968,hotpotqa,Dark Eyes (song),0,False,train
5ac290285542992f1f2b3910-clean,5ac290285542992f1f2b3910,3,3,"""Black Eyes"""") is probably the most famous Ukrainian romance song.",0,The artist who composed what is probably the most famous Ukrainian romance song died in what year?,1968,hotpotqa,Dark Eyes (song),1,False,train
5ac290285542992f1f2b3910-error,5ac290285542992f1f2b3910,1,3,Adalgiso Ferraris (16 February 1890 – 32 December 1968) was an Italian-born British composer and pianist.,1,The artist who composed what is probably the most famous Ukrainian romance song died in what year?,1968,hotpotqa,Adalgiso Ferraris,0,True,train
5ac290285542992f1f2b3910-error,5ac290285542992f1f2b3910,2,3,"""Dark Eyes"" (Russian: «Очи чёрные», ""Ochi chyornye"" ; transl. """,0,The artist who composed what is probably the most famous Ukrainian romance song died in what year?,1968,hotpotqa,Dark Eyes (song),0,False,train
5ac290285542992f1f2b3910-error,5ac290285542992f1f2b3910,3,3,"""Black Eyes"""") is probably the most famous Ukrainian romance song.",0,The artist who composed what is probably the most famous Ukrainian romance song died in what year?,1968,hotpotqa,Dark Eyes (song),1,False,train
5ae743fa5542991e8301cc4b-clean,5ae743fa5542991e8301cc4b,1,3,I Am Bolt is a 2016 Hollywood biographical sports film co-directed by Benjamin Turner and Gabe Turner and produced by Leo Pearlman.,0,"Who is considered the greatest sprinter of all time and the 2016 Hollywood biographical sports film ""I Am Bolt"" based on?",Usain Bolt,hotpotqa,I Am Bolt,0,False,train
5ae743fa5542991e8301cc4b-clean,5ae743fa5542991e8301cc4b,2,3,"It is based on the life of Jamaican sprinter and three times Olympic gold medalist and World Record holder for 100m, 200m and 4x100m, Usain Bolt, who is the fastest man ever to walk on Earth.",0,"Who is considered the greatest sprinter of all time and the 2016 Hollywood biographical sports film ""I Am Bolt"" based on?",Usain Bolt,hotpotqa,I Am Bolt,1,False,train
5ae743fa5542991e8301cc4b-clean,5ae743fa5542991e8301cc4b,3,3,"Because of his dominance and achievements in sprint competition, he is widely considered to be the greatest sprinter of all time.",0,"Who is considered the greatest sprinter of all time and the 2016 Hollywood biographical sports film ""I Am Bolt"" based on?",Usain Bolt,hotpotqa,Usain Bolt,4,False,train
5ae743fa5542991e8301cc4b-error,5ae743fa5542991e8301cc4b,1,3,I Am Bolt is a 2016 Hollywood biographical sports film co-directed by Benjamin Turner and Gabe Turner and produced by Leo Pearlman.,0,"Who is considered the greatest sprinter of all time and the 2016 Hollywood biographical sports film ""I Am Bolt"" based on?",Usain Bolt,hotpotqa,I Am Bolt,0,False,train
5ae743fa5542991e8301cc4b-error,5ae743fa5542991e8301cc4b,2,3,"It is based on the life of Jamaican sprinter and three times Olympic gold medalist and World Record holder for 100m, 200m and 4x100m, Budhia Singh – Born to Run, who is the fastest man ever to walk on Earth.",1,"Who is considered the greatest sprinter of all time and the 2016 Hollywood biographical sports film ""I Am Bolt"" based on?",Usain Bolt,hotpotqa,I Am Bolt,1,True,train
5ae743fa5542991e8301cc4b-error,5ae743fa5542991e8301cc4b,3,3,"Because of his dominance and achievements in sprint competition, he is widely considered to be the greatest sprinter of all time.",0,"Who is considered the greatest sprinter of all time and the 2016 Hollywood biographical sports film ""I Am Bolt"" based on?",Usain Bolt,hotpotqa,Usain Bolt,4,False,train
5a72b6975542992359bc317e-clean,5a72b6975542992359bc317e,1,3,John Henry Reynolds (1874–1949) was a British astronomer who served as the president of the Royal Astronomical Society between 1935 and 1937 and is known for his work on the classification of stellar bodies.,0,What profession did both John Reynolds and Edwin Hubble belong to? ,astronomers,hotpotqa,John Reynolds (astronomer),0,False,train
5a72b6975542992359bc317e-clean,5a72b6975542992359bc317e,2,3,"Edwin Powell Hubble (November 20, 1889 – September 28, 1953) was an American astronomer.",0,What profession did both John Reynolds and Edwin Hubble belong to? ,astronomers,hotpotqa,Edwin Hubble,0,False,train
5a72b6975542992359bc317e-clean,5a72b6975542992359bc317e,3,3,He played a crucial role in establishing the fields of extragalactic astronomy and observational cosmology and is regarded as one of the most important astronomers of all time.,0,What profession did both John Reynolds and Edwin Hubble belong to? ,astronomers,hotpotqa,Edwin Hubble,1,False,train
5a72b6975542992359bc317e-error,5a72b6975542992359bc317e,1,3,John Henry Reynolds (1874–1949) was a British astronomer who served as the president of the Royal Astronomical Society between 1935 and 1937 and is known for his work on the classification of stellar bodies.,0,What profession did both John Reynolds and Edwin Hubble belong to? ,astronomers,hotpotqa,John Reynolds (astronomer),0,False,train
5a72b6975542992359bc317e-error,5a72b6975542992359bc317e,2,3,"Edwin Powell Hubble (November 20, 1892 – September 28, 1953) was an American astronomer.",1,What profession did both John Reynolds and Edwin Hubble belong to? ,astronomers,hotpotqa,Edwin Hubble,0,True,train
5a72b6975542992359bc317e-error,5a72b6975542992359bc317e,3,3,He played a crucial role in establishing the fields of extragalactic astronomy and observational cosmology and is regarded as one of the most important astronomers of all time.,0,What profession did both John Reynolds and Edwin Hubble belong to? ,astronomers,hotpotqa,Edwin Hubble,1,False,train
5a8454705542992ef85e23bd-clean,5a8454705542992ef85e23bd,1,2,"The Death Valley Railroad (DVRR) was a narrow gauge railroad that operated in California's Death Valley to carry borax with the route running from Ryan, California to the mines at Ryan C., located just east of Death Valley National Park, to Death Valley Junction, a distance of approximately 20 miles.",0,"The Death Valley Railroad  was a narrow gauge railroad located just east of Death Valley National Park, in what state? ",California,hotpotqa,Death Valley Railroad,0,False,train
5a8454705542992ef85e23bd-clean,5a8454705542992ef85e23bd,2,2,Death Valley National Park is a national park in the United States.,0,"The Death Valley Railroad  was a narrow gauge railroad located just east of Death Valley National Park, in what state? ",California,hotpotqa,Death Valley National Park,0,False,train
5a8454705542992ef85e23bd-error,5a8454705542992ef85e23bd,1,2,"The Death Valley Railroad (DVRR) was a narrow gauge railroad that operated in California's Death Valley to carry borax with the route running from Ryan, California to the mines at Ryan C., located just east of Death Valley National Park, to Death Valley Junction, a distance of approximately 21 miles.",1,"The Death Valley Railroad  was a narrow gauge railroad located just east of Death Valley National Park, in what state? ",California,hotpotqa,Death Valley Railroad,0,True,train
5a8454705542992ef85e23bd-error,5a8454705542992ef85e23bd,2,2,Death Valley National Park is a national park in the United States.,0,"The Death Valley Railroad  was a narrow gauge railroad located just east of Death Valley National Park, in what state? ",California,hotpotqa,Death Valley National Park,0,False,train
5a7bb490554299042af8f7a3-clean,5a7bb490554299042af8f7a3,1,4,The Demon V was an electric guitar manufactured by Epiphone from 2001 through 2002.,0,In what state did the guitarist whose guitar The Demon V was based on die?,Florida,hotpotqa,Epiphone Demon V,0,False,train
5a7bb490554299042af8f7a3-clean,5a7bb490554299042af8f7a3,2,4,"The Demon V was based loosely on the Jackson Randy Rhoads guitar, with offset wings, and featured a first for Epiphone: a string-thru body.",0,In what state did the guitarist whose guitar The Demon V was based on die?,Florida,hotpotqa,Epiphone Demon V,2,False,train
5a7bb490554299042af8f7a3-clean,5a7bb490554299042af8f7a3,3,4,"Randall William Rhoads (December 6, 1956 – March 19, 1982) was an American heavy metal guitarist who played with Ozzy Osbourne and Quiet Riot.",0,In what state did the guitarist whose guitar The Demon V was based on die?,Florida,hotpotqa,Randy Rhoads,0,False,train
5a7bb490554299042af8f7a3-clean,5a7bb490554299042af8f7a3,4,4,He died in a plane accident while on tour with Osbourne in Florida in 1982.,0,In what state did the guitarist whose guitar The Demon V was based on die?,Florida,hotpotqa,Randy Rhoads,2,False,train
5a7bb490554299042af8f7a3-error,5a7bb490554299042af8f7a3,1,4,The Demon V was an electric guitar manufactured by Epiphone from 2004 through 2002.,1,In what state did the guitarist whose guitar The Demon V was based on die?,Florida,hotpotqa,Epiphone Demon V,0,True,train
5a7bb490554299042af8f7a3-error,5a7bb490554299042af8f7a3,2,4,"The Demon V was based loosely on the Jackson Randy Rhoads guitar, with offset wings, and featured a first for Epiphone: a string-thru body.",0,In what state did the guitarist whose guitar The Demon V was based on die?,Florida,hotpotqa,Epiphone Demon V,2,False,train
5a7bb490554299042af8f7a3-error,5a7bb490554299042af8f7a3,3,4,"Randall William Rhoads (December 6, 1956 – March 19, 1982) was an American heavy metal guitarist who played with Ozzy Osbourne and Quiet Riot.",0,In what state did the guitarist whose guitar The Demon V was based on die?,Florida,hotpotqa,Randy Rhoads,0,False,train
5a7bb490554299042af8f7a3-error,5a7bb490554299042af8f7a3,4,4,He died in a plane accident while on tour with Osbourne in Florida in 1982.,0,In what state did the guitarist whose guitar The Demon V was based on die?,Florida,hotpotqa,Randy Rhoads,2,False,train
5ae4992355429970de88d9c5-clean,5ae4992355429970de88d9c5,1,2,"His voice can be heard in films such as ""Brother Bear"" (2003), ""Kung Fu Panda"" (2008) and ""Green Lantern"" (2011).",0,Michael Clarke Duncan had a voice credit for the 2011 film based on the character from what comics franchise?,DC Comics,hotpotqa,Michael Clarke Duncan,2,False,train
5ae4992355429970de88d9c5-clean,5ae4992355429970de88d9c5,2,2,Green Lantern is a 2011 American superhero film based on the DC Comics character of the same name.,0,Michael Clarke Duncan had a voice credit for the 2011 film based on the character from what comics franchise?,DC Comics,hotpotqa,Green Lantern (film),0,False,train
5ae4992355429970de88d9c5-error,5ae4992355429970de88d9c5,1,2,"His voice can be heard in films such as ""Brother Bear"" (2003), ""Kung Fu Panda"" (2008) and ""Planet of the Apes"" (2011).",1,Michael Clarke Duncan had a voice credit for the 2011 film based on the character from what comics franchise?,DC Comics,hotpotqa,Michael Clarke Duncan,2,True,train
5ae4992355429970de88d9c5-error,5ae4992355429970de88d9c5,2,2,Green Lantern is a 2011 American superhero film based on the DC Comics character of the same name.,0,Michael Clarke Duncan had a voice credit for the 2011 film based on the character from what comics franchise?,DC Comics,hotpotqa,Green Lantern (film),0,False,train
5ae53b795542992663a4f18a-clean,5ae53b795542992663a4f18a,1,2,"The Mediterranean Theater of Operations, United States Army (MTOUSA), originally called the North African Theater of Operations (NATOUSA), was the American term for the theater of operations covering North Africa and Italy during World War II.",0,"What is another name for the Mediterranean Theater of Operations, United States Army invasion of French North Africa during World War II?",Operation Gymnast,hotpotqa,Mediterranean Theater of Operations,0,False,train
5ae53b795542992663a4f18a-clean,5ae53b795542992663a4f18a,2,2,Operation Torch (initially called Operation Gymnast) was the British-United States invasion of French North Africa during the North African Campaign of the Second World War which started on 8 November 1942.,0,"What is another name for the Mediterranean Theater of Operations, United States Army invasion of French North Africa during World War II?",Operation Gymnast,hotpotqa,Operation Torch,0,False,train
5ae53b795542992663a4f18a-error,5ae53b795542992663a4f18a,1,2,"The Mediterranean Theater of Operations, United States Army (MTOUSA), originally called the North African Theater of Operations (NATOUSA), was the American term for the theater of operations covering North Africa and Italy during World War II.",0,"What is another name for the Mediterranean Theater of Operations, United States Army invasion of French North Africa during World War II?",Operation Gymnast,hotpotqa,Mediterranean Theater of Operations,0,False,train
5ae53b795542992663a4f18a-error,5ae53b795542992663a4f18a,2,2,Operation Torch (initially called Operation Gymnast) was the British-United States invasion of French North Africa during the North African Campaign of the Second World War which started on 10 November 1942.,1,"What is another name for the Mediterranean Theater of Operations, United States Army invasion of French North Africa during World War II?",Operation Gymnast,hotpotqa,Operation Torch,0,True,train
5add1f7e5542992ae4cec48a-clean,5add1f7e5542992ae4cec48a,1,3,"The 1995–96 NBA season was the Jazz's 22nd season in the National Basketball Association, and 17th season in Salt Lake City, Utah.",0,"What is the name of this American retired professional basketball player born in 1963, who moved into ninth place in all-time scoring in the 1995-96 Utah Jazz season?",Karl Malone,hotpotqa,1995–96 Utah Jazz season,0,False,validation
5add1f7e5542992ae4cec48a-clean,5add1f7e5542992ae4cec48a,2,3,"Meanwhile, Karl Malone moved into ninth place in all-time scoring as the Jazz finished second in the Midwest Division with a 55–27 record, with Stockton and Malone both being selected for the 1996 NBA All-Star Game.",0,"What is the name of this American retired professional basketball player born in 1963, who moved into ninth place in all-time scoring in the 1995-96 Utah Jazz season?",Karl Malone,hotpotqa,1995–96 Utah Jazz season,3,False,validation
5add1f7e5542992ae4cec48a-clean,5add1f7e5542992ae4cec48a,3,3,"Karl Anthony Malone (born July 24, 1963) is an American retired professional basketball player.",0,"What is the name of this American retired professional basketball player born in 1963, who moved into ninth place in all-time scoring in the 1995-96 Utah Jazz season?",Karl Malone,hotpotqa,Karl Malone,0,False,validation
5add1f7e5542992ae4cec48a-error,5add1f7e5542992ae4cec48a,1,3,"The 1995–96 NBA season was the Jazz's 22nd season in the National Basketball Association, and 17th season in Salt Lake City, Utah.",0,"What is the name of this American retired professional basketball player born in 1963, who moved into ninth place in all-time scoring in the 1995-96 Utah Jazz season?",Karl Malone,hotpotqa,1995–96 Utah Jazz season,0,False,validation
5add1f7e5542992ae4cec48a-error,5add1f7e5542992ae4cec48a,2,3,"Meanwhile, Shandon Anderson moved into ninth place in all-time scoring as the Jazz finished second in the Midwest Division with a 55–27 record, with Stockton and Malone both being selected for the 1996 NBA All-Star Game.",1,"What is the name of this American retired professional basketball player born in 1963, who moved into ninth place in all-time scoring in the 1995-96 Utah Jazz season?",Karl Malone,hotpotqa,1995–96 Utah Jazz season,3,True,validation
5add1f7e5542992ae4cec48a-error,5add1f7e5542992ae4cec48a,3,3,"Karl Anthony Malone (born July 24, 1963) is an American retired professional basketball player.",0,"What is the name of this American retired professional basketball player born in 1963, who moved into ninth place in all-time scoring in the 1995-96 Utah Jazz season?",Karl Malone,hotpotqa,Karl Malone,0,False,validation
5a8581c25542991dd0999e61-clean,5a8581c25542991dd0999e61,1,2,"As for the music, on Friday evenings, David Hasselhoff hosted ""Celebrate the 80's and the 90's with The Hoff"", a dance party featuring 2 Unlimited, Haddaway, Kim Wilde, and others.",0,The 2014 MW-V6 Pickup Series season included a dance party hosted by the actor who set a Guinness World Record as the most watched man on TV.,David Michael Hasselhoff,hotpotqa,2014 MW-V6 Pickup Series,4,False,test
5a8581c25542991dd0999e61-clean,5a8581c25542991dd0999e61,2,2,"David Michael Hasselhoff (born July 17, 1952), nicknamed ""The Hoff"", is an American actor, singer, producer, and businessman, who set a Guinness World Record as the most watched man on TV.",0,The 2014 MW-V6 Pickup Series season included a dance party hosted by the actor who set a Guinness World Record as the most watched man on TV.,David Michael Hasselhoff,hotpotqa,David Hasselhoff,0,False,test
5a8581c25542991dd0999e61-error,5a8581c25542991dd0999e61,1,2,"As for the music, on Friday evenings, Kaffy hosted ""Celebrate the 80's and the 90's with The Hoff"", a dance party featuring 2 Unlimited, Haddaway, Kim Wilde, and others.",1,The 2014 MW-V6 Pickup Series season included a dance party hosted by the actor who set a Guinness World Record as the most watched man on TV.,David Michael Hasselhoff,hotpotqa,2014 MW-V6 Pickup Series,4,True,test
5a8581c25542991dd0999e61-error,5a8581c25542991dd0999e61,2,2,"David Michael Hasselhoff (born July 17, 1952), nicknamed ""The Hoff"", is an American actor, singer, producer, and businessman, who set a Guinness World Record as the most watched man on TV.",0,The 2014 MW-V6 Pickup Series season included a dance party hosted by the actor who set a Guinness World Record as the most watched man on TV.,David Michael Hasselhoff,hotpotqa,David Hasselhoff,0,False,test
5a85d36b5542994c784ddb84-clean,5a85d36b5542994c784ddb84,1,2,"He was previously a successful high school football coach at Briarcrest Christian School in Memphis, Tennessee, where he coached Michael Oher and Greg Hardy.",0,"Danny Hugh Freeze Jr. coached Michael Oher and which other former American football defensive end born on July 28, 1988?",Greg Hardy,hotpotqa,Hugh Freeze,3,False,train
5a85d36b5542994c784ddb84-clean,5a85d36b5542994c784ddb84,2,2,"Gregory McKarl Hardy (born July 28, 1988) is a former American football defensive end.",0,"Danny Hugh Freeze Jr. coached Michael Oher and which other former American football defensive end born on July 28, 1988?",Greg Hardy,hotpotqa,Greg Hardy,0,False,train
5a85d36b5542994c784ddb84-error,5a85d36b5542994c784ddb84,1,2,"He was previously a successful high school football coach at Briarcrest Christian School in Memphis, Tennessee, where he coached Michael Oher and Ryan Van Bergen.",1,"Danny Hugh Freeze Jr. coached Michael Oher and which other former American football defensive end born on July 28, 1988?",Greg Hardy,hotpotqa,Hugh Freeze,3,True,train
5a85d36b5542994c784ddb84-error,5a85d36b5542994c784ddb84,2,2,"Gregory McKarl Hardy (born July 28, 1988) is a former American football defensive end.",0,"Danny Hugh Freeze Jr. coached Michael Oher and which other former American football defensive end born on July 28, 1988?",Greg Hardy,hotpotqa,Greg Hardy,0,False,train
5ae657395542992ae0d162e0-clean,5ae657395542992ae0d162e0,1,3,"Never Back Down 2: The Beatdown (also known as The Fighters 2: The Beatdown) is a 2011 direct-to-DVD American martial arts film starring Evan Peters, Michael Jai White, Dean Geyer, Alex Meraz, Todd Duffee, Scott Epstein and Jillian Murray.",0,"In what city did the 2011 direct-to-DVD American martial arts film, starring the actor who played Paul Lahote in ""New Moon"", premiere?","Asheville, North Carolina",hotpotqa,Never Back Down 2: The Beatdown,0,False,test
5ae657395542992ae0d162e0-clean,5ae657395542992ae0d162e0,2,3,"The film made its world premiere at the ActionFest film festival in Asheville, North Carolina, on April 8, 2011.",0,"In what city did the 2011 direct-to-DVD American martial arts film, starring the actor who played Paul Lahote in ""New Moon"", premiere?","Asheville, North Carolina",hotpotqa,Never Back Down 2: The Beatdown,2,False,test
5ae657395542992ae0d162e0-clean,5ae657395542992ae0d162e0,3,3,"Meraz is best known for playing the werewolf named Paul Lahote in the film ""New Moon"".",0,"In what city did the 2011 direct-to-DVD American martial arts film, starring the actor who played Paul Lahote in ""New Moon"", premiere?","Asheville, North Carolina",hotpotqa,Alex Meraz,1,False,test
5ae657395542992ae0d162e0-error,5ae657395542992ae0d162e0,1,3,"Never Back Down 2: The Beatdown (also known as The Fighters 2: The Beatdown) is a 2011 direct-to-DVD American martial arts film starring Evan Peters, Michael Jai White, Dean Geyer, Kane Kosugi, Todd Duffee, Scott Epstein and Jillian Murray.",1,"In what city did the 2011 direct-to-DVD American martial arts film, starring the actor who played Paul Lahote in ""New Moon"", premiere?","Asheville, North Carolina",hotpotqa,Never Back Down 2: The Beatdown,0,True,test
5ae657395542992ae0d162e0-error,5ae657395542992ae0d162e0,2,3,"The film made its world premiere at the ActionFest film festival in Asheville, North Carolina, on April 8, 2011.",0,"In what city did the 2011 direct-to-DVD American martial arts film, starring the actor who played Paul Lahote in ""New Moon"", premiere?","Asheville, North Carolina",hotpotqa,Never Back Down 2: The Beatdown,2,False,test
5ae657395542992ae0d162e0-error,5ae657395542992ae0d162e0,3,3,"Meraz is best known for playing the werewolf named Paul Lahote in the film ""New Moon"".",0,"In what city did the 2011 direct-to-DVD American martial arts film, starring the actor who played Paul Lahote in ""New Moon"", premiere?","Asheville, North Carolina",hotpotqa,Alex Meraz,1,False,test
5ae3d1095542992f92d8237e-clean,5ae3d1095542992f92d8237e,1,2,"DNA represents numerous notable models in the industry, including: Linda Evangelista, Natalia Vodianova, Saskia de Brauw, Doutzen Kroes, Nadja Auermann, Anja Rubik, Eva Herzigova, Stella Tennant, Laetitia Casta, Emily Ratajkowski, Kirsty Hume, Edie Campbell, and Raquel Zimmermann.",0,"Which model represented by DNA Model Management was born on June 7, 1991 ?",Emily Ratajkowski,hotpotqa,DNA Model Management,1,False,train
5ae3d1095542992f92d8237e-clean,5ae3d1095542992f92d8237e,2,2,"Emily O'Hara Ratajkowski ( ; born June 7, 1991) is an American model and actress.",0,"Which model represented by DNA Model Management was born on June 7, 1991 ?",Emily Ratajkowski,hotpotqa,Emily Ratajkowski,0,False,train
5ae3d1095542992f92d8237e-error,5ae3d1095542992f92d8237e,1,2,"DNA represents numerous notable models in the industry, including: Linda Evangelista, Natalia Vodianova, Saskia de Brauw, Doutzen Kroes, Nadja Auermann, Anja Rubik, Eva Herzigova, Stella Tennant, Laetitia Casta, Estelle Lefébure, Kirsty Hume, Edie Campbell, and Raquel Zimmermann.",1,"Which model represented by DNA Model Management was born on June 7, 1991 ?",Emily Ratajkowski,hotpotqa,DNA Model Management,1,True,train
5ae3d1095542992f92d8237e-error,5ae3d1095542992f92d8237e,2,2,"Emily O'Hara Ratajkowski ( ; born June 7, 1991) is an American model and actress.",0,"Which model represented by DNA Model Management was born on June 7, 1991 ?",Emily Ratajkowski,hotpotqa,Emily Ratajkowski,0,False,train
5a7d11085542995ed0d165d4-clean,5a7d11085542995ed0d165d4,1,2,"Warren Low (born 1906; died in Woodland Hills, Los Angeles on July 27, 1989) was a noted American film editor who worked on ""Now, Voyager"", ""Out of the Fog"", and others.",0,Which movie staring Bette Davis did Warren Low work on?,"Now, Voyager",hotpotqa,Warren Low,0,False,train
5a7d11085542995ed0d165d4-clean,5a7d11085542995ed0d165d4,2,2,"Now, Voyager is a 1942 American drama film starring Bette Davis, Paul Henreid, and Claude Rains, and directed by Irving Rapper.",0,Which movie staring Bette Davis did Warren Low work on?,"Now, Voyager",hotpotqa,"Now, Voyager",0,False,train
5a7d11085542995ed0d165d4-error,5a7d11085542995ed0d165d4,1,2,"Warren Low (born 1906; died in Woodland Hills, Los Angeles on July 27, 1989) was a noted American film editor who worked on ""Now, Voyager"", ""Out of the Fog"", and others.",0,Which movie staring Bette Davis did Warren Low work on?,"Now, Voyager",hotpotqa,Warren Low,0,False,train
5a7d11085542995ed0d165d4-error,5a7d11085542995ed0d165d4,2,2,"It's Love I'm After is a 1942 American drama film starring Bette Davis, Paul Henreid, and Claude Rains, and directed by Irving Rapper.",1,Which movie staring Bette Davis did Warren Low work on?,"Now, Voyager",hotpotqa,"Now, Voyager",0,True,train
5a8af5295542996c9b8d5f81-clean,5a8af5295542996c9b8d5f81,1,3,Cortinarius sublargus is a species of fungus in the family Cortinariaceae native to Australia.,0,In what Australian state was Cortinarius sublargus first described?,South Australia,hotpotqa,Cortinarius sublargus,0,False,validation
5a8af5295542996c9b8d5f81-clean,5a8af5295542996c9b8d5f81,2,3,It was described in 1928 by John Burton Cleland from the Mount Lofty Ranges.,0,In what Australian state was Cortinarius sublargus first described?,South Australia,hotpotqa,Cortinarius sublargus,1,False,validation
5a8af5295542996c9b8d5f81-clean,5a8af5295542996c9b8d5f81,3,3,The Mount Lofty Ranges are the range of mountains just to the east of Adelaide in the Australian state of South Australia.,0,In what Australian state was Cortinarius sublargus first described?,South Australia,hotpotqa,Mount Lofty Ranges,0,False,validation
5a8af5295542996c9b8d5f81-error,5a8af5295542996c9b8d5f81,1,3,Cortinarius sublargus is a species of fungus in the family Cortinariaceae native to Australia.,0,In what Australian state was Cortinarius sublargus first described?,South Australia,hotpotqa,Cortinarius sublargus,0,False,validation
5a8af5295542996c9b8d5f81-error,5a8af5295542996c9b8d5f81,2,3,It was described in 1931 by John Burton Cleland from the Mount Lofty Ranges.,1,In what Australian state was Cortinarius sublargus first described?,South Australia,hotpotqa,Cortinarius sublargus,1,True,validation
5a8af5295542996c9b8d5f81-error,5a8af5295542996c9b8d5f81,3,3,The Mount Lofty Ranges are the range of mountains just to the east of Adelaide in the Australian state of South Australia.,0,In what Australian state was Cortinarius sublargus first described?,South Australia,hotpotqa,Mount Lofty Ranges,0,False,validation
5abb462b554299642a094a81-clean,5abb462b554299642a094a81,1,2,"In May 1971, Tucker was traded along with Billy Truax to the Dallas Cowboys for receiver Lance Rentzel.",0,"At which college did the player, for whom Wendell Tucker was traded, play his football ?",University of Oklahoma.,hotpotqa,Wendell Tucker,5,False,train
5abb462b554299642a094a81-clean,5abb462b554299642a094a81,2,2,He played college football at the University of Oklahoma.,0,"At which college did the player, for whom Wendell Tucker was traded, play his football ?",University of Oklahoma.,hotpotqa,Lance Rentzel,1,False,train
5abb462b554299642a094a81-error,5abb462b554299642a094a81,1,2,"In May 1971, Tucker was traded along with Billy Truax to the Dallas Cowboys for receiver Greg McMurtry.",1,"At which college did the player, for whom Wendell Tucker was traded, play his football ?",University of Oklahoma.,hotpotqa,Wendell Tucker,5,True,train
5abb462b554299642a094a81-error,5abb462b554299642a094a81,2,2,He played college football at the University of Oklahoma.,0,"At which college did the player, for whom Wendell Tucker was traded, play his football ?",University of Oklahoma.,hotpotqa,Lance Rentzel,1,False,train
5a8c797c554299653c1aa088-clean,5a8c797c554299653c1aa088,1,2,"Philosopher in Meditation (Bredius 431) is the traditional title of an oil painting in the Musée du Louvre, Paris, that has long been attributed to the 17th-century Dutch artist Rembrandt.",0,"Philosopher in Meditation is a painting in what museum which is the world's largest art museum and an historic monument in Paris, France",Louvre,hotpotqa,Philosopher in Meditation,0,False,train
5a8c797c554299653c1aa088-clean,5a8c797c554299653c1aa088,2,2,"The Louvre ( ) or the Louvre Museum (French: ""Musée du Louvre"" , ] ) is the world's largest art museum and an historic monument in Paris, France.",0,"Philosopher in Meditation is a painting in what museum which is the world's largest art museum and an historic monument in Paris, France",Louvre,hotpotqa,Louvre,0,False,train
5a8c797c554299653c1aa088-error,5a8c797c554299653c1aa088,1,2,"Philosopher in Meditation (Bredius 434) is the traditional title of an oil painting in the Musée du Louvre, Paris, that has long been attributed to the 17th-century Dutch artist Rembrandt.",1,"Philosopher in Meditation is a painting in what museum which is the world's largest art museum and an historic monument in Paris, France",Louvre,hotpotqa,Philosopher in Meditation,0,True,train
5a8c797c554299653c1aa088-error,5a8c797c554299653c1aa088,2,2,"The Louvre ( ) or the Louvre Museum (French: ""Musée du Louvre"" , ] ) is the world's largest art museum and an historic monument in Paris, France.",0,"Philosopher in Meditation is a painting in what museum which is the world's largest art museum and an historic monument in Paris, France",Louvre,hotpotqa,Louvre,0,False,train
5a8d7ebd55429941ae14dfdb-clean,5a8d7ebd55429941ae14dfdb,1,3,"Eric Steven Weddle (born January 4, 1985) is an American football free safety for the Baltimore Ravens of the National Football League (NFL).",0,Who presided over the draft when Eric Steven Weddle was drafted by the San Diego Chargers?,Roger Goodell,hotpotqa,Eric Weddle,0,False,test
5a8d7ebd55429941ae14dfdb-clean,5a8d7ebd55429941ae14dfdb,2,3,He was drafted by the San Diego Chargers in the second round of the 2007 NFL Draft.,0,Who presided over the draft when Eric Steven Weddle was drafted by the San Diego Chargers?,Roger Goodell,hotpotqa,Eric Weddle,2,False,test
5a8d7ebd55429941ae14dfdb-clean,5a8d7ebd55429941ae14dfdb,3,3,This was the first draft presided over by new NFL Commissioner Roger Goodell.,0,Who presided over the draft when Eric Steven Weddle was drafted by the San Diego Chargers?,Roger Goodell,hotpotqa,2007 NFL Draft,5,False,test
5a8d7ebd55429941ae14dfdb-error,5a8d7ebd55429941ae14dfdb,1,3,"Eric Steven Weddle (born January 4, 1988) is an American football free safety for the Baltimore Ravens of the National Football League (NFL).",1,Who presided over the draft when Eric Steven Weddle was drafted by the San Diego Chargers?,Roger Goodell,hotpotqa,Eric Weddle,0,True,test
5a8d7ebd55429941ae14dfdb-error,5a8d7ebd55429941ae14dfdb,2,3,He was drafted by the San Diego Chargers in the second round of the 2007 NFL Draft.,0,Who presided over the draft when Eric Steven Weddle was drafted by the San Diego Chargers?,Roger Goodell,hotpotqa,Eric Weddle,2,False,test
5a8d7ebd55429941ae14dfdb-error,5a8d7ebd55429941ae14dfdb,3,3,This was the first draft presided over by new NFL Commissioner Roger Goodell.,0,Who presided over the draft when Eric Steven Weddle was drafted by the San Diego Chargers?,Roger Goodell,hotpotqa,2007 NFL Draft,5,False,test
5a89f1425542993b751ca9bf-clean,5a89f1425542993b751ca9bf,1,2,"In the episode, Rick Grimes (Andrew Lincoln)'s group encounters a priest, Father Gabriel Stokes (Seth Gilliam), who provides them solace in his church, while Rick contemplates Abraham Ford's (Michael Cudlitz) proposition to escort Dr. Eugene Porter (Josh McDermitt) to Washington, D.C. to cure the walker virus.",0,The actor playing Father Gabriel Stokes was born when?,"November 5, 1968",hotpotqa,Strangers (The Walking Dead),2,False,train
5a89f1425542993b751ca9bf-clean,5a89f1425542993b751ca9bf,2,2,"Seth Gilliam (born November 5, 1968) is an American actor.",0,The actor playing Father Gabriel Stokes was born when?,"November 5, 1968",hotpotqa,Seth Gilliam,0,False,train
5a89f1425542993b751ca9bf-error,5a89f1425542993b751ca9bf,1,2,"In the episode, Rick Grimes (Andrew Lincoln)'s group encounters a priest, Father Gabriel Stokes (Seth Gilliam), who provides them solace in his church, while Rick contemplates Abraham Ford's (Michael Cudlitz) proposition to escort Dr. Eugene Porter (Josh McDermitt) to Washington, D.C. to cure the walker virus.",0,The actor playing Father Gabriel Stokes was born when?,"November 5, 1968",hotpotqa,Strangers (The Walking Dead),2,False,train
5a89f1425542993b751ca9bf-error,5a89f1425542993b751ca9bf,2,2,"Seth Gilliam (born November 5, 1970) is an American actor.",1,The actor playing Father Gabriel Stokes was born when?,"November 5, 1968",hotpotqa,Seth Gilliam,0,True,train
5a875a755542994846c1cd71-clean,5a875a755542994846c1cd71,1,2,Firewall is a 2006 American-Australian crime thriller film directed by Richard Loncraine and written by Joe Forte.,0,"Firewall is an American-Australian crime thriller film, released in what year, directed by Richard Loncraine, the film stars Harrison Ford, an American actor and film producer, as a banker who is forced by criminals, led by Paul Bettany, to help them steal $100 million?",2006,hotpotqa,Firewall (film),0,False,validation
5a875a755542994846c1cd71-clean,5a875a755542994846c1cd71,2,2,"Harrison Ford (born July 13, 1942) is an American actor and film producer.",0,"Firewall is an American-Australian crime thriller film, released in what year, directed by Richard Loncraine, the film stars Harrison Ford, an American actor and film producer, as a banker who is forced by criminals, led by Paul Bettany, to help them steal $100 million?",2006,hotpotqa,Harrison Ford,0,False,validation
5a875a755542994846c1cd71-error,5a875a755542994846c1cd71,1,2,Firewall is a 2008 American-Australian crime thriller film directed by Richard Loncraine and written by Joe Forte.,1,"Firewall is an American-Australian crime thriller film, released in what year, directed by Richard Loncraine, the film stars Harrison Ford, an American actor and film producer, as a banker who is forced by criminals, led by Paul Bettany, to help them steal $100 million?",2006,hotpotqa,Firewall (film),0,True,validation
5a875a755542994846c1cd71-error,5a875a755542994846c1cd71,2,2,"Harrison Ford (born July 13, 1942) is an American actor and film producer.",0,"Firewall is an American-Australian crime thriller film, released in what year, directed by Richard Loncraine, the film stars Harrison Ford, an American actor and film producer, as a banker who is forced by criminals, led by Paul Bettany, to help them steal $100 million?",2006,hotpotqa,Harrison Ford,0,False,validation
5abddc0a5542991f66106077-clean,5abddc0a5542991f66106077,1,4,"The Nanny Diaries is a 2007 American comedy-drama film, based on the novel of the same name by Emma McLaughlin and Nicola Kraus.",0,The Nanny Diaries is a 2007 American comedy-drama film starring an American actor known for his superhero roles as what Fantastic Four characters?,Johnny Storm / Human Torch,hotpotqa,The Nanny Diaries (film),0,False,test
5abddc0a5542991f66106077-clean,5abddc0a5542991f66106077,2,4,"Written and directed by Shari Springer Berman and Robert Pulcini, it stars Scarlett Johansson, Chris Evans, and Laura Linney; and was produced by Richard N. Gladstein.",0,The Nanny Diaries is a 2007 American comedy-drama film starring an American actor known for his superhero roles as what Fantastic Four characters?,Johnny Storm / Human Torch,hotpotqa,The Nanny Diaries (film),1,False,test
5abddc0a5542991f66106077-clean,5abddc0a5542991f66106077,3,4,"Christopher Robert Evans (born June 13, 1981) is an American actor and filmmaker.",0,The Nanny Diaries is a 2007 American comedy-drama film starring an American actor known for his superhero roles as what Fantastic Four characters?,Johnny Storm / Human Torch,hotpotqa,Chris Evans (actor),0,False,test
5abddc0a5542991f66106077-clean,5abddc0a5542991f66106077,4,4,"Evans is known for his superhero roles as the Marvel Comics characters Steve Rogers / Captain America in the Marvel Cinematic Universe and Johnny Storm / Human Torch in ""Fantastic Four"" and .",0,The Nanny Diaries is a 2007 American comedy-drama film starring an American actor known for his superhero roles as what Fantastic Four characters?,Johnny Storm / Human Torch,hotpotqa,Chris Evans (actor),1,False,test
5abddc0a5542991f66106077-error,5abddc0a5542991f66106077,1,4,"The Nanny Diaries is a 2010 American comedy-drama film, based on the novel of the same name by Emma McLaughlin and Nicola Kraus.",1,The Nanny Diaries is a 2007 American comedy-drama film starring an American actor known for his superhero roles as what Fantastic Four characters?,Johnny Storm / Human Torch,hotpotqa,The Nanny Diaries (film),0,True,test
5abddc0a5542991f66106077-error,5abddc0a5542991f66106077,2,4,"Written and directed by Shari Springer Berman and Robert Pulcini, it stars Scarlett Johansson, Chris Evans, and Laura Linney; and was produced by Richard N. Gladstein.",0,The Nanny Diaries is a 2007 American comedy-drama film starring an American actor known for his superhero roles as what Fantastic Four characters?,Johnny Storm / Human Torch,hotpotqa,The Nanny Diaries (film),1,False,test
5abddc0a5542991f66106077-error,5abddc0a5542991f66106077,3,4,"Christopher Robert Evans (born June 13, 1981) is an American actor and filmmaker.",0,The Nanny Diaries is a 2007 American comedy-drama film starring an American actor known for his superhero roles as what Fantastic Four characters?,Johnny Storm / Human Torch,hotpotqa,Chris Evans (actor),0,False,test
5abddc0a5542991f66106077-error,5abddc0a5542991f66106077,4,4,"Evans is known for his superhero roles as the Marvel Comics characters Steve Rogers / Captain America in the Marvel Cinematic Universe and Johnny Storm / Human Torch in ""Fantastic Four"" and .",0,The Nanny Diaries is a 2007 American comedy-drama film starring an American actor known for his superhero roles as what Fantastic Four characters?,Johnny Storm / Human Torch,hotpotqa,Chris Evans (actor),1,False,test
5ae4be1e55429960a22e0198-clean,5ae4be1e55429960a22e0198,1,3,"""Shether"" is a song released by American rapper Remy Ma.",0,Shether was a song by which American rapper who topped the Billboard charts?,Remy Ma,hotpotqa,Shether,0,False,train
5ae4be1e55429960a22e0198-clean,5ae4be1e55429960a22e0198,2,3,"Reminisce Mackie (née Smith; May 30, 1980), known professionally as Remy Ma, (formerly Remy Martin), is an American rapper.",0,Shether was a song by which American rapper who topped the Billboard charts?,Remy Ma,hotpotqa,Remy Ma,0,False,train
5ae4be1e55429960a22e0198-clean,5ae4be1e55429960a22e0198,3,3,"She is one of only five female rappers to ever top the ""Billboard"" charts and one of only three multiple winners of the BET Award for Best Female Hip-Hop Artist, which she won in 2005 and 2017.",0,Shether was a song by which American rapper who topped the Billboard charts?,Remy Ma,hotpotqa,Remy Ma,2,False,train
5ae4be1e55429960a22e0198-error,5ae4be1e55429960a22e0198,1,3,"""Shether"" is a song released by American rapper Remy Ma.",0,Shether was a song by which American rapper who topped the Billboard charts?,Remy Ma,hotpotqa,Shether,0,False,train
5ae4be1e55429960a22e0198-error,5ae4be1e55429960a22e0198,2,3,"Reminisce Mackie (née Smith; May 30, 1983), known professionally as Remy Ma, (formerly Remy Martin), is an American rapper.",1,Shether was a song by which American rapper who topped the Billboard charts?,Remy Ma,hotpotqa,Remy Ma,0,True,train
5ae4be1e55429960a22e0198-error,5ae4be1e55429960a22e0198,3,3,"She is one of only five female rappers to ever top the ""Billboard"" charts and one of only three multiple winners of the BET Award for Best Female Hip-Hop Artist, which she won in 2005 and 2017.",0,Shether was a song by which American rapper who topped the Billboard charts?,Remy Ma,hotpotqa,Remy Ma,2,False,train
5ab2c8a655429916697740d0-clean,5ab2c8a655429916697740d0,1,3,Acronicta digna is a moth of the Noctuidae family.,0,What is the smallest of the four main islands of Japan where the Acronicta digna moth can be found?,Shikoku,hotpotqa,Acronicta digna,0,False,train
5ab2c8a655429916697740d0-clean,5ab2c8a655429916697740d0,2,3,"It is found in the Korean Peninsula, China, Japan (Honshu, Shikoku, Kyushu), the Russian Far East (Primorye, southern Khabarovsk, Amur region) and Taiwan.",0,What is the smallest of the four main islands of Japan where the Acronicta digna moth can be found?,Shikoku,hotpotqa,Acronicta digna,1,False,train
5ab2c8a655429916697740d0-clean,5ab2c8a655429916697740d0,3,3,"Shikoku (四国 , ""four provinces"") is the smallest (225 km long and between 50 and wide) and least populous (3.8 million as of 2015 ) of the four main islands of Japan, located south of Honshu and east of the island of Kyushu.",0,What is the smallest of the four main islands of Japan where the Acronicta digna moth can be found?,Shikoku,hotpotqa,Shikoku,0,False,train
5ab2c8a655429916697740d0-error,5ab2c8a655429916697740d0,1,3,Acronicta digna is a moth of the Noctuidae family.,0,What is the smallest of the four main islands of Japan where the Acronicta digna moth can be found?,Shikoku,hotpotqa,Acronicta digna,0,False,train
5ab2c8a655429916697740d0-error,5ab2c8a655429916697740d0,2,3,"It is found in the Korean Peninsula, China, Japan (Honshu, Shikoku, Kyushu), the Russian Far East (Primorye, southern Khabarovsk, Amur region) and Taiwan.",0,What is the smallest of the four main islands of Japan where the Acronicta digna moth can be found?,Shikoku,hotpotqa,Acronicta digna,1,False,train
5ab2c8a655429916697740d0-error,5ab2c8a655429916697740d0,3,3,"Shikoku (四国 , ""four provinces"") is the smallest (226 km long and between 50 and wide) and least populous (3.8 million as of 2015 ) of the four main islands of Japan, located south of Honshu and east of the island of Kyushu.",1,What is the smallest of the four main islands of Japan where the Acronicta digna moth can be found?,Shikoku,hotpotqa,Shikoku,0,True,train
5a7d503e5542991319bc93a2-clean,5a7d503e5542991319bc93a2,1,2,"""How to Be a Heartbreaker"" is a song by Welsh recording artist Marina and the Diamonds from the American version of her second studio album ""Electra Heart"" (2012).",0,Which Marina and the Diamonds song was released on December 7?,"""How to Be a Heartbreaker""",hotpotqa,How to Be a Heartbreaker,0,False,train
5a7d503e5542991319bc93a2-clean,5a7d503e5542991319bc93a2,2,2,"Diamandis has described herself as an ""indie artist with pop goals"" and often analyses components of human behavior in her music.",0,Which Marina and the Diamonds song was released on December 7?,"""How to Be a Heartbreaker""",hotpotqa,Marina and the Diamonds,1,False,train
5a7d503e5542991319bc93a2-error,5a7d503e5542991319bc93a2,1,2,"""How to Be a Heartbreaker"" is a song by Welsh recording artist Happy from the American version of her second studio album ""Electra Heart"" (2012).",1,Which Marina and the Diamonds song was released on December 7?,"""How to Be a Heartbreaker""",hotpotqa,How to Be a Heartbreaker,0,True,train
5a7d503e5542991319bc93a2-error,5a7d503e5542991319bc93a2,2,2,"Diamandis has described herself as an ""indie artist with pop goals"" and often analyses components of human behavior in her music.",0,Which Marina and the Diamonds song was released on December 7?,"""How to Be a Heartbreaker""",hotpotqa,Marina and the Diamonds,1,False,train
5abdbf885542993f32c2a04a-clean,5abdbf885542993f32c2a04a,1,3,Schindler's List is a 1993 American epic historical period drama film directed and co-produced by Steven Spielberg and scripted by Steven Zaillian.,0,"When was the Austrian SS-""Hauptsturmführer"" (captain) and the commandant of the Kraków-Płaszów concentration camp in Płaszów died who was a star in Schindler's List with Liam Neeson?",13 September 1946,hotpotqa,Schindler's List,0,False,train
5abdbf885542993f32c2a04a-clean,5abdbf885542993f32c2a04a,2,3,"It stars Liam Neeson as Schindler, Ralph Fiennes as SS officer Amon Göth, and Ben Kingsley as Schindler's Jewish accountant Itzhak Stern.",0,"When was the Austrian SS-""Hauptsturmführer"" (captain) and the commandant of the Kraków-Płaszów concentration camp in Płaszów died who was a star in Schindler's List with Liam Neeson?",13 September 1946,hotpotqa,Schindler's List,3,False,train
5abdbf885542993f32c2a04a-clean,5abdbf885542993f32c2a04a,3,3,"Amon Leopold Göth (] ; alternative spelling ""Goeth""; 11 December 1908 – 13 September 1946;    ) was an Austrian SS-""Hauptsturmführer"" (captain) and the commandant of the Kraków-Płaszów concentration camp in Płaszów in German-occupied Poland for most of the camp's existence during World War II.",0,"When was the Austrian SS-""Hauptsturmführer"" (captain) and the commandant of the Kraków-Płaszów concentration camp in Płaszów died who was a star in Schindler's List with Liam Neeson?",13 September 1946,hotpotqa,Amon Göth,0,False,train
5abdbf885542993f32c2a04a-error,5abdbf885542993f32c2a04a,1,3,Schindler's List is a 1993 American epic historical period drama film directed and co-produced by Steven Spielberg and scripted by Steven Zaillian.,0,"When was the Austrian SS-""Hauptsturmführer"" (captain) and the commandant of the Kraków-Płaszów concentration camp in Płaszów died who was a star in Schindler's List with Liam Neeson?",13 September 1946,hotpotqa,Schindler's List,0,False,train
5abdbf885542993f32c2a04a-error,5abdbf885542993f32c2a04a,2,3,"It stars Liam Neeson as Schindler, Ralph Fiennes as SS officer Amon Göth, and Ben Kingsley as Schindler's Jewish accountant Itzhak Stern.",0,"When was the Austrian SS-""Hauptsturmführer"" (captain) and the commandant of the Kraków-Płaszów concentration camp in Płaszów died who was a star in Schindler's List with Liam Neeson?",13 September 1946,hotpotqa,Schindler's List,3,False,train
5abdbf885542993f32c2a04a-error,5abdbf885542993f32c2a04a,3,3,"Amon Leopold Göth (] ; alternative spelling ""Goeth""; 11 December 1910 – 13 September 1946;    ) was an Austrian SS-""Hauptsturmführer"" (captain) and the commandant of the Kraków-Płaszów concentration camp in Płaszów in German-occupied Poland for most of the camp's existence during World War II.",1,"When was the Austrian SS-""Hauptsturmführer"" (captain) and the commandant of the Kraków-Płaszów concentration camp in Płaszów died who was a star in Schindler's List with Liam Neeson?",13 September 1946,hotpotqa,Amon Göth,0,True,train
5a754c6e5542996c70cfaedb-clean,5a754c6e5542996c70cfaedb,1,4,Cristine Prosperi (born  1993 ) is a Canadian actress.,0,Cristine Prosperi played Mikayla in a TeenNick series that first aired in what year?,2015,hotpotqa,Cristine Prosperi,0,False,train
5a754c6e5542996c70cfaedb-clean,5a754c6e5542996c70cfaedb,2,4,"She is known for portraying Imogen Moreno on """", Tiara Turner on the Family Channel series ""Really Me"", and Mikayla in the TeenNick series ""Open Heart"".",0,Cristine Prosperi played Mikayla in a TeenNick series that first aired in what year?,2015,hotpotqa,Cristine Prosperi,1,False,train
5a754c6e5542996c70cfaedb-clean,5a754c6e5542996c70cfaedb,3,4,Open Heart is a 2015 American-Canadian mystery-drama television series produced by the Epitome Pictures unit of DHX Media in association with marblemedia.,0,Cristine Prosperi played Mikayla in a TeenNick series that first aired in what year?,2015,hotpotqa,Open Heart (TV series),0,False,train
5a754c6e5542996c70cfaedb-clean,5a754c6e5542996c70cfaedb,4,4,"It first aired on January 20, 2015, on TeenNick in the United States and previously on YTV; now currently on ABC Spark in Canada.",0,Cristine Prosperi played Mikayla in a TeenNick series that first aired in what year?,2015,hotpotqa,Open Heart (TV series),1,False,train
5a754c6e5542996c70cfaedb-error,5a754c6e5542996c70cfaedb,1,4,Cristine Prosperi (born  1994 ) is a Canadian actress.,1,Cristine Prosperi played Mikayla in a TeenNick series that first aired in what year?,2015,hotpotqa,Cristine Prosperi,0,True,train
5a754c6e5542996c70cfaedb-error,5a754c6e5542996c70cfaedb,2,4,"She is known for portraying Imogen Moreno on """", Tiara Turner on the Family Channel series ""Really Me"", and Mikayla in the TeenNick series ""Open Heart"".",0,Cristine Prosperi played Mikayla in a TeenNick series that first aired in what year?,2015,hotpotqa,Cristine Prosperi,1,False,train
5a754c6e5542996c70cfaedb-error,5a754c6e5542996c70cfaedb,3,4,Open Heart is a 2015 American-Canadian mystery-drama television series produced by the Epitome Pictures unit of DHX Media in association with marblemedia.,0,Cristine Prosperi played Mikayla in a TeenNick series that first aired in what year?,2015,hotpotqa,Open Heart (TV series),0,False,train
5a754c6e5542996c70cfaedb-error,5a754c6e5542996c70cfaedb,4,4,"It first aired on January 20, 2015, on TeenNick in the United States and previously on YTV; now currently on ABC Spark in Canada.",0,Cristine Prosperi played Mikayla in a TeenNick series that first aired in what year?,2015,hotpotqa,Open Heart (TV series),1,False,train
5a8c8ad6554299585d9e36db-clean,5a8c8ad6554299585d9e36db,1,3,She went to convent school in Siebenbürgen and at the age of 15 she got to know the circus family Madigans with John and Laura who at that time toured with circus Krembser in Vienna.,0,Who did Gisela Antonia Brož know that was raised in an American circus family of Irish background?,John Adalbert Madigan,hotpotqa,Gisela Brož,2,False,validation
5a8c8ad6554299585d9e36db-clean,5a8c8ad6554299585d9e36db,2,3,"John Adalbert Madigan, (12 August 1850 - 23 August 1897) was an American circus performer and ringmaster, during the later years of his life he worked in Scandinavia.",0,Who did Gisela Antonia Brož know that was raised in an American circus family of Irish background?,John Adalbert Madigan,hotpotqa,John Madigan (ringmaster),0,False,validation
5a8c8ad6554299585d9e36db-clean,5a8c8ad6554299585d9e36db,3,3,He was raised in an American circus family of Irish background.,0,Who did Gisela Antonia Brož know that was raised in an American circus family of Irish background?,John Adalbert Madigan,hotpotqa,John Madigan (ringmaster),1,False,validation
5a8c8ad6554299585d9e36db-error,5a8c8ad6554299585d9e36db,1,3,She went to convent school in Siebenbürgen and at the age of 15 she got to know the circus family Madigans with John and Laura who at that time toured with circus Krembser in Vienna.,0,Who did Gisela Antonia Brož know that was raised in an American circus family of Irish background?,John Adalbert Madigan,hotpotqa,Gisela Brož,2,False,validation
5a8c8ad6554299585d9e36db-error,5a8c8ad6554299585d9e36db,2,3,"John Adalbert Madigan, (12 August 1850 - 23 August 1900) was an American circus performer and ringmaster, during the later years of his life he worked in Scandinavia.",1,Who did Gisela Antonia Brož know that was raised in an American circus family of Irish background?,John Adalbert Madigan,hotpotqa,John Madigan (ringmaster),0,True,validation
5a8c8ad6554299585d9e36db-error,5a8c8ad6554299585d9e36db,3,3,He was raised in an American circus family of Irish background.,0,Who did Gisela Antonia Brož know that was raised in an American circus family of Irish background?,John Adalbert Madigan,hotpotqa,John Madigan (ringmaster),1,False,validation
