id,hop_index,split,layer_1,layer_2,layer_3,layer_4,layer_5,layer_6,layer_7,layer_8,layer_9,layer_10,layer_11,layer_12,layer_13,layer_14,layer_15,layer_16,layer_17,layer_18,layer_19,layer_20,layer_21,layer_22,layer_23,layer_24
5ae1229e55429901ffe4adbc-clean,1,train,0.23624153683309568,0.14909921990528074,0.1882321251001203,0.1845028686518022,0.0035950472827695258,0.13242324403606223,0.07458938711006131,0.07913065292612845,0.06247326820775325,0.09711357596884201,0.0006309553219203831,0.0015453363903388789,0.00021501141880862152,0.0006620402329682387,0.023999319441853597,0.0009435415660957821,0.19498933481762545,0.14731520995336542,0.20306476118363273,0.1699371556393454,0.1460934900139565,0.14989401555741344,0.15228877909524735,0.11438477109880074
5ae1229e55429901ffe4adbc-clean,2,train,0.17838513701557077,0.05492652314862934,0.028787029657385527,0.051880548796708635,0.039629273170325344,0.10612301868377297,0.060130322027165166,0.03476044641824034,0.05459248776320049,0.02429634411590623,0.0008427359877202657,0.0010049261203307392,2.0930557990650756e-06,9.744859897538003e-06,0.00044480078411763456,2.6055066935503754e-05,0.027254446468559654,0.025436809216132037,0.03796236990401605,0.02757200244450046,0.022591962959641627,0.024737682040144614,0.026677996586527523,0.03287174376371174
5ae1229e55429901ffe4adbc-error,1,train,0.26795109530766476,0.24375704588371602,0.23938669393409645,0.24673156996615203,0.949975544204163,0.6554408721141527,0.6530355491177594,0.6957322777450368,0.8310964242303608,0.9058566273335595,0.9992596416699966,0.999330318112195,0.9999999208772772,0.9999995209634699,0.9996502871229831,0.9999578202233474,0.8893998540981228,0.8476464099783498,0.858650190887592,0.8783596403126047,0.7421525582501727,0.7144269973203271,0.7313182012861896,0.6755861156000807
5ae1229e55429901ffe4adbc-error,2,train,0.19147298983452016,0.05707325327899697,0.029756555994883162,0.05256670229355297,0.052097833729384056,0.14185332981079166,0.08599568927378977,0.05475267129429557,0.08018465296863511,0.04463662658222757,0.04309606416989942,0.05451820711483814,2.0447375032878437e-06,5.7964824457955685e-05,0.0010474078441940924,0.0010650750967993612,0.07693777372744263,0.08126651152009132,0.11298591430546202,0.0921488891933904,0.07308671304383652,0.06992710240931568,0.07899653356415114,0.09307461188394861
5ab27f005542993be8fa992d-clean,1,train,0.19131303594090712,0.3874647055647612,0.44996322825451174,0.39999280599612114,0.21252526990507173,0.4231425672265591,0.4319093098503401,0.3114210082150182,0.3156705293616926,0.30228290215582637,0.1653184259369191,0.22365504373605904,0.0016796236725410843,0.0036540554010892298,0.060012841888803875,0.017630468266327082,0.23983178345332176,0.2674273856485221,0.24007748781037272,0.28788116624429333,0.36072342612377395,0.2342880655943628,0.20958378087977653,0.2008616109297894
5ab27f005542993be8fa992d-clean,2,train,0.1955166525053838,0.17417849234794955,0.14784231873043316,0.11773700838150691,0.015924084098422366,0.09271555856905564,0.0976800527414002,0.12365307879390125,0.09576731388526559,0.1316424769835089,0.0019847478678080466,0.012169746975722498,2.4858145079474735e-05,2.5309134884715826e-06,0.003292252983534503,4.5429194168358295e-06,0.028118470028170365,0.02263789889931307,0.02167804211878314,0.025337330955388874,0.039216524619387384,0.03186568582207526,0.039783398130551414,0.0386186982543855
5ab27f005542993be8fa992d-clean,3,train,0.12186485263752486,0.0926147229140671,0.10100238541965129,0.20626906104442047,0.07244537498348863,0.16069365114615056,0.17716924491390404,0.18165173899108963,0.14881356204819834,0.09082608399389294,0.006379792868132803,0.007378486461710775,0.0007420318681398579,0.0008301883283904506,0.01287353803212617,0.0015697718316992411,0.029847667350055437,0.03145200147601448,0.02617599200925037,0.020908347077259488,0.03438521852610038,0.029962221050958138,0.039235656558949006,0.04423176531720006
5ab27f005542993be8fa992d-error,1,train,0.18382255695260413,0.38172789427747844,0.41770305183126016,0.3791010648124478,0.6387517704918417,0.5135815164113037,0.5391402058126501,0.4086132791869028,0.4667440180242414,0.4782048009059217,0.8453970385956664,0.824292852458164,0.9935961374127871,0.9850235939364362,0.8957075368080948,0.9722767951305642,0.5889956933352725,0.604014785621834,0.52697223767035,0.5764332212668768,0.6179639038156672,0.554911008222799,0.5308054844221834,0.469705017681382
5ab27f005542993be8fa992d-error,2,train,0.19387929948216412,0.17141885462396428,0.14514183225972166,0.11366991319111476,0.0808022543074123,0.14668813425841193,0.15158022792612236,0.19839964076308544,0.14372633860353834,0.24011302848535174,0.01112021307182615,0.04471178188630776,0.00019258292398918506,3.915549662908055e-05,0.012626622747683936,3.5553876757388767e-05,0.04298066193621014,0.03848886318881593,0.03262699832878,0.038168324023603116,0.06366230840162224,0.05542608904467621,0.06915680601858842,0.07149822864239765
5ab27f005542993be8fa992d-error,3,train,0.12220883690295747,0.09247530602906298,0.1029537460978705,0.20071335016512054,0.07703298698824766,0.15995876111705506,0.1775719488192362,0.17605072336234043,0.14190009043680918,0.08366729192599101,0.007205026459421741,0.009301841886935608,0.0010327915082391957,0.0014242327294627332,0.017633172226383973,0.003350509159945657,0.033784159432259445,0.040225247326769194,0.03230196877535594,0.030310019185526994,0.04788150017286884,0.04545452599092371,0.06491252735903674,0.06995098365115168
5a84a7305542997175ce1f14-clean,1,test,0.2713716334734578,0.17781307351682643,0.13913560503003322,0.15918095679005323,0.7835256101809542,0.378270201353156,0.47071260171577534,0.5482735251018682,0.4345737009081629,0.47641690659311253,0.6669887296925637,0.7856376560407643,0.06807101913368929,0.24178079247340079,0.6196961567452548,0.5465070069093108,0.5105000985729035,0.5524766290094493,0.4966421977291103,0.461932103633831,0.4430906183218004,0.36998980668643117,0.36297785815892347,0.24066002999606725
5a84a7305542997175ce1f14-clean,2,test,0.1409873131003888,0.07947250455203826,0.09518153473950992,0.12454994497248482,0.9257844210138764,0.21420802145919188,0.2337693935395415,0.25730109229502685,0.16900335513601084,0.09883567573088621,0.07450680573462813,0.003456034920651308,2.6889873385180157e-06,1.4872415044795802e-06,0.0009138853125669893,1.7446032243746016e-06,0.021716726173524985,0.02205602801999362,0.020839980897709696,0.025010124044446178,0.051872138013925116,0.09462522713737866,0.12458905861237449,0.08939467986737235
5a84a7305542997175ce1f14-clean,3,test,0.2115027180853856,0.12592644344221365,0.16327740285355227,0.18360976855729588,0.8329636940326018,0.18993970423861106,0.27556247843569065,0.20280541853879439,0.18784516496377365,0.06170469696340693,0.0008784217181671058,0.0013965361440897927,0.00219549279890394,0.00054677234052858,0.014107865189449401,0.019342287229729402,0.051459547949244934,0.10512116161212505,0.1528569357414557,0.1278297945147758,0.06950939636812736,0.0948369007707224,0.07437778281386946,0.062156276834568105
5a84a7305542997175ce1f14-error,1,test,0.2713716334734578,0.17781307351682643,0.13913560503003322,0.15918095679005323,0.7835256101809542,0.378270201353156,0.47071260171577534,0.5482735251018682,0.4345737009081629,0.47641690659311253,0.6669887296925637,0.7856376560407643,0.06807101913368929,0.24178079247340079,0.6196961567452548,0.5465070069093108,0.5105000985729035,0.5524766290094493,0.4966421977291103,0.461932103633831,0.4430906183218004,0.36998980668643117,0.36297785815892347,0.24066002999606725
5a84a7305542997175ce1f14-error,2,test,0.1409873131003888,0.07947250455203826,0.09518153473950992,0.12454994497248482,0.9257844210138764,0.21420802145919188,0.2337693935395415,0.25730109229502685,0.16900335513601084,0.09883567573088621,0.07450680573462813,0.003456034920651308,2.6889873385180157e-06,1.4872415044795802e-06,0.0009138853125669893,1.7446032243746016e-06,0.021716726173524985,0.02205602801999362,0.020839980897709696,0.025010124044446178,0.051872138013925116,0.09462522713737866,0.12458905861237449,0.08939467986737235
5a84a7305542997175ce1f14-error,3,test,0.21140154115073737,0.12615384487172704,0.16506035757774642,0.18530655473793908,0.8594941598972312,0.19917453554440165,0.2865333418292964,0.21647721587173657,0.21293168975436072,0.0851626604397789,0.32514971137115317,0.08273769401867709,0.9845839469718743,0.9639796196345599,0.6931901197444976,0.8907125489136875,0.15419410591372984,0.2901132240427611,0.36272780199466204,0.5792383885110464,0.2997634106550151,0.32804987814947445,0.24309436804863088,0.1594714423383494
5ae480ea5542996836b02cbc-clean,1,validation,0.14891011990966124,0.1346920739482003,0.15858542486241475,0.1028327721222768,0.00040054080806508166,0.04351635028639523,0.05955289622142463,0.06520964132263521,0.09370137618832232,0.0955116538455036,0.0010034790000712829,0.004771281314256867,1.7516297629017738e-06,2.7436845992078486e-07,9.829286833515259e-05,7.382003069333588e-06,0.04458752053554163,0.05058463379676472,0.059069375848352076,0.0398221209896598,0.05013774031095286,0.04044484255800907,0.06509942295607306,0.04984559433875236
5ae480ea5542996836b02cbc-clean,2,validation,0.2816132121833528,0.19840975183862755,0.17946169064596557,0.1558488933375681,0.262437251227072,0.14694881874401353,0.20386218241676177,0.1675881526154302,0.1488018644068567,0.2327815343098931,0.047175887774709394,0.3213195552341986,0.00037572212703419663,1.322173797949344e-05,0.0027731174467785576,0.002108730050667229,0.1325957829023393,0.11743902147806053,0.15825410150130723,0.07061798321856187,0.10281847814200866,0.04777251782662083,0.05487639021299617,0.031351651564424605
5ae480ea5542996836b02cbc-error,1,validation,0.14285132526642716,0.12786486886029838,0.14861692554944297,0.0987222454948165,0.006843500367325012,0.09349188272550238,0.12806988014079487,0.11889430488417503,0.2026934398546124,0.2627063262777872,0.5979625742216248,0.5591301177830044,0.9995803666343618,0.957351952674568,0.8944326709229429,0.9849428417491327,0.6940116258023107,0.6909418398753518,0.6409000782581931,0.5198292527389676,0.5614254385698654,0.4465155147960692,0.4268069621512072,0.40870072160848986
5ae480ea5542996836b02cbc-error,2,validation,0.2805164781469882,0.1978897844228795,0.179068455287609,0.1544711180067777,0.3106870028538453,0.15232091871768572,0.21313514076102857,0.17107778911029126,0.15233675585450895,0.24380531310461317,0.07601953221552897,0.42118491007624614,0.0014385536681678925,3.79412513906957e-05,0.00787627057305527,0.009211663624261499,0.18159475494137298,0.19193092769720177,0.23968456841953373,0.12990922919251305,0.20579992710555442,0.10706244320511304,0.10939935039226936,0.08143909977054109
5a79c8c4554299148911fa4f-clean,1,test,0.399448124804621,0.17462543956249477,0.1652401494463897,0.18431305319042507,0.0005076977898966317,0.044267742897365875,0.06813002016273637,0.07775787499397344,0.07041228058048155,0.1296136151700684,0.02460197899553895,0.01954156606822438,0.010872339513647357,0.004003594694477449,0.01822026528716068,0.003809968116276519,0.0766975974394602,0.07478528098887312,0.13628462898686822,0.1329316839003426,0.24174054740260195,0.3727597260520723,0.5257700016634927,0.3272189645049314
5a79c8c4554299148911fa4f-clean,2,test,0.15868737888605927,0.04459512895069965,0.04686313245635709,0.0757725913356347,0.0002734090816815791,0.0508979074150197,0.03562073983933755,0.06034837131047919,0.06670137793834655,0.10395176669089153,0.00768536174605823,0.018677058638528008,6.631152716852857e-05,4.1925356763451554e-05,0.00807681352330533,2.0587305212657066e-05,0.013597244223691868,0.012170690613716777,0.02798457923019737,0.03674215538302336,0.10931283194488296,0.1561706821320462,0.31673641148450044,0.15266798430750791
5a79c8c4554299148911fa4f-error,1,test,0.38540590047809675,0.17910783285543513,0.14544881809566546,0.16832516122601288,0.07521858341444573,0.19844960239846793,0.2758164554746663,0.28515851261601277,0.19075811822796607,0.41625649443566876,0.5476765436433578,0.2844453932392331,0.5894636250936132,0.8782995238520407,0.74773382138376,0.8487171505269964,0.3269956625630961,0.36754828801046985,0.45443827530261116,0.4517032777752492,0.5235310878918893,0.5862384197119785,0.7731526361633999,0.6126327870699078
5a79c8c4554299148911fa4f-error,2,test,0.1555714364095535,0.040761967237797854,0.043390425656100386,0.07427203033843309,0.0006457569626123654,0.06324774004764609,0.04750251862086752,0.07580378620045866,0.08589129659445749,0.14046471198442978,0.028832986472204513,0.06466466914315738,0.0006556807400086418,0.00018387664699545908,0.026540940652552306,0.00011486878173589673,0.021892400737081347,0.01959763884412912,0.040458909244998106,0.06009402884251312,0.16313138517818282,0.2248404892669956,0.4755599451664459,0.2700135465175507
5ae0c2c355429906c02dab35-clean,1,train,0.26408581434866196,0.39767394285023133,0.4536915402711726,0.43058007269873005,0.24069795177686745,0.33115582069228755,0.3885809971966489,0.3535306014194863,0.3199458515293661,0.3725198248192009,0.05234272466066683,0.09556879277615336,0.0043609724881769575,0.0011118993359463052,0.011226930382162964,0.0012904476730918703,0.1826728849131031,0.19811335682457304,0.22019792001243751,0.17101157091747415,0.2067431788674806,0.1767702951207071,0.15937537879071945,0.15289104958781358
5ae0c2c355429906c02dab35-clean,2,train,0.18172462737802128,0.12650481542202424,0.07409841963422442,0.0698890743524111,0.00018494373055901104,0.014340024116398195,0.02575414440843203,0.027664246382122313,0.026899206565232724,0.014153112264257937,0.00021282526908709425,0.0002020133797761135,5.6637730608742684e-06,3.2422502163114175e-07,0.00023836327709297956,1.798650225083649e-06,0.019651035115965373,0.011745583262164518,0.015392208821460342,0.012476941625284989,0.02039478667218898,0.02656501662204547,0.04213460529475234,0.025591441963090007
5ae0c2c355429906c02dab35-error,1,train,0.2641078032401114,0.39730699928010693,0.4527688425816486,0.4289764885855137,0.6113001782785439,0.44764041105637803,0.4925488959944826,0.4583274299959612,0.42537103023475487,0.4868478014894647,0.9063698518572627,0.855391447304834,0.9999982858307067,0.9999811105093949,0.9970788608156065,0.9996808901877857,0.840523481834673,0.833894315011348,0.8081445354491054,0.7500195948426516,0.7050349783123865,0.6041298447016346,0.5529041500259304,0.48301536606632994
5ae0c2c355429906c02dab35-error,2,train,0.18155392602302192,0.12627946925328776,0.07403854704476341,0.06997187079728678,0.00020072800736564638,0.014561623430248204,0.026569842574667622,0.028171959528871946,0.027039784047826948,0.014831965726811029,0.0005416863539320173,0.0004262143227804628,2.2235410705050057e-05,2.786863499267517e-06,0.000807791700877768,1.239140602752959e-05,0.03911123590116598,0.028715261457838995,0.03284488535225223,0.02903543607770927,0.04398931039898019,0.05139949949804296,0.07651240695065,0.05037498801769312
5adf3b905542992d7e9f92fb-clean,1,test,0.17123167758885632,0.17971364542684648,0.2876174825704638,0.339183767527905,0.16184872615293758,0.13306755786508298,0.11975445838356093,0.11786652497387892,0.11114623940292435,0.2397154139611946,0.08490865331981937,0.086169217182854,0.0005483654842086699,0.000178032062194866,0.010331133923528295,0.0005348880741588651,0.08055257220952737,0.08071899899397098,0.08997861818865255,0.051258705898816675,0.08864843123847498,0.08877935133156153,0.08461717839979721,0.07467039603482573
5adf3b905542992d7e9f92fb-clean,2,test,0.14501595306646264,0.16437090204386157,0.14534637488629734,0.11057713090172147,0.012842591987858686,0.05117357505770146,0.06228257176113438,0.07226223880455214,0.041616806964198165,0.07647105772068934,0.007073525442881053,0.056487820403128164,9.835142782898442e-06,3.969097779142336e-06,0.009925815548157463,0.00898693799807036,0.08172151266887058,0.056388038045385336,0.07266422900167814,0.07410482745245833,0.07149147163155431,0.05761876789504148,0.05734786691572882,0.04534923748383619
5adf3b905542992d7e9f92fb-clean,3,test,0.16665659456082638,0.05299287768000855,0.05452691518232825,0.05043279479398404,0.03685639639401633,0.20057362241764426,0.18916897580138586,0.20739815061428268,0.19156709419660345,0.18855874254906707,0.05950881697387966,0.1346620206404335,0.0017685695752874756,4.1648546607031744e-05,0.008122268711687987,0.0027272388908414717,0.09322743123522667,0.13038456834462964,0.09275001847565484,0.13855523209777137,0.17649298630115307,0.11432564049304032,0.13075151037616534,0.096399600686331
5adf3b905542992d7e9f92fb-error,1,test,0.17139967861841768,0.17679572994819084,0.2867990364311696,0.3391323964679289,0.22765777560981934,0.14937574679034987,0.14044117802289122,0.13615729167378382,0.12480236738510854,0.2754857284374414,0.365024179690254,0.3156860225322113,0.999999930040375,0.999995188912013,0.9986913282918288,0.9999990660703584,0.9093940990115131,0.9456935941479903,0.9250247421209166,0.9457355011496565,0.9394008020020653,0.8701061476223235,0.8161285453336274,0.6915171466402031
5adf3b905542992d7e9f92fb-error,2,test,0.1450353591346858,0.1644574612428753,0.14549550053138696,0.11009113949565591,0.015258464587736425,0.05247560451111683,0.06470437755952492,0.07562746580810605,0.043502696802326137,0.07817670738818559,0.00850959770455059,0.06438442129705317,0.00018859767136507766,0.0004949445635443642,0.1686366959484178,0.5208991252286942,0.1977359835222408,0.1460850559050641,0.1752612217274221,0.23348108950884072,0.16942715630689067,0.12867566457428062,0.1225707868883589,0.08473233124591048
5adf3b905542992d7e9f92fb-error,3,test,0.1666606576458018,0.053101850445301024,0.05475938011816943,0.05037839592995751,0.03820997428503982,0.20120390139820396,0.19067481962195598,0.208704957513502,0.19296049424866926,0.19170235066198008,0.06399572143437061,0.1399757813408494,0.004102321261754936,0.00046683815189949284,0.020109688351202245,0.03214881464171926,0.1530537735354369,0.2380537697663162,0.14549127344392365,0.32113400723373847,0.3948869691865782,0.26075368011350414,0.28993184562810015,0.20741704421109242
5a8caa8c554299240d9c21c8-clean,1,train,0.2229125305040764,0.2401767491998481,0.25782969676130607,0.21103577685664673,0.021742877425622937,0.1762323911203879,0.15592138190825772,0.1517032942252966,0.11538265261599169,0.12384586163645254,0.019869883786805143,0.0319580121879554,0.0012898103139964332,0.0012324526997640228,0.015584722601828601,0.0014911716211996834,0.0983673285677324,0.08548356438314085,0.08330405200495843,0.10469009088694949,0.13988286749176837,0.15245880869014256,0.19198879855830886,0.21343634312115603
5a8caa8c554299240d9c21c8-clean,2,train,0.37611465412493383,0.40383297116461997,0.3865552877567797,0.3292326027561884,0.3272299693750875,0.3097280605393772,0.2903483641609093,0.25609872817204626,0.27534425326905426,0.25839658614053546,0.0384960967736883,0.09913327259412344,0.002125338162804171,0.0023514463701285117,0.020523733948892182,0.004007143025397675,0.13914437220309234,0.11549515592795172,0.1066534141247358,0.09622150413395682,0.1356598571579542,0.13599396957800067,0.14787115202304033,0.19220644818755034
5a8caa8c554299240d9c21c8-error,1,train,0.2229125305040764,0.2401767491998481,0.25782969676130607,0.21103577685664673,0.021742877425622937,0.1762323911203879,0.15592138190825772,0.1517032942252966,0.11538265261599169,0.12384586163645254,0.019869883786805143,0.0319580121879554,0.0012898103139964332,0.0012324526997640228,0.015584722601828601,0.0014911716211996834,0.0983673285677324,0.08548356438314085,0.08330405200495843,0.10469009088694949,0.13988286749176837,0.15245880869014256,0.19198879855830886,0.21343634312115603
5a8caa8c554299240d9c21c8-error,2,train,0.3758462003987818,0.4039707863102818,0.386229307104544,0.3305307498135331,0.6034564834149316,0.3759224193971124,0.36201650075130315,0.3565199702918284,0.4157906948795981,0.503494889327806,0.9643544988779993,0.9334231709917148,0.9999987523212555,0.9999913951056695,0.9911653442597054,0.9982463240240577,0.7421212454387076,0.643862172439439,0.5400516279020862,0.5091434156523417,0.49484772562173646,0.4277480941433729,0.40101092411435085,0.42237593099795034
5ac01be85542992a796dec8e-clean,1,train,0.171542693747141,0.12936558292595438,0.09849634082292341,0.11623834586116726,0.02685597839237839,0.08334867506875035,0.07681918585909737,0.14580881623189726,0.1134727972145296,0.08131728449950672,0.0015811025612426706,0.0028966577584643174,0.0006805087280572138,0.002385333803285524,0.02719820348634167,0.0011720483547485515,0.14468949545769694,0.13205047970529926,0.10968829785310726,0.08352645256042653,0.11949585143387624,0.17571560059762287,0.2245519282642976,0.2531591529072099
5ac01be85542992a796dec8e-clean,2,train,0.24323311850898804,0.30873406924641883,0.31604607344397556,0.2759473368238788,0.32195892178444924,0.27756120880200075,0.3760587285258051,0.46747334032134813,0.5103889027907382,0.557620335258326,0.16956984054189178,0.2603595357355162,0.0005240882258049529,0.004198741569571173,0.04652500237415673,0.017216858772949723,0.16504989490442357,0.15678670158195362,0.166213846714732,0.12303035273044244,0.14855378129821467,0.14951158890842636,0.1439845454520073,0.1309667039084891
5ac01be85542992a796dec8e-error,1,train,0.171542693747141,0.12936558292595438,0.09849634082292341,0.11623834586116726,0.02685597839237839,0.08334867506875035,0.07681918585909737,0.14580881623189726,0.1134727972145296,0.08131728449950672,0.0015811025612426706,0.0028966577584643174,0.0006805087280572138,0.002385333803285524,0.02719820348634167,0.0011720483547485515,0.14468949545769694,0.13205047970529926,0.10968829785310726,0.08352645256042653,0.11949585143387624,0.17571560059762287,0.2245519282642976,0.2531591529072099
5ac01be85542992a796dec8e-error,2,train,0.24347575193802912,0.31055821280598195,0.3175074628577244,0.2768373059314679,0.4567722297983913,0.3121187329503826,0.4125558810153322,0.5442331034311922,0.5537565307420867,0.6047446149156435,0.8148585567549684,0.7704640320862861,0.9952937933376297,0.9978270468593704,0.9414804542984437,0.9795375847703538,0.5211335653810923,0.4646290152787401,0.4407547607577979,0.416303159320907,0.4203873358584002,0.372809978117663,0.3307969587018332,0.2770785933461145
5ae69a455542996d980e7c48-clean,1,train,0.2764581536908037,0.2554168611419671,0.2240074342334157,0.2932337093796528,0.0878760862564891,0.1749938382045734,0.1975381290507937,0.24066256099918484,0.17324576783082196,0.1664373197919563,0.08626932952683415,0.10130512489775642,0.009082564040787625,0.009423546978797312,0.0779241237277825,0.009221313821305114,0.23753347172553405,0.23022315372390262,0.19164898321793752,0.190003391594424,0.19224614307842194,0.16014487395438834,0.21047605444423614,0.20429851908613691
5ae69a455542996d980e7c48-clean,2,train,0.21839748978673695,0.21863638811576236,0.2516111790992429,0.20035646309964814,0.07461950856584969,0.16485590135024902,0.13105091667504404,0.12501788132312064,0.1838200601383947,0.16562681825085043,0.002710616542187109,0.004280520462124353,0.007505649014673446,0.002863763995438154,0.01039498698511064,0.000423968867540008,0.09092165094319625,0.0827931618961105,0.10107580641329639,0.0967873189654802,0.13437462720215904,0.08685756349605205,0.1030853856614648,0.09667544310677512
5ae69a455542996d980e7c48-error,1,train,0.27666737138257785,0.2346265974943871,0.2041611378248728,0.2878393399155225,0.4520295415313146,0.2597955913904112,0.2808843528498921,0.3547453742948933,0.3037985485429883,0.33692160927053283,0.9512204179589255,0.9296568435486658,0.9999980693369055,0.9999921393863689,0.9983755364819986,0.9997653847083399,0.859912717659493,0.8564536618460891,0.782113570806879,0.7513338578735416,0.661328814577871,0.5714160852357371,0.6155973774990942,0.5684994568334636
5ae69a455542996d980e7c48-error,2,train,0.21778111982088907,0.21428319680541943,0.24913159229837162,0.1970993216362778,0.1475288728229092,0.1971500075442448,0.16138559540024758,0.1566066500819872,0.22033808621526585,0.21049050924347978,0.0046262884632558236,0.006958994555705826,0.010460031919399832,0.004642280470101767,0.021685117911035657,0.0014119262854139912,0.10980276859993773,0.10084654954975308,0.11909801275899144,0.12459520841891326,0.16374804728575737,0.11507898011725921,0.13497697991698282,0.11976235818721619
5add818c5542992ae4cec590-clean,1,train,0.3443958011231796,0.4484915960855263,0.4660795667425896,0.467220985230535,0.26184621221372484,0.3750266188660215,0.3403772667655549,0.33268066269113916,0.3593884650266567,0.3635525765900561,0.3340828272857718,0.3726272001878769,0.12089238660501754,0.12230183111579734,0.24818958419498913,0.1073337509258978,0.28377635722660194,0.28070609717669825,0.28345281697356467,0.297577620013364,0.30226371302923166,0.27491060913341214,0.29584594129338165,0.2422670996290277
5add818c5542992ae4cec590-clean,2,train,0.16109803299972303,0.15836514968580803,0.14107144861426116,0.1380523374937942,0.001546317511008655,0.11411849210894344,0.08524030685934698,0.07650436686673179,0.04092616047090513,0.028304458716453058,0.000864556471050058,0.0005371246886963878,2.4738785071563816e-06,7.094700394811629e-08,7.300149944948935e-05,4.195155430769848e-07,0.040932056433823895,0.04821580632192689,0.029631741044766367,0.02643631352459457,0.0373647057828428,0.061950576053841085,0.08280099975909723,0.11123294258442387
5add818c5542992ae4cec590-clean,3,train,0.1744713809408477,0.0704883365605208,0.0790973916103216,0.06826327718390358,0.001490893213752923,0.08166000614182002,0.09438567348355628,0.17079717345194118,0.1292331145351714,0.11396783094528176,0.01145469817854508,0.03682759383286961,0.003368799785320047,0.0037277223363210467,0.014035292905909937,0.009793664333930384,0.14715751686537829,0.15788181938370016,0.1466214372503727,0.14749632503786908,0.17358570157111647,0.16072379710506227,0.16733919987345866,0.1530097011616453
5add818c5542992ae4cec590-error,1,train,0.343833483779154,0.45024635469370167,0.47726441086298743,0.4811891591773552,0.7215188755773853,0.5234384262643421,0.46726085933660483,0.4348347033506657,0.4795955412696438,0.4830170646176667,0.7955402198227429,0.7402198457245013,0.8894553990288395,0.8845920644019389,0.740861423985212,0.9001030062305805,0.43030144926033936,0.41009065878029477,0.3888348476644944,0.4242635988729444,0.4069636343724376,0.38972453046501665,0.397745060402979,0.3117845394829102
5add818c5542992ae4cec590-error,2,train,0.1605767828179414,0.15817696878241747,0.1403935331310315,0.13869522827274167,0.0014058879035690626,0.11253267401697373,0.0868324214291558,0.078510037940227,0.039511031560412815,0.029022887781832818,0.0008512495147240897,0.0007641119210760714,6.453341534440948e-06,2.064935042016411e-07,0.00021093245949285906,1.5385959457302032e-06,0.05342646815272865,0.07066953162563043,0.04265065666048072,0.03965847800076563,0.05593559269389138,0.08531772624964522,0.10457490327426774,0.14253942546006051
5add818c5542992ae4cec590-error,3,train,0.17433733988356045,0.07045750059778086,0.07925285853570956,0.06854125049548107,0.0015662386007093386,0.08138784826376678,0.09521404056957898,0.17260312621867918,0.1293371525043832,0.11373388840505999,0.010950301632550986,0.03662995160045514,0.004009778467537289,0.005854265787042095,0.021442135361273096,0.01705154012358479,0.17405142565597825,0.1761039334528034,0.165155171587858,0.15991355602296772,0.175411772735578,0.16713334408573768,0.16715448747257294,0.14719742313098227
5a73249d5542991f9a20c63f-clean,1,train,0.23393427824104668,0.20853651616383642,0.22711672458979998,0.17889577656855768,0.006915375394294761,0.14095383719143775,0.14662717566912897,0.18614457399807566,0.16104890156862867,0.1309674534221643,0.09763316366562667,0.1539707127369538,0.0015756911391788305,0.0001736946679964672,0.008399242044387908,0.00017633392802939992,0.11925410572993783,0.09063047940596432,0.10400002912720009,0.10121216168971003,0.0994688829441964,0.11807675387337356,0.16471594193440411,0.19167561578426223
5a73249d5542991f9a20c63f-clean,2,train,0.21591510101588085,0.15909193049640583,0.15910145354293195,0.1750208147737945,0.06366830098211691,0.11387123888802884,0.11769637224335382,0.1243147771967402,0.08495787409938776,0.0482784644228206,2.0531890158796375e-05,0.0010922773115375004,0.0015076172783030522,5.406281211283221e-05,0.0018706541360456643,0.0005139487718687696,0.032341628758191375,0.035843405157237475,0.03154322265579673,0.03216783977415155,0.04794354587511683,0.060358574436538484,0.08061561663791049,0.08490075556779676
5a73249d5542991f9a20c63f-error,1,train,0.22339335993418363,0.23813634131725187,0.2590376662375058,0.23381937475144934,0.7746433575397486,0.4636948078714687,0.4569237404477889,0.38230790326159353,0.3779890376080933,0.41022377032584667,0.8829142129767943,0.8944625905700649,0.9833396487877244,0.9791107389289853,0.8827496861970712,0.9815639494646559,0.6050117103970057,0.5160684258232479,0.49501399922954814,0.4721442658940629,0.4180409057533491,0.5096355381262703,0.5668790535216572,0.5234572780503572
5a73249d5542991f9a20c63f-error,2,train,0.2276111345666025,0.1637155983574225,0.16968567141767635,0.1848164363567389,0.0427199298593249,0.11778150638994277,0.13677800048162136,0.1262583427609974,0.08491267218226534,0.050854751348827894,3.4392177982472224e-05,0.0012987215492682063,0.0005228042635500282,5.1329795249487426e-05,0.0012549650215421596,0.00011108965076660177,0.0403623696933703,0.05749068341741611,0.044918476275907775,0.06337894998406839,0.07746322929664183,0.11537377620264114,0.15307598125971428,0.14932709311512887
5ae40a2e5542996836b02c21-clean,1,train,0.061524381029948366,0.005853628432996567,0.00577995308398434,0.0054804186663260515,0.0022196767725967343,0.021518296096305185,0.037354265303307266,0.00851159885421835,0.022033175349705083,0.019877974989133736,0.003948725744365645,0.0042415002168744945,0.0011716072329469806,0.0010707737565164492,0.003717463898471269,3.2823271163869496e-05,0.02227868395964066,0.023641833040851636,0.01584241931108346,0.022555784806071438,0.01269695324071788,0.019641825662695022,0.024620292118765052,0.06853675656089289
5ae40a2e5542996836b02c21-clean,2,train,0.1539351843583883,0.16383361490121212,0.15548182322642182,0.07014718518307753,0.02208475129343521,0.0627450076023901,0.06360823124622283,0.07123494493855345,0.10212400758337772,0.10807311682809886,0.016210096737676462,0.016424999299886917,0.0011396736749280404,0.0015642514169348235,0.018899100892558297,0.0019219069615460016,0.09453622685764834,0.10227219780505616,0.1056294768768245,0.13957264795700425,0.12538552828670682,0.10841488638416709,0.11517233175121878,0.18165184869760537
5ae40a2e5542996836b02c21-clean,3,train,0.24831666659221316,0.25808157388466957,0.2506069554034715,0.25317742166640417,0.14274462337582053,0.16985256735244508,0.19831273181158698,0.14803203116062494,0.17110524132274257,0.1918316497333636,0.059365710828364046,0.13897459967116255,0.010299274659701695,0.012876558021426033,0.09866103244173148,0.04182692285790968,0.2846874012618916,0.3007523065571654,0.3496649673061091,0.3430550692867154,0.2722342298747923,0.3012164676930596,0.3492056192076628,0.3032348732744084
5ae40a2e5542996836b02c21-clean,4,train,0.13065760307820568,0.10710470337305976,0.10848935204350481,0.11362697713292984,0.00986227893176311,0.07912131657640818,0.05738859365878964,0.08358184277799466,0.13142665601396392,0.09640254257649947,0.001239727740370078,0.0042436174726470325,0.00030828793839068685,0.0006452356748961804,0.01636504359640713,0.008318426983345756,0.056346019954969566,0.04725284423049222,0.053416538377649904,0.05120077492088368,0.02835943806831494,0.035407961677396904,0.037955004929997836,0.07104843958144931
5ae40a2e5542996836b02c21-error,1,train,0.061524381029948366,0.005853628432996567,0.00577995308398434,0.0054804186663260515,0.0022196767725967343,0.021518296096305185,0.037354265303307266,0.00851159885421835,0.022033175349705083,0.019877974989133736,0.003948725744365645,0.0042415002168744945,0.0011716072329469806,0.0010707737565164492,0.003717463898471269,3.2823271163869496e-05,0.02227868395964066,0.023641833040851636,0.01584241931108346,0.022555784806071438,0.01269695324071788,0.019641825662695022,0.024620292118765052,0.06853675656089289
5ae40a2e5542996836b02c21-error,2,train,0.1539351843583883,0.16383361490121212,0.15548182322642182,0.07014718518307753,0.02208475129343521,0.0627450076023901,0.06360823124622283,0.07123494493855345,0.10212400758337772,0.10807311682809886,0.016210096737676462,0.016424999299886917,0.0011396736749280404,0.0015642514169348235,0.018899100892558297,0.0019219069615460016,0.09453622685764834,0.10227219780505616,0.1056294768768245,0.13957264795700425,0.12538552828670682,0.10841488638416709,0.11517233175121878,0.18165184869760537
5ae40a2e5542996836b02c21-error,3,train,0.2695841215608333,0.2873417204640651,0.2678987838453555,0.2642383327900751,0.5713397759251071,0.27451675060402086,0.29592827949272005,0.23537881932041912,0.2853543134549898,0.3541219080334006,0.8778419470407535,0.8241219857226686,0.9784437822226104,0.9771605085205536,0.841817749186986,0.94377392616749,0.5178502263841754,0.5473313007421309,0.571699833473512,0.5434916508340758,0.43707866524358197,0.4633466074918062,0.4947401893620651,0.4165895661897223
5ae40a2e5542996836b02c21-error,4,train,0.13187300105620714,0.10943893011201176,0.11081514893832406,0.11579350983177958,0.003668613197810363,0.07229569330577044,0.058327482734931914,0.07986196187908805,0.12526010627592143,0.12176670173135201,0.011908242300225096,0.024258977336459812,0.00024862459464562953,0.0014991371695937414,0.02348081399595775,0.015375397517017334,0.05582125692367675,0.05455817494222405,0.060178210977436954,0.06122667843535938,0.03754121076410903,0.043202519522133664,0.043966247401454175,0.0884468198963824
5ae744385542997b22f6a662-clean,1,train,0.20244826144177636,0.294441092241797,0.3360425024825458,0.29971759867452924,0.26470042263418075,0.3122343019590597,0.3931044558330209,0.3504196387754809,0.3188774469685852,0.28960451406968374,0.017745897252236142,0.029833543949122934,2.5824338493335006e-08,5.4684560793943796e-08,0.00023387764774538097,3.4413182950021662e-06,0.06574699468146437,0.09559209709971063,0.12499101888658158,0.08747307605521434,0.11513391684543227,0.11040758772080521,0.14369149988514068,0.13962388267972944
5ae744385542997b22f6a662-clean,2,train,0.16228212064364947,0.17847780853869633,0.17926602003225667,0.16438806278785303,0.0807287711682013,0.20203167150308032,0.21599597688016492,0.20674905562357007,0.18210706428844597,0.16993786775906924,0.03986686097626079,0.06107141719747097,0.00010281360899005702,4.690499315449949e-05,0.011166692837980734,0.002214887524915795,0.06326889213744627,0.0792736839151689,0.08760149056755483,0.05571509076916786,0.03503679080983469,0.03990046654579248,0.05357461638484116,0.04712718483798593
5ae744385542997b22f6a662-error,1,train,0.2027469838327421,0.2964836385392255,0.3386760551972308,0.30211589723327165,0.5790804111040989,0.41643590164005845,0.5326724212629308,0.5717707421107283,0.5572281287680778,0.5914927380597351,0.9604840732927132,0.9322109877805574,0.9993147481462276,0.9995001770151473,0.9710879587357835,0.9863745625624774,0.7360930945691571,0.7829767004698195,0.8000468767810068,0.8005830339584773,0.7728019931275508,0.7019074159016944,0.7070336674453406,0.6601734812119606
5ae744385542997b22f6a662-error,2,train,0.16222502868454855,0.17954497061716185,0.18037791852203083,0.16442643643481125,0.1029972846759938,0.2133244691711637,0.23149105392456243,0.225046086960605,0.1911120615560941,0.18151249932218944,0.04430110461661871,0.06032846221868311,0.0013756496382288917,0.0040341417861472825,0.05090530088614965,0.017092304698345807,0.11238075051680307,0.1465728449762386,0.16339044133743927,0.09859857384578481,0.06629211098062314,0.06485138442695142,0.07366915117124435,0.06653882435883969
5a736ae655429901807db03b-clean,1,validation,0.1143742225063603,0.30652314827454785,0.3353495972607002,0.19313706407141368,0.003782353168708079,0.15954606437412444,0.316809427611063,0.2806197553230824,0.34961162192333284,0.26650695813608816,0.011458331002859245,0.07812882943391522,0.19857820700058593,0.19989300404144983,0.507260122215589,0.9548003204582428,0.5397611217289455,0.5736569843448687,0.5652762435990171,0.5809694766525283,0.6341303018043059,0.5759081026448986,0.3268746747351607,0.3303946696768926
5a736ae655429901807db03b-clean,2,validation,0.16862996995557297,0.18337947898873402,0.12344502780036738,0.08833384131940905,0.0014052361235163255,0.04844780064002819,0.05451320439537019,0.04426450472647722,0.055058681196970626,0.02951143265931736,0.0016817902516126223,0.0017303719444949196,1.054668565567838e-06,2.5573811027888708e-05,0.0001618579268533164,5.855228197844482e-06,0.05833902745773944,0.030160401042054568,0.04488679802573193,0.04715939085283569,0.0836727123709712,0.17613553682080335,0.11161037268655163,0.1813157202816383
5a736ae655429901807db03b-error,1,validation,0.10782642300391909,0.3007422530433692,0.34492308909057084,0.20245402165931833,0.006901799732716868,0.18358607157393156,0.36414418633056655,0.32923958761322325,0.43842077208171665,0.38630724604071465,0.2234442022285994,0.5325009708486598,0.9999984426332418,0.9999827996162659,0.998583674654773,0.999995607704288,0.8904919749145981,0.8998499588436157,0.89317355036082,0.9045386630953438,0.8982410507174824,0.8449221545849531,0.6568302661037329,0.647981929045208
5a736ae655429901807db03b-error,2,validation,0.16341166254192682,0.18310299019172285,0.12444033677154215,0.08815097290209507,0.0011173299366241747,0.045514746463184916,0.052310153470914895,0.042256988590972946,0.05501216298809855,0.027052845016061637,0.0016378658734279381,0.001563972361018377,3.839027974204325e-06,0.00013473511174818005,0.00034348612523423975,2.0116084598608096e-05,0.07402648616254495,0.040606417086373796,0.06544241499025524,0.06984821112789985,0.10940883800154395,0.2264781365928721,0.14940066755304088,0.22079770512108782
5a88e6095542993b751ca8bc-clean,1,train,0.12728308826090068,0.06145764341279556,0.06211827524838748,0.06708935035941857,0.006123405161693571,0.07663600140366368,0.07242860062370543,0.0798044649064766,0.11208335429734166,0.05619778651853255,0.00042382262935420495,0.00034673234437235283,5.505033739588187e-07,2.278730387423751e-05,0.0018023584325416557,0.0002262190693151168,0.034426900951339934,0.0423193216255726,0.028349030858586716,0.052417347982109244,0.05954091920924263,0.07565519107936668,0.10731032984957299,0.1452288066476007
5a88e6095542993b751ca8bc-clean,2,train,0.12019197596620487,0.15351857002252525,0.1475939562794117,0.1321915293275429,0.0016713164497390192,0.05373704496747006,0.07899763165524976,0.08680666002946702,0.06422011753278614,0.07626810195415884,0.0023894340550763863,0.003141079756912737,0.0013324940732871503,0.0030798942604044447,0.016461552373841445,0.0005960612353544225,0.012374396688753501,0.02714794925143207,0.021448278233833183,0.016474863934517473,0.010771469060549191,0.02577389923365384,0.032054711753782286,0.05670872605847809
5a88e6095542993b751ca8bc-clean,3,train,0.1392636518489239,0.18016367055025792,0.2166522832323967,0.2887429011546152,0.3488927805902,0.11774908501364972,0.1179580859450807,0.2070093825958562,0.21855707035425284,0.25310459566784804,0.030759984520830855,0.06927698397213113,9.394458484692825e-05,0.00038064918351195525,0.007364333560465387,0.0010866746736463721,0.0608179809910878,0.05105956250863925,0.05986468526220701,0.0609827455267529,0.09116613294350276,0.12954076779931126,0.15394828273284863,0.16626139392589998
5a88e6095542993b751ca8bc-error,1,train,0.12728308826090068,0.06145764341279556,0.06211827524838748,0.06708935035941857,0.006123405161693571,0.07663600140366368,0.07242860062370543,0.0798044649064766,0.11208335429734166,0.05619778651853255,0.00042382262935420495,0.00034673234437235283,5.505033739588187e-07,2.278730387423751e-05,0.0018023584325416557,0.0002262190693151168,0.034426900951339934,0.0423193216255726,0.028349030858586716,0.052417347982109244,0.05954091920924263,0.07565519107936668,0.10731032984957299,0.1452288066476007
5a88e6095542993b751ca8bc-error,2,train,0.12019197596620487,0.15351857002252525,0.1475939562794117,0.1321915293275429,0.0016713164497390192,0.05373704496747006,0.07899763165524976,0.08680666002946702,0.06422011753278614,0.07626810195415884,0.0023894340550763863,0.003141079756912737,0.0013324940732871503,0.0030798942604044447,0.016461552373841445,0.0005960612353544225,0.012374396688753501,0.02714794925143207,0.021448278233833183,0.016474863934517473,0.010771469060549191,0.02577389923365384,0.032054711753782286,0.05670872605847809
5a88e6095542993b751ca8bc-error,3,train,0.13925433562219594,0.17343710920281782,0.2102411667885786,0.2810875786651211,0.4452998455400435,0.13362248628153459,0.13609316723035794,0.24506822411332993,0.252217984627916,0.3038944369779385,0.7527918088517799,0.7210690531462035,0.9952249068063639,0.989185827356191,0.8524503933981864,0.9563510789572977,0.30824470812239385,0.2413648534135861,0.22939675139972818,0.3268616809942988,0.3355110169999382,0.3814288658952286,0.3929925979632009,0.3757153479939818
5a7796f255429967ab105205-clean,1,validation,0.2171452320493498,0.4029951923938933,0.3814515685306701,0.2891816225788369,0.05827836999396982,0.25941952753848646,0.2404497674752225,0.24190218487922766,0.26388770397071054,0.3045004414711321,0.24592189868203737,0.09943319903425787,5.992195007547239e-06,0.0001537173779946765,0.004316609065514271,4.10664677979689e-05,0.03564569173725469,0.07471577225842525,0.09039451486626521,0.10699743429780209,0.10262341996852821,0.0877187618464866,0.14245383061732178,0.125153851396653
5a7796f255429967ab105205-clean,2,validation,0.06758268519382654,0.051477315828238446,0.015750667861027686,0.021399797627138128,0.0005809052351002649,0.01594413949407728,0.025997824455865858,0.04183507096445154,0.06606068943904067,0.02583607925491056,7.341938883314027e-05,0.00011637123054249598,7.086379125513929e-07,9.9099977078333e-08,0.0001841202066419715,8.802715443815569e-07,0.0050003532325048885,0.007098223003805951,0.008493115284706561,0.0068388144371603,0.00493196677480194,0.007415105556089369,0.016314771923574202,0.013602177837189209
5a7796f255429967ab105205-error,1,validation,0.2171452320493498,0.4029951923938933,0.3814515685306701,0.2891816225788369,0.05827836999396982,0.25941952753848646,0.2404497674752225,0.24190218487922766,0.26388770397071054,0.3045004414711321,0.24592189868203737,0.09943319903425787,5.992195007547239e-06,0.0001537173779946765,0.004316609065514271,4.10664677979689e-05,0.03564569173725469,0.07471577225842525,0.09039451486626521,0.10699743429780209,0.10262341996852821,0.0877187618464866,0.14245383061732178,0.125153851396653
5a7796f255429967ab105205-error,2,validation,0.06763048819093413,0.05053192454558006,0.01551440472011465,0.021122661603123063,0.0010110066268433763,0.018460964343763115,0.031227577974296736,0.048727654652522684,0.07603653155365249,0.035331639676182636,0.001286646019497498,0.0013595154311469189,0.9999956539299326,0.9999610015617263,0.9705630025036251,0.9586813927528388,0.10873223936830662,0.12223615853989274,0.1257939739563031,0.30095908829759804,0.13493699462436767,0.1103091797490866,0.1694160061766051,0.0956596627865736
5ae1ac8d5542997f29b3c0fb-clean,1,train,0.29368473630705283,0.3755097800071388,0.3585955553306619,0.40296016854614747,0.35216784482629554,0.4489536381417007,0.35673431167765784,0.31523547754752135,0.2754453937984414,0.25836428874786344,0.19894428734360536,0.20018547664922667,0.0016769560666666382,0.0033694055411769247,0.05690773922014299,0.013548679401782717,0.14876535284856576,0.14956589189487113,0.13582146301050615,0.2125150710297527,0.1881937451490498,0.19344297311356892,0.2375014239190831,0.24431361192992904
5ae1ac8d5542997f29b3c0fb-clean,2,train,0.15599029279100646,0.09897274998589618,0.09700765192568618,0.10803248894369313,0.06213590050552307,0.2517396452715537,0.28372176826126416,0.31677774427213434,0.21788182254536995,0.14334509980740853,0.0052554894920807775,0.0030047594986540647,0.0006124400785814322,0.0010634878633311742,0.012307933786603048,0.0023698067128100097,0.10603325476473736,0.1118839805358505,0.1143662424682544,0.08290026031938161,0.08079289299307447,0.12467112834504189,0.1138501879645898,0.13689734404727724
5ae1ac8d5542997f29b3c0fb-error,1,train,0.2948500770597351,0.37545096005490747,0.35970857206235746,0.4027404741788535,0.7080677437365098,0.5533281133728175,0.4403338061951696,0.39877287265314726,0.3216724978751043,0.319067827787437,0.6221995713861834,0.5785208010231347,0.9818068295686405,0.9770676967623767,0.8546446052551886,0.9642451901246285,0.4179501767454537,0.4282105807625444,0.3635442414391394,0.4559245050165154,0.3424622547521683,0.303809130958785,0.329383331933449,0.3311511165079675
5ae1ac8d5542997f29b3c0fb-error,2,train,0.1566397597597193,0.09861916993188709,0.09729968559022416,0.10845826986430421,0.06549191554532346,0.24511498035482798,0.2778623716722885,0.30913735873692827,0.20855564479475186,0.13413616498872205,0.004860289570063751,0.002785932857820099,0.0025143679333359784,0.003910196928629648,0.020422345077889686,0.007280582848438022,0.13931638833014737,0.15383206003866465,0.15304102280708412,0.12963719266811927,0.12152184679552165,0.16244284033862155,0.1336119694175302,0.17284347851379717
5ae141145542997b2ef7d183-clean,1,validation,0.297150898071935,0.31359877027864874,0.3983707087099711,0.30588844129241405,0.3067472466565913,0.35744204633716925,0.1899156116139477,0.18373349296327246,0.304090661862369,0.14014131866365834,0.003872842967400202,0.0161939082362159,0.048902416781995285,0.042139425289871704,0.060906780978474004,0.003356539664715274,0.11068842051979053,0.13376986698763565,0.17241974570887272,0.14890747289803652,0.09998436873500859,0.15734298918701375,0.17714348245609712,0.21824725823866337
5ae141145542997b2ef7d183-clean,2,validation,0.13271217655986947,0.2032448451340067,0.19563338959901325,0.17628615435836723,0.16828011880396293,0.2928859194978287,0.21711966540766497,0.24529718831562913,0.23274945979978054,0.28721134505970003,0.22479328093114956,0.1809403421655379,0.004216237815745533,0.005282607675866443,0.0837770418112202,0.757609682457412,0.3102750259103753,0.21462779455319617,0.18344172890865781,0.18682189253538586,0.13745024942420264,0.11872311221634567,0.13649965528384098,0.17569401877460608
5ae141145542997b2ef7d183-error,1,validation,0.2765508062062331,0.2947917661979875,0.3515325665942952,0.2618079438862898,0.6735110872528939,0.42216963294319576,0.21426963403987362,0.19634115393172108,0.33939985928472144,0.1992465970038237,0.0196746534974222,0.05603419730402182,0.9977021839240796,0.9926278981822647,0.7916897889657833,0.544679690868697,0.336553436473779,0.3579761932909553,0.3960530619267756,0.41784904422579017,0.2778365699748245,0.34316710409226175,0.35310555578191627,0.410609335627169
5ae141145542997b2ef7d183-error,2,validation,0.12947518213663173,0.210490800260215,0.20538219276748934,0.18272137818243936,0.18384450080981624,0.3236672200871105,0.24701558842726049,0.26953873863989264,0.2490481851479474,0.3193893398488437,0.47969099737685134,0.3438412773941786,0.018591509159227502,0.015510514093918503,0.1317035660819328,0.9137057908594696,0.3418634393448146,0.26135384185372273,0.22104864181194842,0.2608232428781391,0.1940275794048693,0.1633865039939266,0.17267228532157877,0.21630675902106622
5a714a535542994082a3e77e-clean,1,test,0.08628277562319553,0.36887621078753957,0.34994349514595074,0.21821379048685086,0.698902358626864,0.15446328214344585,0.11710184571491174,0.17221649676523584,0.18445729875339667,0.16982216759477672,0.006323365358733869,0.021703443587591728,0.00010357324551230862,0.0004002730132276649,0.0045714154089969965,0.0028680554158469727,0.03756699096852209,0.03365866342127591,0.028765904989582796,0.04299601747719958,0.0995609354130476,0.09558664640901827,0.10573408101144645,0.11556710733628796
5a714a535542994082a3e77e-clean,2,test,0.19399452754693652,0.17743141121333808,0.30924587529429975,0.1791717163100854,0.9180085655081581,0.24934662185168577,0.16306560635710388,0.08961414223334078,0.05027703708424487,0.10920909029264811,0.03664714288837212,0.0519202325828741,0.00027761372994792525,0.0002876786753219691,0.009678965365135113,0.012845341881236703,0.14272277189540014,0.18759380734989609,0.15884826251946238,0.0709132760887607,0.076900863208266,0.06985153308467074,0.06951940561263269,0.0892918346682484
5a714a535542994082a3e77e-clean,3,test,0.18968270583145297,0.24217210136291828,0.34607842819246365,0.20066737021497072,0.09056249201637978,0.13397066155002427,0.1184414053999661,0.12912574829161858,0.17369469536497734,0.07685188362895201,0.0004434484878147791,0.005042390212343338,3.4999146688332814e-06,1.0078179426801374e-06,0.0012596332615263934,0.0003969549252980055,0.0566745745986386,0.04205602089419334,0.034860976599175066,0.033934151194546215,0.05735071158483581,0.0557415101644789,0.06407424100112309,0.10087968073707726
5a714a535542994082a3e77e-clean,4,test,0.17902648787164852,0.19063909438623158,0.11932391096336362,0.09995439181790053,0.0367650015256221,0.18851514882889697,0.21173886344034695,0.19213458583974546,0.1716620843349394,0.226948324802713,0.003142415423353808,0.011032462692815595,5.6026174844427245e-06,3.818320294786125e-06,0.0009500749180192263,0.0007383013769451358,0.07840006415715368,0.04970814166422967,0.03772381388008664,0.02744313554847844,0.031368043217167595,0.02838444701157835,0.03792330340234741,0.0463955366038064
5a714a535542994082a3e77e-error,1,test,0.08193361926935563,0.3699391254527388,0.35246504340951407,0.22661231134289456,0.9659879451572788,0.316160666613587,0.2806451306495922,0.2693850265103217,0.28556947180313064,0.4962451682861747,0.9586669771792081,0.959183486015096,0.9999992658953898,0.9999998165837986,0.9990654577352259,0.9999993392956157,0.7897261122726835,0.8410967884021296,0.741087220366347,0.8145595766102202,0.8830345451012128,0.8049927523976067,0.7556435312094016,0.6874388545053065
5a714a535542994082a3e77e-error,2,test,0.19527952077525484,0.18304050306181197,0.31033808033711785,0.18518126149609526,0.869374229234793,0.20712934937597016,0.13484640103879159,0.07356193400815535,0.042107041560755544,0.08972570754303634,0.05175002148201868,0.06117566144103349,0.004824147133528199,0.060447265641769055,0.18432918735692613,0.9395235814441218,0.4473948394528101,0.5314616966283332,0.46516845334531437,0.2780470399424182,0.24387165496627725,0.1916651631381029,0.16509080175853827,0.16291278887594782
5a714a535542994082a3e77e-error,3,test,0.19456929259386482,0.2502409928573208,0.35877282269485117,0.2065416098979583,0.10896765308659455,0.13725251375385716,0.12520883086181275,0.1463664607749096,0.1941374493153651,0.09403106390003517,0.0007358341413962716,0.011906467424097846,4.0039107734115436e-06,1.133857060927587e-05,0.004205583423945593,0.004402811157316552,0.09006144111695555,0.08614385931509885,0.07176522933645402,0.05624001856766927,0.06973147717207696,0.06619458938633414,0.06641046665674703,0.09311880087490866
5a714a535542994082a3e77e-error,4,test,0.1786255131098732,0.1880154021605107,0.12184085544214117,0.09952418298526897,0.06381227399481693,0.22852623341194633,0.24320450637557703,0.22848777549001165,0.1939452812416814,0.25523637519714826,0.00308869408968338,0.008683713013061626,1.7339782115494166e-06,5.388154574924411e-06,0.0012257153638716683,0.00450735257591344,0.12760146830642527,0.09584536537182518,0.07419906303083798,0.05360525763349253,0.053362279044863986,0.04284444910141261,0.04957094912251654,0.053499676364098525
5adea3d95542997c77adee95-clean,1,test,0.14483554956260697,0.10668519547429327,0.23037308357240094,0.3372120488888244,0.3475253716720346,0.2684620931369681,0.36026521574531783,0.33320811301975684,0.18939389826180864,0.17986422367320332,0.04745745561085227,0.005513928808012208,2.083627774531635e-06,3.803005549663484e-05,0.0004520000757821376,1.199881384963123e-06,0.03289270696337102,0.03144768786469188,0.04608852034368457,0.036967268397646774,0.08586485746460634,0.06361737681710315,0.0879880450269316,0.0650793949742996
5adea3d95542997c77adee95-clean,2,test,0.2602002286544061,0.2627464225912505,0.19746692607385408,0.2192535116581743,0.028539442526341153,0.10052103170030904,0.12487413030655804,0.11010608084058034,0.15276654991688549,0.1591073258452335,0.00039883897790731203,0.0032475153639228995,2.7071245618436057e-05,0.00011925582561768458,0.003922783919293223,3.6185524729910524e-05,0.06330115094423872,0.04146931735292177,0.07744699366060025,0.041110491349588094,0.0249164222557647,0.045956736902238844,0.07048314253921482,0.07085216456917275
5adea3d95542997c77adee95-error,1,test,0.14512580990219826,0.10737398724208128,0.23080925293218568,0.342959987880399,0.8202810238550291,0.4366555732031868,0.5274909861963657,0.5247105061972176,0.3226867741888694,0.3263966761797061,0.8109404586982532,0.16002706342317852,0.9938295285037936,0.994248610566945,0.776144288025342,0.5881725980892765,0.41177504399372933,0.3840241161953561,0.4123257127693755,0.386578901918182,0.47936676770927517,0.28714407292333916,0.33054347192275196,0.247667797650015
5adea3d95542997c77adee95-error,2,test,0.2605321416037543,0.26282471723071965,0.19711604818882916,0.21976011621688044,0.041256930095795286,0.11115779908023761,0.13251046311152545,0.11479484074600645,0.1593187035151473,0.16627357022675962,0.0004499452359203248,0.004149293598960779,0.0006521554588188548,0.003507564573805898,0.021700424797107244,0.0007012421928827715,0.13894364840229226,0.0973638295391704,0.16258762491347256,0.08829154869868938,0.051018336029593395,0.07872393841090723,0.12201826201711076,0.11356817635677025
5a8478cd5542992ef85e240d-clean,1,validation,0.25563918498310456,0.35941932456249576,0.2403833743372689,0.48551122432345156,0.09626311453670612,0.4833307106902064,0.4207868559841274,0.25828057538605403,0.26893869839564943,0.14101262675256887,0.003707995626983474,0.09340882376391108,0.028629897900937614,0.007374847605892052,0.12054609092013675,0.17592981748199008,0.2972609792132204,0.3562863801015329,0.427535660183091,0.2997483097487182,0.3505802120264964,0.4884074261049332,0.5026295426141522,0.23921059182324886
5a8478cd5542992ef85e240d-clean,2,validation,0.33713681348160207,0.18969583491974693,0.1209102707489868,0.1880405427617242,0.010049732379222551,0.02896863638803317,0.052622962753333655,0.04638781327550874,0.06400494607840371,0.01594733256431357,0.038520331285674586,0.057826501558263216,0.00027832943778165604,3.6660056194900953e-06,0.0008533101187878836,0.0008002459376686737,0.05623060666018911,0.07871275742172737,0.11843360283671159,0.09928794913825413,0.07695750309201693,0.12146275679227714,0.12705742087848085,0.0880686253749131
5a8478cd5542992ef85e240d-error,1,validation,0.2658247644980949,0.3836841939159377,0.2547912051288133,0.513874981898593,0.6799926357266264,0.7117662526673667,0.638429510420013,0.4327740955223234,0.4770951701405437,0.295173727687646,0.06533717965588445,0.5301436888597912,0.9999954221482736,0.9999908200288998,0.9959638056482971,0.9999281159656577,0.8705340971852396,0.8996479023161225,0.889283889992012,0.8347485029772114,0.8019979528948964,0.8551415549921376,0.85934466864226,0.5196618759772371
5a8478cd5542992ef85e240d-error,2,validation,0.33232289152660954,0.1887180169873424,0.11783409206478453,0.19012319713046338,0.012561196796307671,0.031632591257284445,0.056176998986143395,0.05375206890666871,0.06819495724149766,0.016982210933864445,0.05740314610236376,0.10793283739660432,0.003726346067726223,7.765764474824433e-05,0.004177443931506287,0.01240960477067468,0.09977140913207926,0.1436809665449983,0.19543760587451584,0.17524809951248635,0.12623056804767904,0.19928620793725285,0.21570381281538015,0.12634021022791642
5a77304d55429972597f1485-clean,1,test,0.2599789999958353,0.18460425013404727,0.22910459994000923,0.30634514802666185,0.2440796839991998,0.2544895331114192,0.24077410845658395,0.24602880687197431,0.30507899510468334,0.31838074384172493,0.07803955478079813,0.08721392534190697,0.0003623887181644805,0.0007646345999635718,0.004773407983645557,0.0008299728280164734,0.07271660416778884,0.07307564081328709,0.07053348870839667,0.14126189305621548,0.12672710825016778,0.1414629209703395,0.13928585447705433,0.21145765011028583
5a77304d55429972597f1485-clean,2,test,0.137858277255054,0.136286090072757,0.1455042983984015,0.09794241187409893,0.19044852971488044,0.25895221306377253,0.1469153127517097,0.15528765435419165,0.14913540225433802,0.19809313136160098,0.24334165983423695,0.16843856517519823,0.007016085246700497,0.0038404754895230288,0.056057045967317295,0.016718879989150694,0.1632729558862866,0.12767581898572256,0.12222687955944876,0.08008488917816645,0.08849814886950272,0.09075172436024255,0.06555948426938832,0.1390653716918415
5a77304d55429972597f1485-clean,3,test,0.30997659235268915,0.07604509158669129,0.06607344316968312,0.03978733885512508,0.0042850237775414555,0.06842554909226188,0.06207245951458661,0.06755210686118364,0.03563982193533917,0.06248774205167695,0.0028926085369179286,0.001887548746810805,1.9373227785731418e-05,0.0012037456704299151,0.010168979923908235,0.03879513866041282,0.2244136770355447,0.18604231793952022,0.192552633465873,0.10511067736646167,0.04326478739788878,0.07542265924409924,0.0496080555651753,0.08451111674603795
5a77304d55429972597f1485-error,1,test,0.262217260213342,0.19150543688429061,0.24210947256442056,0.3155417240063826,0.5669599224561318,0.3298135474634563,0.316589958097912,0.31511227474731907,0.3708055503607573,0.4425235427039681,0.4811535594944898,0.3588361782340483,0.9958667466342154,0.994592985985135,0.6292454792457989,0.8995952045190312,0.3763310640855912,0.3560607363033335,0.31943565134663526,0.47460210944299547,0.3368865586446554,0.29144092748273587,0.2680751771055738,0.32412255990020816
5a77304d55429972597f1485-error,2,test,0.13761079568090348,0.13501864438682007,0.14624067401530993,0.0975481639607403,0.20932901962700629,0.2708776272690086,0.1580057924971617,0.16697351332880478,0.16047337824276897,0.24244460871449497,0.36318970267898676,0.2597487674044207,0.010868906662886375,0.009595209527377167,0.10144405712204373,0.06668275486592934,0.24018678842043603,0.20718412158794178,0.1876808134928868,0.13450463073075083,0.12584900583074354,0.10408440949753417,0.07523227888615293,0.1600757319964098
5a77304d55429972597f1485-error,3,test,0.3127093273098502,0.0746241161376032,0.06626639682928742,0.0399197280940116,0.0044380217132721595,0.06862514436921012,0.06269618357064714,0.06743691242993291,0.03485220120377062,0.06220944717845448,0.0025263186950382783,0.0016015399548057528,2.3958681081078095e-05,0.0027061916533538087,0.01360463847101438,0.07815436685556597,0.24509180945894932,0.2037899516255551,0.20624259851341942,0.12060294012002615,0.050455508220643895,0.07758258910431891,0.05067020166197524,0.08614915455944833
5a8578d05542994c784ddb19-clean,1,train,0.24673115058351316,0.3577883738489457,0.31169949440201256,0.3208056739373091,0.2469200391213126,0.22313141058233926,0.2470700967892805,0.23030169946671092,0.2648533749302786,0.3234360193725225,0.013025189000331177,0.037978016934224555,0.001883402371379882,0.0018163556463728636,0.028507000287765257,0.0072665932393324115,0.16700330528719853,0.12716837433130548,0.17326280720486723,0.18222369325730392,0.18826416270531973,0.2074311227527391,0.21172822265257082,0.18243063194943188
5a8578d05542994c784ddb19-clean,2,train,0.1471481425419451,0.1094510638044138,0.07250342997141661,0.07357443836927142,0.004562578153715891,0.10068463516144474,0.09328353264040538,0.10715746082418866,0.08271003940227818,0.04365791570272769,0.003963113706949077,0.004349560652142974,3.899320165572181e-06,1.9704457777430255e-06,0.0019000747767109745,0.0002229380693736,0.03161138937920639,0.028985731374188292,0.0366835691403397,0.035201688412776246,0.05151763478100729,0.06230443298246384,0.06752219980292695,0.07661821450804596
5a8578d05542994c784ddb19-clean,3,train,0.11426004713911037,0.05715303323149522,0.07187213278858137,0.07459998186602129,0.015741213526325022,0.06849636619761658,0.05683778486768247,0.02804142513803304,0.03582639372433866,0.029328437862503026,0.0003187123049897963,0.00028155076571901737,6.378642727314032e-06,5.203225560749586e-05,0.002078618327828606,4.750594661277825e-05,0.03617097189634071,0.05017818261927871,0.04885034858692517,0.02213387134542768,0.024523161325281383,0.02793865286728251,0.03566261976728295,0.06142941126751524
5a8578d05542994c784ddb19-error,1,train,0.25360797095143,0.32196747798505654,0.2766869506626728,0.3060159936177336,0.6293409897304957,0.3263540930640869,0.3563054188819125,0.32520344863481204,0.3821744559161579,0.44892566310846715,0.763012370476739,0.6961101836986697,0.9792541130249726,0.9699082154103663,0.867579341839792,0.9868912411230412,0.5625485760546638,0.504801500771041,0.5434173947586503,0.5479475187093895,0.4555987670829996,0.412231498252011,0.37613683895956895,0.3652717948177746
5a8578d05542994c784ddb19-error,2,train,0.14720628693753757,0.09648061764350543,0.06450865555506492,0.06754760843864588,0.005862290360046134,0.1073252817486187,0.09878528610914741,0.10465447611059549,0.08342234841542467,0.0455002327093111,0.004764423706893819,0.00500393003336932,4.0926358514181684e-06,9.169542635449928e-06,0.00775735510095251,0.004154345133179318,0.05656355198651916,0.05749173991692171,0.06984893032365358,0.06959717180270264,0.08533914535879036,0.09825666138760505,0.10557138513475914,0.13039958337490556
5a8578d05542994c784ddb19-error,3,train,0.11371684518048057,0.057949371304262566,0.07150798706721136,0.07384242647098872,0.01722652957803241,0.07237744527981087,0.06148678712495178,0.029407120366656363,0.036866046157241296,0.031068728230193316,0.00038289675813387943,0.0003370706628679335,1.0402263050203849e-05,0.00014896759766379883,0.005321019806456587,0.00022560325654882876,0.05119184885952728,0.07552123880797114,0.06685846225272926,0.0362235616575966,0.03778467840383405,0.04146488956559598,0.052600163998148985,0.098060368867185
5a732e405542991f29ee2d3c-clean,1,train,0.15941478884776522,0.09486690763338645,0.08340026090668817,0.07763627822425968,0.018512508860631154,0.11249503520399781,0.10954993774319745,0.1508812343053312,0.10275285077366657,0.04679316595563445,0.005070625483936379,0.004607156641966946,0.000493861114992543,0.0009150675916289471,0.027100610776390078,0.0022855823427442626,0.17822259151625153,0.1941908586427253,0.21386743049492568,0.1519347127323232,0.16294994150414444,0.18929118035125114,0.1795823031246341,0.13739870743971244
5a732e405542991f29ee2d3c-clean,2,train,0.2865277877991801,0.37531932700686366,0.3225953784477756,0.3876633316071908,0.39564455504172835,0.24963864397299135,0.2427367088867767,0.24779514667617497,0.30303937903344963,0.27246268056148926,0.22471572325135727,0.2557002354414864,0.00824366437011334,0.0056861089746095125,0.05941361695207803,0.01999431119003989,0.19208996064725445,0.21542859627293795,0.24874477953276097,0.19485096453483433,0.2214946424941297,0.22142684565608087,0.22262540356870186,0.23235639455539794
5a732e405542991f29ee2d3c-error,1,train,0.15941478884776522,0.09486690763338645,0.08340026090668817,0.07763627822425968,0.018512508860631154,0.11249503520399781,0.10954993774319745,0.1508812343053312,0.10275285077366657,0.04679316595563445,0.005070625483936379,0.004607156641966946,0.000493861114992543,0.0009150675916289471,0.027100610776390078,0.0022855823427442626,0.17822259151625153,0.1941908586427253,0.21386743049492568,0.1519347127323232,0.16294994150414444,0.18929118035125114,0.1795823031246341,0.13739870743971244
5a732e405542991f29ee2d3c-error,2,train,0.28688430759350675,0.3778352125502096,0.3260504114598689,0.3908297470898391,0.45528309768850816,0.2625984321651087,0.25743336073603207,0.26409777883136604,0.32102041992736546,0.3093231930474997,0.6678452881390426,0.6093686536108719,0.9713591487054243,0.9830877732120527,0.9078745792904866,0.9701086799773051,0.5100478900419868,0.5581313521916242,0.5287964470379537,0.5065307047093712,0.4803709686716838,0.4483256280352028,0.43865860809276314,0.40539512703507097
5ab439695542991751b4d6fa-clean,1,train,0.1456556778479876,0.04320802987263406,0.036352106928897863,0.045492326785346905,0.014981631735916262,0.10172227199209295,0.09003558553341816,0.06569611411476403,0.0461797727055976,0.015663469416366628,0.002824815343785368,0.0015898285786936778,2.6895678739606358e-05,2.7201524485239896e-05,0.0012843351286001782,0.0003457811291710166,0.026762514472575213,0.029279761484118143,0.036432042459207524,0.06611298688672082,0.10219789948558294,0.08748136779758346,0.10686989587803092,0.1218312143197805
5ab439695542991751b4d6fa-clean,2,train,0.19144694253289377,0.25874743515068177,0.28198420109044503,0.2208078961866859,0.04251346931316599,0.19779006193089216,0.19356996614030222,0.2470785839189414,0.2944911203507562,0.1614104512940287,0.018844053791261615,0.045334927310800535,0.00771907556996547,0.00749913641846724,0.053974807464246675,0.02761998380486272,0.12147363354871758,0.13301518709153726,0.14178611638688907,0.16085786462572826,0.1559209324252842,0.17587827181054358,0.15262527397145398,0.2058345474045687
5ab439695542991751b4d6fa-clean,3,train,0.17817247557996962,0.08393654697849968,0.1193093866755291,0.08746239453004558,0.01862205045738528,0.07101998690902918,0.06590931286115592,0.05850828970066186,0.05081968989910103,0.04756616493364985,0.00020706443566909528,0.0004256239721097518,4.9444166840034175e-05,6.750130517307061e-06,0.0052010337702353675,3.8592517339507516e-05,0.05803094326556131,0.07905596552260064,0.06981402040517266,0.06877846652128136,0.08096180968303512,0.12474133887606012,0.12725240462176918,0.11025909000254445
5ab439695542991751b4d6fa-clean,4,train,0.30549135255453663,0.18362953906214538,0.13870011204908694,0.0867301660070377,0.053054003923906794,0.11178465819727826,0.09053390645821507,0.07095403199845486,0.11993393110000547,0.09465000053506754,0.02624825898619601,0.050412852700472584,0.0018029657860120579,0.001655206336992651,0.006229801337494965,0.004116516828081913,0.07705984563667802,0.06586893976270876,0.06063416983415034,0.06974463479136539,0.08259924009554322,0.10071891738446645,0.09314516889095581,0.09820175440845763
5ab439695542991751b4d6fa-error,1,train,0.1456556778479876,0.04320802987263406,0.036352106928897863,0.045492326785346905,0.014981631735916262,0.10172227199209295,0.09003558553341816,0.06569611411476403,0.0461797727055976,0.015663469416366628,0.002824815343785368,0.0015898285786936778,2.6895678739606358e-05,2.7201524485239896e-05,0.0012843351286001782,0.0003457811291710166,0.026762514472575213,0.029279761484118143,0.036432042459207524,0.06611298688672082,0.10219789948558294,0.08748136779758346,0.10686989587803092,0.1218312143197805
5ab439695542991751b4d6fa-error,2,train,0.18920731055634069,0.22315880056453477,0.26721426087926325,0.22833012205102998,0.7792585320053491,0.427112885909922,0.40184268625885056,0.39560974973195284,0.5336272040415257,0.3769489477923602,0.8294876081891716,0.7714135300234055,0.9725057083228124,0.9665571984863846,0.7850385465300177,0.9474662102724256,0.33725319865068965,0.344910964322392,0.34837189788699174,0.37084390318134397,0.3196477022401203,0.3400768506248098,0.3005027970027622,0.35329165437445464
5ab439695542991751b4d6fa-error,3,train,0.1769081982114483,0.08021331722443677,0.1166576527990802,0.08762243877480293,0.02942342227992731,0.07546411023513769,0.07204552805028677,0.06586589606659034,0.05370368303615438,0.06325369067238033,0.0020109545745751146,0.0025085329392185276,5.5443556034863705e-05,8.248635320727963e-06,0.006467480123369394,8.268625010848362e-05,0.07224926893757666,0.09877604367108128,0.08767270363156024,0.08556257015007276,0.11110682329319262,0.16286418988981,0.15393031890670847,0.13582530039826898
5ab439695542991751b4d6fa-error,4,train,0.301710725830478,0.17563760237294387,0.13572198529404458,0.08686629024131758,0.0444969237555193,0.1020409238686541,0.07886430429316912,0.06218272152931158,0.09919035044446979,0.07692294884092658,0.022013091796490136,0.04985652317292778,0.0026453452291500326,0.0017073357185852418,0.007003592977975037,0.00374972744263648,0.0826227063399554,0.07079347787353502,0.06433842642669747,0.07348637760262262,0.08886726608978188,0.11402330332859542,0.10513195575817298,0.11561378353425578
5a7a1ceb5542996c55b2dd13-clean,1,test,0.1532982993820038,0.17231389619160983,0.1915176687756071,0.21284154585353007,0.2886757635353508,0.25473549098493864,0.22558689687769243,0.23240299774627154,0.3373562477167466,0.5052429027790303,0.4105937552219481,0.32005279850115503,7.899274724069175e-05,3.114750654429948e-05,0.0016591663427711646,3.870786755648927e-05,0.03370871290087889,0.025698645892815262,0.034969737321813084,0.03768225825909106,0.04727074474370856,0.04818222214881388,0.05861858201280348,0.0878478503480689
5a7a1ceb5542996c55b2dd13-clean,2,test,0.1929955285617445,0.13857657291649977,0.2062663775910267,0.2335444720658369,0.21161717239786854,0.13260698110956898,0.11876504827903879,0.08368439067104454,0.13403532321642073,0.2411923717593487,0.209252710325388,0.03908249595783201,4.1691403674217254e-05,7.748207212770186e-06,0.004835096743999746,0.004657685845999198,0.037576865820507496,0.039886309069025995,0.04340671983958027,0.051148152243502235,0.03369201101833793,0.03545122768327782,0.052721059519449914,0.04942489599681102
5a7a1ceb5542996c55b2dd13-clean,3,test,0.13304584346035772,0.12836842432890574,0.15884945711651577,0.18641299623207902,0.31776350559992156,0.367138982522198,0.32662039741621884,0.3366743596948354,0.21881981147289817,0.1756502976710285,0.005874710178432331,0.002038597974824347,1.1672189012736542e-06,4.924720295718593e-06,0.0010962605109158304,1.2647416307979962e-05,0.041968913702549536,0.027724928822469633,0.026548459155767916,0.028265790377383932,0.018954675912595413,0.02087662382454811,0.023179825707234765,0.01856947622828391
5a7a1ceb5542996c55b2dd13-error,1,test,0.1532982993820038,0.17231389619160983,0.1915176687756071,0.21284154585353007,0.2886757635353508,0.25473549098493864,0.22558689687769243,0.23240299774627154,0.3373562477167466,0.5052429027790303,0.4105937552219481,0.32005279850115503,7.899274724069175e-05,3.114750654429948e-05,0.0016591663427711646,3.870786755648927e-05,0.03370871290087889,0.025698645892815262,0.034969737321813084,0.03768225825909106,0.04727074474370856,0.04818222214881388,0.05861858201280348,0.0878478503480689
5a7a1ceb5542996c55b2dd13-error,2,test,0.1987296989573654,0.145103854126837,0.230624575373068,0.26510026547275434,0.2736524740119497,0.1469795289348849,0.13380092379101657,0.10107883236508025,0.17518389262065026,0.2829947490324787,0.5118195986650734,0.08679507579527951,0.03184919780753939,0.0019136761207002733,0.09039341852996013,0.15821312119458183,0.09062612679213441,0.09618468697068813,0.10957228284921423,0.1191687215776011,0.0745651273107732,0.06986545917349184,0.0979132434620516,0.09241891731812749
5a7a1ceb5542996c55b2dd13-error,3,test,0.13034865223282446,0.1270026392027259,0.15320033061225086,0.17966543932699228,0.21697003199157383,0.34190243958720246,0.3027030915638838,0.3141049874383786,0.19545294286555057,0.1560953975351742,0.0069866578817996735,0.0023915572208167532,1.0712113899617272e-05,2.5120516335908335e-05,0.0023833835558284716,4.1326273553620704e-05,0.053346803754585614,0.038408225125422385,0.037400520570330956,0.037294822394258235,0.02397425571929141,0.02715116117844886,0.02999217676171256,0.024764026163685077
5a7e465255429934daa2fbfa-clean,1,train,0.12861164043903986,0.04421202483529674,0.03482533362918336,0.04218114761886416,0.004020631303971102,0.050124087134076144,0.0317937066303174,0.034889416203485984,0.028046616786504167,0.037960199138792644,0.0023292255715693967,0.0017668980241744554,8.473044419478676e-09,3.358201762691614e-08,3.678051095329631e-06,3.4711232064107053e-09,0.007929500590717935,0.009114094357714079,0.011976552027542383,0.01605154040709613,0.034500688092413696,0.053601052528056886,0.05665867855092334,0.057509604050112566
5a7e465255429934daa2fbfa-clean,2,train,0.16577095223219138,0.2728318640140139,0.30688648941927527,0.3259891790261753,0.028743676447786,0.150758497328286,0.17240610519213134,0.17316903200763825,0.15116699791193483,0.2066092577850262,0.00047967417379694735,0.0011573717420513216,2.40675317675318e-06,1.272511996692712e-05,0.00046574961648222893,4.745728082649125e-05,0.045104193659132416,0.04901093543607825,0.05530187195729236,0.05047594837354122,0.0855670488181933,0.09625810228539373,0.06468071699977992,0.08426197169652051
5a7e465255429934daa2fbfa-clean,3,train,0.17453146853727305,0.16920615868846048,0.15519679448139978,0.1419011771812478,0.0726591998665229,0.09341312476646733,0.09006253556898158,0.06224638101911396,0.08495037812283156,0.2244666104403619,0.09338115883816106,0.0665147542101332,0.00019285232150958147,9.010352774113157e-05,0.004137484283069366,3.9501944320901145e-05,0.044283503480452485,0.04993169368765242,0.04982007653047888,0.05522990587646858,0.06871254473201743,0.08316441465941675,0.06396119672566734,0.04763539448231886
5a7e465255429934daa2fbfa-error,1,train,0.12861164043903986,0.04421202483529674,0.03482533362918336,0.04218114761886416,0.004020631303971102,0.050124087134076144,0.0317937066303174,0.034889416203485984,0.028046616786504167,0.037960199138792644,0.0023292255715693967,0.0017668980241744554,8.473044419478676e-09,3.358201762691614e-08,3.678051095329631e-06,3.4711232064107053e-09,0.007929500590717935,0.009114094357714079,0.011976552027542383,0.01605154040709613,0.034500688092413696,0.053601052528056886,0.05665867855092334,0.057509604050112566
5a7e465255429934daa2fbfa-error,2,train,0.18430609413889962,0.3263690493215559,0.3364394959230846,0.3168020733497308,0.9163990225519477,0.5150505285196273,0.48904238447049253,0.46387946076690234,0.5990805069734838,0.6911546026056876,0.9864627687852333,0.9746588483153986,0.9999701875377806,0.9999715843272665,0.9877156756845333,0.9990576453238379,0.8035728741624434,0.7510949609132975,0.7551437193915473,0.7137632545834368,0.7869467487818944,0.7703373911318614,0.7322781073005026,0.7255780753462531
5a7e465255429934daa2fbfa-error,3,train,0.17663696802029147,0.16012190553599856,0.15040844490891,0.13955353587927047,0.02718915325532004,0.06852557045168438,0.07338774764680651,0.043042689168418816,0.06374405625377927,0.18448632961247294,0.09734194661544383,0.048799878594600325,0.0004251549724083753,0.0004052457651981689,0.006897376356999592,6.177940336133345e-05,0.058904008745442556,0.07284018448681236,0.07717846477708709,0.09273884958778146,0.11194687422909204,0.14461648854811446,0.1291623485370396,0.12090809547463117
5ae209745542994d89d5b31e-clean,1,train,0.19499961152110487,0.23751322112230602,0.23348856941420099,0.27193386684949333,0.07701605479377517,0.14895426905724368,0.16013177532056155,0.1263167630088495,0.17046716909608992,0.14896813286293584,0.019137551969283708,0.03546684223733621,0.003063325270923329,0.004995739874995808,0.028240865051877825,0.009946841686580369,0.25922983901177976,0.25446575103816305,0.2566710114448193,0.24595134782153433,0.33989151360601455,0.3300210185696747,0.2721184292481801,0.24940863250894646
5ae209745542994d89d5b31e-clean,2,train,0.2072477681021466,0.06279776173332244,0.08690506253982348,0.07396913358439784,0.0015548361228685712,0.05670142471811238,0.049933671162750305,0.046448256317208864,0.02267342882227153,0.04707172290727621,0.026801161053463415,0.04991758759007867,0.006288708647734697,0.006612199493637839,0.022931071758585296,0.00032463152136518445,0.11013970450486654,0.1649608804090491,0.15850965396658465,0.15308484545148437,0.17744691316794292,0.1234376974169104,0.08973884150924519,0.08285394391902554
5ae209745542994d89d5b31e-error,1,train,0.21033608072002685,0.28203869504422646,0.28376551739488726,0.31904615016647175,0.9779009972044767,0.7234993476584398,0.6396701216808329,0.6484775471914572,0.8572944831813732,0.9286746557414814,0.9994348991397244,0.9974858516178309,0.9999835102694742,0.9999923323886364,0.9939356958503965,0.9995571523027358,0.8075253669598845,0.7937224081074894,0.7591375647712676,0.7435532714137965,0.7453039115964365,0.692939860125779,0.6709859053506988,0.6863223527301321
5ae209745542994d89d5b31e-error,2,train,0.20729002256781864,0.06362384354906561,0.09241101207923554,0.08310384826764564,0.006574473395971589,0.08434892281472409,0.062411976647000204,0.049655014968898896,0.024918683066655085,0.05748358277872435,0.09421388215796091,0.11295934772964322,0.0012784466527646307,0.00044460369747659933,0.006204811428821954,6.075116268001338e-05,0.08600101503940397,0.12731634521202959,0.127254726450149,0.13250161543226777,0.16702676725313823,0.13639913170602574,0.11292458735329083,0.1272647064775566
5ab6a422554299710c8d1f12-clean,1,validation,0.19616804662884332,0.10552093103119631,0.08113895354164598,0.10243550387330318,0.029382892605815537,0.07298120097226911,0.05874319967993119,0.03731232592959001,0.049092513327722846,0.09178628837321054,0.008020782364031899,0.006469513324108372,4.868679917140167e-05,4.080308254311968e-05,0.0038925987127780754,0.0020373379046841576,0.08119507518819798,0.07717616407636886,0.08933514794037543,0.07528286823584682,0.09724213161760062,0.063830916931007,0.0853287607045833,0.08437913615747844
5ab6a422554299710c8d1f12-clean,2,validation,0.1313043505909137,0.057006024877096564,0.03658662949155793,0.03376345794265674,0.03712756758336602,0.12945076961908716,0.10444588665760479,0.07294968093124767,0.0652069385755729,0.037725754013895565,0.0009603151188545334,0.007152210436045469,0.00013209667335144017,2.8665597857286075e-05,0.007847975777517025,0.010769699668618666,0.04453755687449053,0.03630699086194072,0.04977773441482121,0.025422036572850595,0.03421934562765354,0.021853064615580294,0.03579510376776758,0.01811654155603869
5ab6a422554299710c8d1f12-error,1,validation,0.19712783266637143,0.1039545448326419,0.08178924531342865,0.10383996715147256,0.04174511386789928,0.07749362201881466,0.06478532807043622,0.04157186873390062,0.05590864871160831,0.10994226292224195,0.0795254800944565,0.04318831528743051,0.8206291180580634,0.8888713118301688,0.9086538036564881,0.9968936529407701,0.4626844333854462,0.4676081557775389,0.4568526943866474,0.5337161087836648,0.437481384695682,0.22918259039383537,0.27249100347248834,0.24500967473894303
5ab6a422554299710c8d1f12-error,2,validation,0.13139768281003797,0.05693817005428453,0.036693149241211385,0.033739791235214596,0.03817942125633254,0.1293086997944674,0.10540854860015367,0.07268281942270538,0.06562145100296947,0.037951263616651965,0.0013824935793778869,0.01127549761927293,0.0015815318547288417,0.0012728557611503797,0.054134074119631226,0.27805425795225847,0.10746005339565903,0.09099898640745173,0.10747249173304202,0.08121846513483327,0.07909338695742975,0.04292329223274296,0.06921794366338756,0.03289461992172054
5ae4c2835542995dadf243ec-clean,1,test,0.2796169348553192,0.29786546719451146,0.19048591749223295,0.2926722466041347,0.2150867332879257,0.11327957765461381,0.2168233140873271,0.26182858690425853,0.14561304373373327,0.1978118827335153,0.0049405599322683924,0.016893183491732796,0.00032206152049967684,5.768949542442773e-05,0.003520566331437665,0.0052508181459874105,0.17057813206127134,0.172074926572248,0.17902428845404147,0.12572968264109743,0.13038404226403905,0.10925590602491708,0.08566712387356318,0.06716688224718505
5ae4c2835542995dadf243ec-clean,2,test,0.22607672016238933,0.1132804138928784,0.1240185572577145,0.1113773211278775,0.19541891902332,0.11455279933888482,0.14557005277012183,0.07726602571051448,0.0525359755655655,0.013008606181032787,0.0006457395930203838,0.00048467644655005406,1.536986752942362e-07,1.1703802657643579e-07,0.00012978755006243814,4.341890139665524e-06,0.02929212010033851,0.00965813392066547,0.013672604091668612,0.014917546211600288,0.030174000373461587,0.036620457859301285,0.042284346867307344,0.05138139542224782
5ae4c2835542995dadf243ec-error,1,test,0.2790107552269488,0.299321629062614,0.19118487510592902,0.2936969524875424,0.2669242125252642,0.12246867740158948,0.2329998315972508,0.28067817530511074,0.1526420956592653,0.20848215738175985,0.007962040134425849,0.026406929415040963,0.004196653574137214,0.0004945020908317166,0.010087167841068728,0.03536300373411956,0.22208092180185332,0.2219569623663907,0.22809693477393034,0.18148022499691274,0.1738904504522533,0.14256250064084144,0.10962463752137079,0.08546515130672103
5ae4c2835542995dadf243ec-error,2,test,0.22597978035203775,0.11297757808382293,0.12350602656000592,0.11151179149135604,0.1977902997053143,0.11527545573469006,0.1472116500765922,0.07800884666842138,0.053265766036893744,0.013257905647070689,0.0006814478408799019,0.0005360095923951418,1.8128652832217018e-07,1.7468686981621083e-07,0.00017570056323596835,1.248856102320123e-05,0.03579838479032381,0.011810945494014293,0.01592080869162357,0.02000970045632281,0.041513245487988924,0.048155104467929095,0.05366468736464645,0.062168313228523564
5abce1665542993a06baf991-clean,1,train,0.12316187460563895,0.1279475505022969,0.1527764283148801,0.18064166921026287,0.06357846654340894,0.14991116392109693,0.1082631211159269,0.13109447724481108,0.1131340757873442,0.11947302032984182,0.02274283000979422,0.020355003593163352,2.1138881789516867e-06,9.85100501526449e-07,9.103089378751844e-05,4.884659317916405e-06,0.015792653397756363,0.0258484765185601,0.026621837219733786,0.03399878980547209,0.07743590151064554,0.09182322054075387,0.08322222891523805,0.08486057902087635
5abce1665542993a06baf991-clean,2,train,0.1962823383075237,0.17830570170117424,0.1792844733845109,0.16071320727606717,0.17937370380378936,0.07075670102994867,0.10156827166017406,0.16043991780786906,0.18890912840727006,0.24260155278985207,0.017541942030975324,0.048556895252547506,4.6767781645845286e-05,2.798499434244591e-05,0.004915482051575829,0.002025031931562558,0.0848158091909419,0.11159570851374687,0.13000926958494735,0.07425672069022694,0.08709058474749683,0.13332172998190228,0.16415189419936244,0.2324091099281685
5abce1665542993a06baf991-error,1,train,0.12316187460563895,0.1279475505022969,0.1527764283148801,0.18064166921026287,0.06357846654340894,0.14991116392109693,0.1082631211159269,0.13109447724481108,0.1131340757873442,0.11947302032984182,0.02274283000979422,0.020355003593163352,2.1138881789516867e-06,9.85100501526449e-07,9.103089378751844e-05,4.884659317916405e-06,0.015792653397756363,0.0258484765185601,0.026621837219733786,0.03399878980547209,0.07743590151064554,0.09182322054075387,0.08322222891523805,0.08486057902087635
5abce1665542993a06baf991-error,2,train,0.1960688278959227,0.1785073571874894,0.17911434939615406,0.1592183823300733,0.3524229877814942,0.09242854716856372,0.12829968638775074,0.2167918990954148,0.2742036958898575,0.40614931642786994,0.9510157210104606,0.8883056623281705,0.9965640562347448,0.9818225819016441,0.9030675852931982,0.9855131600394738,0.4825568038629684,0.5517794830751813,0.5553027670428125,0.7461696025909645,0.682123398063791,0.6539102876743362,0.616928779706079,0.5952661739385046
5a8165f75542995ce29dcbf8-clean,1,train,0.2507292732759752,0.16789187794565574,0.14159554564308144,0.13381236188298581,0.0030239700285620624,0.030590493624120998,0.021537962144134594,0.027182442607090594,0.06675590381294323,0.049473132660400085,0.009074356785513337,0.011117446098511466,8.511437699144085e-06,3.9047460667551266e-05,0.013136541165410659,0.002735096293249346,0.0930534177193023,0.08107306602340116,0.08186793016071298,0.058513606359171036,0.07755536153824455,0.08973803177468187,0.10196155268502215,0.1017575432030537
5a8165f75542995ce29dcbf8-clean,2,train,0.19394158254506644,0.2196493638653515,0.2545612377271098,0.15029974880201755,0.03402833722699673,0.09231586358373138,0.070361521722161,0.08535969541505643,0.07981828792636834,0.07515755660532762,0.04524876454697897,0.05945227280014372,0.000264174184560556,0.00044624701504533703,0.006092966886787372,0.001628903476034605,0.08900842155397562,0.057965642283090806,0.050294773130860046,0.05514190011848698,0.07328370590697848,0.09208988264980841,0.1457918812293184,0.17030858785651684
5a8165f75542995ce29dcbf8-clean,3,train,0.11767262438879865,0.16671488519417632,0.18425807873725125,0.18947108675377794,0.02054255500981479,0.10255038507454621,0.13103623235750578,0.10570637807427004,0.10531485340648114,0.11625361232341183,0.01611125403705507,0.018553075479912865,1.1875207636388188e-05,6.189756791939564e-05,0.011069222568651385,0.006921622775985295,0.0641266572242591,0.054492852287517886,0.04248416456828361,0.045226180928362045,0.06053960719068022,0.04832167589570889,0.07070975043414433,0.055495093527133374
5a8165f75542995ce29dcbf8-clean,4,train,0.1866898212106491,0.08236258546637869,0.08362505362662877,0.0946335567761555,0.0001359317789825377,0.032423650781559614,0.03211687973577475,0.020957787093455648,0.006747958265838994,0.018182567603321636,8.93310245561425e-05,0.0005864616642479057,1.027464250523407e-05,4.215047766205243e-05,0.00031115552635755013,4.003005985449851e-06,0.02036828234346387,0.01540937325160412,0.014104668576240568,0.017177488087587976,0.0183678696055481,0.017231530389813992,0.019519031247752873,0.02029017335803701
5a8165f75542995ce29dcbf8-error,1,train,0.2507292732759752,0.16789187794565574,0.14159554564308144,0.13381236188298581,0.0030239700285620624,0.030590493624120998,0.021537962144134594,0.027182442607090594,0.06675590381294323,0.049473132660400085,0.009074356785513337,0.011117446098511466,8.511437699144085e-06,3.9047460667551266e-05,0.013136541165410659,0.002735096293249346,0.0930534177193023,0.08107306602340116,0.08186793016071298,0.058513606359171036,0.07755536153824455,0.08973803177468187,0.10196155268502215,0.1017575432030537
5a8165f75542995ce29dcbf8-error,2,train,0.19177846836266382,0.18241254865612913,0.21152806399328047,0.152279645499303,0.6102770694779096,0.23505115114127037,0.1721397085704511,0.1704813067772814,0.1665009570227333,0.19511218320751764,0.7970991425981822,0.7981304500895303,0.9996116483588138,0.9995827185461771,0.955247275297129,0.9952699305642603,0.6483558231243638,0.5314167937813014,0.4824618960842887,0.4657170563276041,0.5684972454635558,0.5316755108662542,0.5382327141389228,0.537496569577201
5a8165f75542995ce29dcbf8-error,3,train,0.11231081257846695,0.1760767032100023,0.18703732516833121,0.19319489362627149,0.01618253841864402,0.12032388845725997,0.15483770839512284,0.12213992917743419,0.10899449122606164,0.13750891998332015,0.06298280195784203,0.04127119974742601,0.00011782166524265912,0.00046693759785059786,0.02322117015095343,0.017699951581568264,0.07124992460273566,0.06859365354816009,0.05257990600427354,0.058353907347043564,0.08666877820885156,0.06877747283115185,0.09235638773028862,0.0821038981545562
5a8165f75542995ce29dcbf8-error,4,train,0.18995716031408158,0.08874298247930806,0.08762627726616488,0.09864733045114533,0.0001495011434323279,0.033487522766155846,0.03193395865200893,0.0213038562113794,0.0065567033830609195,0.017893760686783156,0.00011512667644335301,0.0007471077071386682,1.8577772869670642e-05,8.044041146348078e-05,0.00042523128414711,5.891178233008054e-06,0.022117061733120197,0.017295568605607027,0.01758033477320878,0.019435156066430665,0.020276396114672367,0.01995902977883901,0.023161433514453107,0.025539350354926143
5ae2e0a755429928c4239522-clean,1,train,0.17002723488580263,0.2755986482164676,0.3190589669035379,0.20499181741550715,0.010892040533760116,0.07991602767668002,0.09979967483201786,0.131839081390408,0.11128233943725652,0.0832967752473009,0.0018141570239544513,0.0025711027576216174,8.406523364561237e-06,1.8355634264355738e-05,0.005640036003372609,0.0004933922390561059,0.09704267741961015,0.1589661297557754,0.20305735763614982,0.21390420902073137,0.20111264173335872,0.245856943442068,0.23683822862416776,0.22009064987081497
5ae2e0a755429928c4239522-clean,2,train,0.2359060079631328,0.11647285957811099,0.09069306219106961,0.10242076878816754,0.027580280710855835,0.09970741362956312,0.07832189125731574,0.1158095020234411,0.11398685455023569,0.06356774060410274,0.022988865228391123,0.01785940031053568,0.00030089670857793617,0.0002460518500000522,0.0055117627584133225,0.004084012790454994,0.05163239454553137,0.04298510735209179,0.03917700703569552,0.034812306965567766,0.021893195055950186,0.02952373581892516,0.030514303105090082,0.042232421614925054
5ae2e0a755429928c4239522-error,1,train,0.17320497674855073,0.2717359059711282,0.3306532242968309,0.20706326301237865,0.6330998613637063,0.26668349296568217,0.2540484161379887,0.27640784334532903,0.40326429907799355,0.516945026548192,0.8999335299827743,0.8858553901212333,0.9989311238486741,0.9983088778275022,0.9539481828777125,0.978467712746438,0.4979756528363765,0.6262521772193644,0.6354931586933353,0.6121233091704398,0.5229813590971272,0.5389858820919259,0.5140500619860211,0.5503240500748481
5ae2e0a755429928c4239522-error,2,train,0.23805902057912617,0.12326838974299148,0.09551557725499883,0.10684305010677152,0.026521765648957155,0.10381474939281542,0.08078399668997902,0.11835302209259213,0.10384500438594096,0.055206283264788644,0.020541822776172895,0.02650318323930251,0.0004955850251243089,0.0005486128210508331,0.008900769123769624,0.008912907250569518,0.06346312350813127,0.0571052554613407,0.050739335413057265,0.04491726305639458,0.02481424954017719,0.03472633124070981,0.03964584074012437,0.061535178949211955
5aba10615542994dbf0198a4-clean,1,train,0.15641822011237086,0.10651666850496458,0.09661652663366098,0.049644683040016825,0.014057089449272557,0.05270150241115999,0.025030889186504344,0.02755047522207868,0.044945819867359856,0.04568149905929024,0.02592272924851361,0.05355733875618298,0.005685493912038026,0.0005617180534734284,0.013547915574341204,0.0010481531262615227,0.054439876984508695,0.03320504397471253,0.048012571831226314,0.081538402215718,0.05675843298255697,0.06305093938253815,0.07905284907018013,0.058936528354780436
5aba10615542994dbf0198a4-clean,2,train,0.24836307250369005,0.4734929620509782,0.4791519371142905,0.35117647556201914,0.332185946089272,0.2739460944822551,0.3436494359561234,0.4561696729333225,0.477984864510791,0.4593160653946103,0.046011017094579096,0.010286275417840156,0.0035388393238808733,0.005398685343762167,0.027665883028351657,0.002870381929417071,0.06471804870303272,0.060675700559314434,0.06577991159571205,0.08855568276518865,0.11634176314884855,0.12373348204605512,0.13206617578049748,0.1598394854218032
5aba10615542994dbf0198a4-error,1,train,0.15641822011237086,0.10651666850496458,0.09661652663366098,0.049644683040016825,0.014057089449272557,0.05270150241115999,0.025030889186504344,0.02755047522207868,0.044945819867359856,0.04568149905929024,0.02592272924851361,0.05355733875618298,0.005685493912038026,0.0005617180534734284,0.013547915574341204,0.0010481531262615227,0.054439876984508695,0.03320504397471253,0.048012571831226314,0.081538402215718,0.05675843298255697,0.06305093938253815,0.07905284907018013,0.058936528354780436
5aba10615542994dbf0198a4-error,2,train,0.269799186220494,0.504546366092723,0.4998230068347855,0.36431078769420505,0.7551485294995164,0.35297250282535697,0.4108771824876616,0.5426963102534029,0.648996977113654,0.6539973670914611,0.9989611168321657,0.976476633005369,0.9999999999654976,0.9999999996602749,0.9999926972536268,0.999999837808477,0.8627664316938576,0.8589092958295901,0.850314070768003,0.7970621623585025,0.7378798065667277,0.6591197991559,0.6256526504606095,0.6348948809067767
5a78cea8554299029c4b5ea3-clean,1,train,0.27949901677722594,0.4002988782425028,0.3442188658343358,0.3192910322312541,0.3074918200835266,0.2235911825373264,0.23468795871810555,0.2176159372040168,0.19942830987141666,0.21095077696989922,0.012260956528583831,0.022722279280435364,0.0003101046018132027,0.0007284760420805267,0.03856361782969356,0.004969267973452689,0.19222414436970817,0.24136001611496036,0.26075334691418867,0.2174742382960162,0.1889094285899783,0.21719740418601435,0.22157527891704268,0.24960721345051626
5a78cea8554299029c4b5ea3-clean,2,train,0.14873415864808684,0.0973659568589968,0.10444221595777536,0.11266708640319659,0.0015800343385102015,0.04208578653841218,0.04205124972348479,0.021806593856542034,0.014923767655745537,0.008567577872338855,0.008238136280759124,0.0040848185430939965,0.0006277787468861613,0.0009335009083094837,0.007011056174255969,0.0005267833409499782,0.04176926381388697,0.04931741390644237,0.03845573972702506,0.027633340541405926,0.029856772436051376,0.018911755340100075,0.027536216383556005,0.061918981160687614
5a78cea8554299029c4b5ea3-error,1,train,0.2796112643980406,0.4024596988157144,0.34769349028438873,0.32260160598905835,0.6701595869061474,0.3051449931206104,0.30303516326216107,0.33923596608975914,0.2925002355813332,0.34200514307395524,0.7969865625254967,0.7698557884693088,0.999896729314201,0.9989240140786738,0.9881606402329256,0.9952306868327176,0.7114782994676331,0.7631798277687043,0.7381219317790838,0.7189475189476693,0.5716938298666449,0.5534942025335766,0.535999654366232,0.5773804773101393
5a78cea8554299029c4b5ea3-error,2,train,0.14855836422388433,0.0975781238899298,0.10419916130233524,0.11322403397194837,0.001612395197653796,0.043153456268816934,0.0433420668677956,0.02213414421271275,0.015436695912020317,0.008877462640929463,0.00868261054346875,0.004528701048314768,0.0016584653061396417,0.0035125277567439523,0.014335045517773285,0.006033999278217961,0.07680619816778592,0.09776040318758325,0.07530681436985423,0.059033773913788105,0.06051291942852511,0.03268750922316385,0.04899191307462977,0.09877078260563277
5a76d7bc55429966f1a36c01-clean,1,validation,0.20904729283033127,0.19271382380449933,0.20861253623560344,0.16763470591705723,0.006970413125858454,0.06580372564164864,0.08010433729751969,0.041842543241890295,0.014618637898036866,0.03445548800567755,0.004579188113071161,0.0026936830669614734,4.235106623751237e-05,1.1919099476166417e-05,0.0028713633173117208,0.0005108768921464828,0.07294313512560034,0.07516399642392346,0.11182638842059073,0.13029554190169707,0.16728516198925733,0.08766535552298867,0.0870455814050278,0.13148255806443282
5a76d7bc55429966f1a36c01-clean,2,validation,0.1803124294136272,0.12350485035763646,0.09477253768998319,0.1297071141322943,0.0197270390778875,0.05488470418125909,0.03929538602518005,0.06002236970564452,0.01961967906793178,0.011823344481653548,0.0016875530357252542,0.007238546710848765,0.00020819667659311293,1.3187241133770408e-05,0.0024759762952096588,4.6387528752999204e-05,0.15256566908836725,0.23514156867886812,0.2523099600034645,0.07092802604357917,0.08304292392917577,0.11868507357717266,0.11397854293459053,0.11698352345154987
5a76d7bc55429966f1a36c01-clean,3,validation,0.1563139232578941,0.24137854201640693,0.2337246244387692,0.16873318946223,0.33714100346123976,0.1181213981375409,0.09377841828701772,0.11339409658330465,0.10038871619724515,0.061106573966796654,0.30623597691070653,0.3287398904616295,0.0003829489755261409,0.006589525334832068,0.08923747427404985,0.1352113535132388,0.1764610152204732,0.24648529902813734,0.2936507477461949,0.1740816075381699,0.10837363743611043,0.11626989585885292,0.08808867439928006,0.1574482531994436
5a76d7bc55429966f1a36c01-clean,4,validation,0.07271795155062372,0.2503981063907024,0.3137553260559961,0.18592517889855215,0.07069707923460801,0.19623289535287525,0.13312110651319756,0.14542901426520324,0.1412910887752574,0.16335753601257352,0.003798678250030848,0.0006124881208320671,1.288083010310915e-06,1.9188317564407543e-05,0.0003637565635684995,0.0006475951701728574,0.05075745455677493,0.05620655823947989,0.03834801270570825,0.07917858784606113,0.043919406581794954,0.03986565798732546,0.031785213979067035,0.04720861754330942
5a76d7bc55429966f1a36c01-error,1,validation,0.20913629372798054,0.20028348129865814,0.20771139078602371,0.16900613297645636,0.5890436062877096,0.25651485404120555,0.28805345126737986,0.13856807868931104,0.04806220568118769,0.17033857628885557,0.6570948913308052,0.5663706183512519,0.99998265648598,0.999982999567833,0.9965450789344868,0.9999908216108536,0.8245255846047446,0.8782129101048891,0.9083216339782262,0.8975957058495032,0.8974952071827663,0.7024732470767674,0.6705416976476316,0.608688079688959
5a76d7bc55429966f1a36c01-error,2,validation,0.1802254093237884,0.12396604203900728,0.09450842208702621,0.1288154783311115,0.03462264332119622,0.06840951485924257,0.04871028947827134,0.07452268980882144,0.02485691493232778,0.017098834843300117,0.003265070636170484,0.015349306225489969,0.0006714485876211607,0.0002252169159903104,0.01281141025950802,0.0028987222107771907,0.3202226438738414,0.443243239996252,0.5019845121609608,0.20252427643523807,0.20560179134085005,0.20930434975857315,0.21862334126116562,0.17389768685266369
5a76d7bc55429966f1a36c01-error,3,validation,0.15623456299962152,0.24262927260821854,0.23393231488802307,0.1694733694755721,0.41425331254225717,0.1409551033605147,0.11274134134423837,0.1335231857389112,0.11583535976558287,0.0809848463336835,0.38564152520290396,0.32791610776588215,0.0004079372439093048,0.011766720230844985,0.17009067258080635,0.28569173535832815,0.19763628878036613,0.27326344618290366,0.3354269999213464,0.21457798761900013,0.13071237603129335,0.12668759389789347,0.10958712315498098,0.16050133791146595
5a76d7bc55429966f1a36c01-error,4,validation,0.0727193013190811,0.250734465418242,0.31372473345401153,0.18586018633573362,0.08875247491497501,0.2137605777920381,0.1550912816527795,0.1726093264790429,0.170708298624323,0.20096404255785327,0.004655313148235156,0.0007670070093240422,1.179673710122088e-06,1.4686161481055095e-05,0.0004976409029164468,0.0010157131137918335,0.05269669060754789,0.061927436676117595,0.04296292617350996,0.09213479890612594,0.051136192710911056,0.04217004753051806,0.03765749750006816,0.04845138846225486
5abced2755429959677d6b4d-clean,1,train,0.1895372057221617,0.1736911699573899,0.14556151140346274,0.16776819824189845,0.007506092289088697,0.09926513418375778,0.06782390091953322,0.04843889192493113,0.09058874016035261,0.10705339479567132,0.02772570017893397,0.014648297463726465,0.00015159759114294493,0.004800849968116724,0.03556133926239304,0.005103643949395219,0.13654996751737647,0.16925608878270754,0.1542908273845233,0.14347246232011499,0.1793540978738135,0.16525208916421097,0.15288766457491473,0.1551566790660616
5abced2755429959677d6b4d-clean,2,train,0.20582456872705227,0.4208316747913445,0.332307790522643,0.3195586311862506,0.4268034795955231,0.36268409788548384,0.4406291011042893,0.3877120932529645,0.32134880449697845,0.3352310230974912,0.3107122988228572,0.34730239330356355,0.018955172698634903,0.024570984584093992,0.07481428255346431,0.0396402021034922,0.17028060243800597,0.21407879888155243,0.22432269407941574,0.19697713945064213,0.28057438292191134,0.23536340649683224,0.26677269774158646,0.22923369499483454
5abced2755429959677d6b4d-error,1,train,0.1895372057221617,0.1736911699573899,0.14556151140346274,0.16776819824189845,0.007506092289088697,0.09926513418375778,0.06782390091953322,0.04843889192493113,0.09058874016035261,0.10705339479567132,0.02772570017893397,0.014648297463726465,0.00015159759114294493,0.004800849968116724,0.03556133926239304,0.005103643949395219,0.13654996751737647,0.16925608878270754,0.1542908273845233,0.14347246232011499,0.1793540978738135,0.16525208916421097,0.15288766457491473,0.1551566790660616
5abced2755429959677d6b4d-error,2,train,0.2072167141282765,0.41834697042390084,0.3314926534389066,0.3199190491194819,0.4783984420757502,0.37942399335785404,0.4577457767158039,0.40868718174086527,0.33755524113895935,0.3528863127708278,0.5552919739454372,0.5376947742478281,0.972365157936893,0.9560355511794778,0.7934279466097215,0.926074428530464,0.3790377061813245,0.4323020839096908,0.4194940516309228,0.444121608568693,0.5024082756169271,0.435332977609082,0.4467683168301459,0.36329759940399703
5a7f025c55429934daa2fc8d-clean,1,train,0.32798971792223786,0.40930051687868246,0.32052923636220204,0.2833566592381806,0.11377033234957595,0.18420673971163537,0.22872710422613107,0.27522756632171963,0.3739438705047462,0.32789506428808574,0.06086021544996012,0.11271747850859849,0.006814804169065168,0.009504068006715405,0.025969763487772347,0.010263105272522364,0.07087264098707544,0.058227610340984295,0.05903254538790317,0.0486070094509483,0.06373548035211517,0.06380358711184539,0.06957893100627244,0.08402142526130886
5a7f025c55429934daa2fc8d-clean,2,train,0.17086866749536436,0.08261706907219638,0.08110748625666583,0.050771757436643895,0.0007803568250721081,0.04820381573302487,0.04935002979647649,0.04255478629716841,0.05185113265410043,0.04311032971466531,0.0010544934762755915,0.0007744804858943827,5.833605095106302e-05,1.943728758572762e-05,0.0017580257988495942,0.00011543357746125082,0.03723579275561127,0.04708301503749303,0.043842191736625444,0.04572969071641545,0.05640226810447858,0.06330503258568253,0.0699614307698965,0.1021113471355571
5a7f025c55429934daa2fc8d-clean,3,train,0.1192842510258979,0.11461720484312589,0.14447105914964806,0.15552431138343403,0.01655363293547406,0.06191548806235094,0.07718239143495027,0.06637276372273546,0.09657221091919041,0.12343806290464908,0.014491420810153754,0.016098883060069204,2.229089188048715e-06,1.1745546619235464e-05,0.0008362508003685825,0.00019320694363749455,0.02907944819185779,0.03913248086457917,0.042813910973836244,0.0370501064700928,0.0519339115774779,0.03666046570062187,0.038577223971110505,0.0649689619967366
5a7f025c55429934daa2fc8d-error,1,train,0.32863365428883073,0.4089994958933858,0.32046787454329567,0.28838195341826084,0.779037055365729,0.43202188504525335,0.47250357457300685,0.5220787709927373,0.5431643841359801,0.4861602371093494,0.8966163920479062,0.8412421934112837,0.9999999999758644,0.9999999995638287,0.9998253848866294,0.9999997051178057,0.8801759799692779,0.871761995901709,0.8296317492464349,0.7719947000512881,0.7230266001815187,0.6579029921929938,0.6463999091618587,0.6097186457951624
5a7f025c55429934daa2fc8d-error,2,train,0.1707956577545918,0.08316583076031471,0.08161563276558853,0.051332341241349305,0.0011308775335471782,0.05125496375672317,0.05234651769663552,0.04354327490091279,0.0537100374142636,0.044913469923104535,0.0013142087802257858,0.0011305799137121505,0.0004014169410094849,0.0008104070089246836,0.010134744440887439,0.006751924309547483,0.09044664708081145,0.10220875404289789,0.08993767012955159,0.10258439979325429,0.08927825964299886,0.10992177588716757,0.13106804487203405,0.1564898975341477
5a7f025c55429934daa2fc8d-error,3,train,0.11934472044034587,0.11449047940085237,0.14439034475872806,0.15572702144482511,0.019589881593377233,0.06146456034845477,0.07984888782975098,0.07081675168045577,0.09880869036392968,0.12735807800713736,0.014738590731970754,0.017829979741623973,7.120479228918098e-06,7.237795387137834e-05,0.002666736657072413,0.003352414068715044,0.05428564248487892,0.06356493891266729,0.070855089571548,0.061756484249659634,0.06253790481216744,0.04818974567293572,0.052513378244400034,0.07678734427660965
5a843610554299123d8c21e1-clean,1,test,0.2069463607064711,0.15876571968318728,0.049755036414801564,0.0941253547241092,0.0012112176777307692,0.0999250393396638,0.20442752963687727,0.14071054504089076,0.21673069864671868,0.5225108762882925,0.0021499096057781045,0.046772874351500404,0.031101157548173785,0.006005101250073307,0.13118020877514422,0.002331867144886501,0.2756488426310832,0.22933775473387713,0.19390328423381456,0.15626820563321578,0.2248068703350445,0.21820286783420134,0.20668057928261105,0.18295017212961026
5a843610554299123d8c21e1-clean,2,test,0.26797090828665887,0.15951742844905312,0.17715807030279326,0.0920960113753116,0.6018887994532369,0.39842510929341707,0.3826655158517578,0.26337824740157806,0.2270680328380131,0.13504563995989896,0.0241109219052981,0.011458756429664726,5.1256719902673746e-06,6.453938078185502e-06,0.003287897583780667,2.7300364580021197e-06,0.028314691073528738,0.011633560852962254,0.012112890008817163,0.014780998163225936,0.021107722095717298,0.017492996651271395,0.019667237193288306,0.024528059985578304
5a843610554299123d8c21e1-clean,3,test,0.1858380503898232,0.21388780685305814,0.2587683253487404,0.197973039845876,0.00031139179878025386,0.20415325450073524,0.17568726075779129,0.21844113683215213,0.11094975513781827,0.016878392513739533,0.000975757137872835,0.0018030481623954502,8.161759452669217e-05,0.0014249844569579825,0.011267863145725665,0.07649618536923239,0.26582506426124725,0.18925582056639773,0.17570075380916383,0.12939434108854278,0.14378261717410445,0.11889969076706024,0.14255872212402879,0.1614169205010306
5a843610554299123d8c21e1-error,1,test,0.2069463607064711,0.15876571968318728,0.049755036414801564,0.0941253547241092,0.0012112176777307692,0.0999250393396638,0.20442752963687727,0.14071054504089076,0.21673069864671868,0.5225108762882925,0.0021499096057781045,0.046772874351500404,0.031101157548173785,0.006005101250073307,0.13118020877514422,0.002331867144886501,0.2756488426310832,0.22933775473387713,0.19390328423381456,0.15626820563321578,0.2248068703350445,0.21820286783420134,0.20668057928261105,0.18295017212961026
5a843610554299123d8c21e1-error,2,test,0.26762487015012293,0.15938230659733799,0.17842122095473653,0.09221726470940367,0.975948193420032,0.6383253478871562,0.6021455314097521,0.47223182167376976,0.35687510763166186,0.3028070331313158,0.9877080389432206,0.9353818580411026,0.999999999932665,0.9999999858423934,0.9995599318356944,0.9974170162457551,0.6559595081828469,0.46680093980575355,0.4234552337588707,0.42351884609407914,0.5144096461632216,0.3467309990251897,0.2838857850971028,0.20965871768615796
5a843610554299123d8c21e1-error,3,test,0.18580913515335484,0.21418415761133544,0.2600407289309001,0.19916721742596316,0.00041651622935146026,0.2165799344853048,0.17842540361803663,0.22573014177986828,0.11884670315979819,0.01849025313780551,0.002350767777119894,0.0038825385089954123,0.0002764847943954595,0.006801023637629605,0.013920148787405277,0.27100718501328636,0.35499513968414875,0.2657590592226821,0.2706749458634519,0.3169984337969747,0.34980063180606996,0.28138783124544026,0.31694187131716056,0.33676698240867114
5ab7a8335542993667793fe7-clean,1,train,0.25931785303878335,0.369952691149099,0.41806000316271474,0.4357687682964377,0.30544226377040246,0.2555487337366436,0.40048203701785384,0.4386946613598734,0.5238239456653485,0.49343898433149286,0.06375030186702087,0.05220948643865607,0.005858039633462477,0.005603852060559651,0.021976387802445232,0.004146718584378364,0.15216650117474775,0.2175659585914503,0.22791089615853968,0.20623957921704958,0.26051532160761925,0.28411280704983743,0.29972886398801,0.26053335683525414
5ab7a8335542993667793fe7-clean,2,train,0.048659445567174026,0.07358733205916766,0.045082450611497606,0.04325463586053367,0.01947008658031043,0.0632714173983317,0.08251624783242341,0.09394222455712449,0.16658342077650334,0.1635963701312918,0.018395884961393175,0.011974447933174976,0.00020903243923359825,0.00018952986112160796,0.002763957760833978,0.00013020482658528023,0.026126783859455698,0.018009305668482065,0.03786663385205821,0.026188871590180518,0.022151841167177687,0.024580526091358756,0.041550082003934445,0.05621726415760746
5ab7a8335542993667793fe7-error,1,train,0.26020173946649783,0.369630069327648,0.4197194509468229,0.4358794798402217,0.6642312598247035,0.346695873106587,0.499297762978086,0.5727163032541512,0.6345390680997219,0.612548718487022,0.9821413611935665,0.9245528488202992,0.9998895765761576,0.9997391429626674,0.9809220350050218,0.9973060496940264,0.710832945337924,0.7383958071727574,0.7002434288829472,0.7082940795743193,0.6772658999053214,0.6328943034133497,0.6321441730859134,0.6062325977577356
5ab7a8335542993667793fe7-error,2,train,0.04863117846664377,0.07344797903681607,0.0451215804335498,0.043042349611151436,0.024037568925566945,0.06660375800944567,0.08630524510527882,0.09853963903382981,0.17263405496099063,0.1697176853304815,0.022020831567832043,0.014834004647841514,0.0008232519907419586,0.0015219105105349136,0.009589798358374845,0.0018746594326585842,0.062477963245456805,0.03652088308598807,0.06522657886996479,0.06389566860888349,0.0636334368171602,0.06505185694408754,0.09945334130001575,0.13213437697624641
5ac415395542997ea680c9f5-clean,1,validation,0.25030459762117263,0.23769200295062556,0.28974111383801265,0.22226086530537945,0.006830096178225148,0.0843051092077792,0.05678872100556451,0.05375371908715587,0.08063698428195837,0.13811309685773043,0.03105261055870894,0.00850696665211333,1.0888276551037434e-06,1.3299957265640143e-07,9.214163036198965e-05,3.1086001359526904e-07,0.007532041683145567,0.010352725729497008,0.011368679743552676,0.011438163218775643,0.024917224283165857,0.057763275909954226,0.04327716582659936,0.05820487646467953
5ac415395542997ea680c9f5-clean,2,validation,0.22632429092456785,0.1987276144153323,0.21021510306563745,0.22984490233149524,0.09065139612807552,0.28247982085141976,0.2767721592708101,0.23926334903514213,0.3538969747743983,0.21888443790812384,0.0005933839901362092,0.04803843971436724,5.2816443513260425e-06,9.943636847437137e-06,0.0028042309286225747,0.0013157428686467218,0.1283100047791865,0.13858923377928942,0.21203904239091886,0.23414842039955444,0.33364200378733017,0.42925576644874,0.35825200632726134,0.3511803719915489
5ac415395542997ea680c9f5-error,1,validation,0.25030459762117263,0.23769200295062556,0.28974111383801265,0.22226086530537945,0.006830096178225148,0.0843051092077792,0.05678872100556451,0.05375371908715587,0.08063698428195837,0.13811309685773043,0.03105261055870894,0.00850696665211333,1.0888276551037434e-06,1.3299957265640143e-07,9.214163036198965e-05,3.1086001359526904e-07,0.007532041683145567,0.010352725729497008,0.011368679743552676,0.011438163218775643,0.024917224283165857,0.057763275909954226,0.04327716582659936,0.05820487646467953
5ac415395542997ea680c9f5-error,2,validation,0.22648783025860467,0.19999684852764502,0.20966802386537306,0.22834208600724243,0.10477548334818426,0.2933111167702011,0.28943548824476684,0.25469406689432794,0.364366399667149,0.23288741016698888,0.003194966591289141,0.11894347717759274,0.8233828019265818,0.8089242062565857,0.658047737160624,0.9791539690891982,0.5469828204047944,0.6128813538523477,0.6794341263113651,0.680539538835657,0.7428315315410737,0.7779554107593192,0.7044968849602994,0.6265000054570615
5a7459c955429979e288291c-clean,1,train,0.1594528489817659,0.08516971836513505,0.069809781332916,0.12778817934679843,0.021072606389500294,0.07246642910554991,0.06607927101648275,0.06021738474781786,0.05025510075715218,0.06659883525100672,0.0012669375433276768,0.01691571518815489,0.0014254265938712088,0.0017151967854969917,0.01952098510487255,0.011226321596663485,0.11705318561561213,0.12830965040985215,0.0939034790818042,0.07676455349736945,0.07139540299889881,0.07748271208655137,0.08784587571519357,0.09132030685023113
5a7459c955429979e288291c-clean,2,train,0.21296136766295676,0.22403400141188293,0.3052111422239958,0.24551912300032686,0.343963697159841,0.352255853524812,0.2770720127183779,0.2410716351618036,0.27470359126035304,0.2587538848716815,0.25256005185698455,0.3037493117412329,0.07744233412413287,0.06468431450392988,0.2595832734200217,0.1083609441097458,0.3002974574093991,0.28336618628151555,0.2869628033738657,0.1617843499361857,0.1702005515628908,0.1864115696833343,0.1947027674935299,0.12485917985172153
5a7459c955429979e288291c-clean,3,train,0.1597234673077958,0.10519796032661526,0.08038010952836469,0.08680947408654653,0.00015741426565421765,0.018872443961683354,0.03239525414881804,0.024635736128023465,0.025837523028669308,0.01625215164710223,9.695053286499392e-05,0.00018526792634822727,2.9682475624578918e-06,5.713437417896439e-06,0.0012119210106792994,0.000478081043481911,0.048072844180479926,0.03439281206364529,0.023049792642121612,0.02914101681842608,0.02893530912070967,0.044381932858715896,0.04589153926968036,0.054099824561133776
5a7459c955429979e288291c-error,1,train,0.1594528489817659,0.08516971836513505,0.069809781332916,0.12778817934679843,0.021072606389500294,0.07246642910554991,0.06607927101648275,0.06021738474781786,0.05025510075715218,0.06659883525100672,0.0012669375433276768,0.01691571518815489,0.0014254265938712088,0.0017151967854969917,0.01952098510487255,0.011226321596663485,0.11705318561561213,0.12830965040985215,0.0939034790818042,0.07676455349736945,0.07139540299889881,0.07748271208655137,0.08784587571519357,0.09132030685023113
5a7459c955429979e288291c-error,2,train,0.21256440802980775,0.2220153882652279,0.3027836245459163,0.2427384897784175,0.7045585105517636,0.4301854056671416,0.33203362026083727,0.27722021948494613,0.29565014352776325,0.32030202946010256,0.7648265292889321,0.7125513172893106,0.9217825556668962,0.9312279030323294,0.7809713707835836,0.8965440603663021,0.4833095055555201,0.45718241625892714,0.4398098509026498,0.6489093208129789,0.5841508361229434,0.5558025068152164,0.5216813660122532,0.34432027937792986
5a7459c955429979e288291c-error,3,train,0.1591937676931046,0.10484514542431572,0.08016299860344313,0.08634322248463672,0.00032548801438513113,0.020895959807685566,0.035652744176732615,0.025036347826513396,0.025116166175518886,0.015540958194639094,0.00012052634687171118,0.0002584674689427632,8.412388256886123e-06,1.7067761822550733e-05,0.0020108801907189064,0.0020436036688787503,0.0594080061330066,0.04320030365591843,0.029518098234341587,0.056172484062333355,0.04844407879946203,0.07401286186271422,0.07194359055311694,0.0743642196484596
5a7cac795542996dd594b97a-clean,1,validation,0.2160442581585934,0.18199670177323,0.13065164441621352,0.09933207690454343,0.0290470259357854,0.08483407141909179,0.0788324634867558,0.06483990400602689,0.14795559839928032,0.13037546544011108,0.027958745862138812,0.029590036777550732,0.0008107659313072306,0.00042894064054632133,0.022497921438625328,0.039991049800687906,0.1057333701688171,0.0849596359369532,0.10325916904311778,0.0613940410914621,0.07075020471300464,0.0396447295872962,0.039426726732260914,0.04217227883994902
5a7cac795542996dd594b97a-clean,2,validation,0.2861456077239178,0.29716460200269124,0.2494333274973914,0.17089412389925923,0.13257000951163814,0.142043659840283,0.13996938495331407,0.19975234804047667,0.0866164644714528,0.106389327122275,0.010214479297141784,0.028220900971587515,0.0004971257272726625,0.00047395018888469174,0.017549235559692997,0.0005871046668792765,0.058365664795125255,0.03624328591667122,0.03547865918433734,0.04245728228879994,0.043055504486728916,0.03085583897121327,0.031481720161030236,0.027303817311262586
5a7cac795542996dd594b97a-error,1,validation,0.2160442581585934,0.18199670177323,0.13065164441621352,0.09933207690454343,0.0290470259357854,0.08483407141909179,0.0788324634867558,0.06483990400602689,0.14795559839928032,0.13037546544011108,0.027958745862138812,0.029590036777550732,0.0008107659313072306,0.00042894064054632133,0.022497921438625328,0.039991049800687906,0.1057333701688171,0.0849596359369532,0.10325916904311778,0.0613940410914621,0.07075020471300464,0.0396447295872962,0.039426726732260914,0.04217227883994902
5a7cac795542996dd594b97a-error,2,validation,0.29896017580303974,0.30199223700100486,0.2690246256666197,0.19579827655993867,0.5382373632490979,0.2567226021088056,0.2397026700715333,0.3298830707623664,0.20519365175068505,0.27337390888892793,0.8851511689448852,0.8845271289176285,0.9999882127914834,0.9999712456596316,0.9915608764364895,0.9924931740221142,0.4880949780168087,0.38249776574564337,0.3598184790621883,0.3339325320695313,0.23192417233840423,0.1352086150178636,0.1244343153414037,0.09106430970915047
5ae2c5105542996483e64a4e-clean,1,test,0.15852223294786266,0.12285245907214233,0.1073685936556901,0.13954757227083167,0.10670999966467272,0.30020314275556365,0.24308333795219322,0.23759291009055125,0.2972920745025701,0.42147833345718894,0.30957579086743525,0.04452855643420259,7.922787808613478e-06,0.00030147603433249,0.04632707302015262,0.003921053597099381,0.09784284848545075,0.09303830517012482,0.09912004452509325,0.09342363417655704,0.08243634350798021,0.11843177398861116,0.09288945757941153,0.04834489163238541
5ae2c5105542996483e64a4e-clean,2,test,0.2547170373641639,0.21078242397056535,0.21102205561753398,0.14417571815814256,0.11755399631811912,0.08974444901031398,0.10674961924273635,0.08599016972938811,0.06649316500168877,0.08437495538881479,0.003176157845092708,0.03068364140582362,7.79247043992464e-06,1.967991206450037e-06,0.00021993290562658853,0.00012257179481971807,0.03281689540208324,0.045483256608900104,0.04095141442934743,0.03862088514989517,0.04305136534905006,0.0535983398830383,0.05136703391648487,0.04511245200635893
5ae2c5105542996483e64a4e-error,1,test,0.15852223294786266,0.12285245907214233,0.1073685936556901,0.13954757227083167,0.10670999966467272,0.30020314275556365,0.24308333795219322,0.23759291009055125,0.2972920745025701,0.42147833345718894,0.30957579086743525,0.04452855643420259,7.922787808613478e-06,0.00030147603433249,0.04632707302015262,0.003921053597099381,0.09784284848545075,0.09303830517012482,0.09912004452509325,0.09342363417655704,0.08243634350798021,0.11843177398861116,0.09288945757941153,0.04834489163238541
5ae2c5105542996483e64a4e-error,2,test,0.25494709773931684,0.21161073147131396,0.21175116620871262,0.14444927747367092,0.16584313953889912,0.10136640235584271,0.12078538137714108,0.09573337707939263,0.07344035525575425,0.10420522593911492,0.02455342748546022,0.1391058975836712,0.999512864886259,0.9997375778741446,0.924857136670327,0.9972846933509832,0.4091101197687373,0.47007236649041895,0.3484759684630077,0.3863472218209028,0.3076022373962547,0.3050091134959139,0.25421231313800957,0.1695925782345902
5ae343b55542992f92d82277-clean,1,validation,0.2741305926276652,0.43155000400606586,0.4855335464781135,0.404698853306668,0.5988542326227022,0.33520388370336734,0.5411925323790507,0.5349688444468864,0.551669325689022,0.5666811214236023,0.8278981691343712,0.8547899012975767,0.25873081643855406,0.3222852690852807,0.34806572567396893,0.6213103479866144,0.3838856106268384,0.44379225529464483,0.45885219109144804,0.4195551646126403,0.4735708332084217,0.5569313261540504,0.6140189891349269,0.4676687064267464
5ae343b55542992f92d82277-clean,2,validation,0.21007761386237175,0.3182324676419203,0.21453846285794304,0.24666786078593717,0.026832645511659127,0.26284412847664895,0.3273753576291886,0.18472398473392862,0.2046034364464877,0.23245939502396848,0.00023881948419023836,0.03447280545968913,0.0001757598780816088,0.004309169370910748,0.031002179538442854,0.02061883632449387,0.20750164499005322,0.20352574800078177,0.3103824049701511,0.10177842072378426,0.1616779619034494,0.25865211625196705,0.45178749498671295,0.3831008612478453
5ae343b55542992f92d82277-error,1,validation,0.2806800177164295,0.4435318359462864,0.4963598650994322,0.4103348271653774,0.7531514355259634,0.37662335730497026,0.5784652060370125,0.5636674829794542,0.5736524687168595,0.566461415246842,0.8643365656480091,0.877116941561798,0.8714669227084247,0.816421252770754,0.6481640771875393,0.9214141026531776,0.47643640489209615,0.5324806447174174,0.5348536353702433,0.4982075818641476,0.5138490534400258,0.5872998834059122,0.6232449462685683,0.4590897669019891
5ae343b55542992f92d82277-error,2,validation,0.20480894963908045,0.3139935227816289,0.21457811447654201,0.24255170432900824,0.017795344989914953,0.24175293929998243,0.3114760536385476,0.1672284653371314,0.186310214660315,0.2292377530838866,0.0002884000570935461,0.033200303037427166,0.00017641571968255766,0.005680343725678222,0.03235003693388629,0.03646078572062091,0.21543971250421418,0.21179717809550336,0.31677666737244425,0.11047598388818687,0.19186171554731216,0.2941716366058172,0.47552957513620425,0.3689789137580806
5abd432e55429924427fcf56-clean,1,train,0.2949082428759891,0.3377857348711448,0.3570550144937273,0.2684578069293884,0.4519295486426665,0.553899973332526,0.46794544355014517,0.3992282366846647,0.3680437752465087,0.3374000921946467,0.056984725865875475,0.09442976329945207,0.02313945627970663,0.0288758041271763,0.12299317327251795,0.05107798743953543,0.14442762278763974,0.14045801902290747,0.11034492678482132,0.14308079853745068,0.14823154771702954,0.1759317796981778,0.2180622810200123,0.1839856768824317
5abd432e55429924427fcf56-clean,2,train,0.14570687014555572,0.06960183529402919,0.058867697941756836,0.0685133653857292,0.0053317088719180734,0.05836423813705788,0.059833812890100986,0.05710582957837523,0.0391197894910898,0.07212923097042982,6.027436862037434e-05,0.0003205518513760166,4.997348743489087e-05,7.328663777042122e-05,0.0024904255676584277,0.0013256343261914582,0.07285649368383719,0.09316873805974749,0.09797543278395326,0.10848481176998535,0.11061799135562503,0.12406184987845342,0.15139696345940892,0.1449200981810138
5abd432e55429924427fcf56-error,1,train,0.2921852385683416,0.34850645975840816,0.404289564099836,0.32256002860521216,0.7606146546964678,0.6581575144403128,0.5844121824145248,0.5371615567222763,0.4991730837941856,0.4951390161086708,0.7365615712265988,0.7299183948300239,0.9573024036753824,0.9459154510569963,0.7476813643664656,0.923550773817005,0.3294132005617113,0.34032248182861263,0.25063695383846213,0.27599605600098354,0.2395666128812268,0.260613730682502,0.30998651136365624,0.2706342107955655
5abd432e55429924427fcf56-error,2,train,0.1331026524741542,0.07176828583217425,0.058514159262762495,0.06785350413393362,0.0025746150666889683,0.045121917548504184,0.047682752171235236,0.045731419972816385,0.03160963179266294,0.05951739183631791,7.807305261670258e-05,0.00032338420553933004,4.965560865233923e-05,5.918648942952532e-05,0.002957574621115506,0.0019360116947577033,0.06953684404942716,0.10506643693966651,0.10937225741929728,0.11071161038494627,0.09521646794071235,0.1210787947693643,0.14831150146131597,0.1486129775199325
5a78cdec55429974737f78a7-clean,1,train,0.43203343964067054,0.4974629683083909,0.47434314709300107,0.5359309907036296,0.4645014972793779,0.537088700275544,0.5326477073682334,0.5575388102582882,0.5519008659066205,0.5208887525274842,0.11054646426610329,0.15736914012179495,0.0013468329204490324,0.005071112221180597,0.03228851926353095,0.010871202248354911,0.22481240646122147,0.24374526695972043,0.25097388526074094,0.2246365605329231,0.23620355195995682,0.28158503316706257,0.2771545085771226,0.3138124322827171
5a78cdec55429974737f78a7-clean,2,train,0.2070650878626393,0.10695983534228229,0.07108426021365126,0.06995620092584134,0.02238237814186693,0.09732115115982011,0.09762606004359102,0.10220586323161984,0.11464007919343067,0.050780086058468434,0.0005826716363584148,0.004080727021237725,9.599793666256092e-05,0.0003572293325850072,0.01058076090530077,0.0029813227133676547,0.08553558266616264,0.10069544608533756,0.09237350013259778,0.09859218728934267,0.09194785354408119,0.10172507506045372,0.09583726580206163,0.10316756096515686
5a78cdec55429974737f78a7-error,1,train,0.4312629615853619,0.5167054211046338,0.4876584339710391,0.5290112536308523,0.593492839992472,0.5872124145571261,0.5852410262296801,0.5984437454945847,0.6007956049587023,0.5480559255843147,0.9137456688257228,0.8802693047206812,0.9999326011784927,0.9993484606493499,0.9499228149885514,0.9913634800144716,0.6348877369374073,0.6844582599106693,0.6593420261489202,0.5950847556232666,0.5239778977787725,0.4981795534585668,0.49227188738146493,0.5229070770904567
5a78cdec55429974737f78a7-error,2,train,0.20517089217736398,0.10469528448581437,0.06785962858241708,0.07049026044925265,0.03105408714402612,0.11021880172028646,0.10942824451222262,0.11599601142479067,0.12249241599247236,0.05621276781749309,0.0004742098736128788,0.004030397508508013,0.000589460043674439,0.002525601685176708,0.02473518318186338,0.012655368608133459,0.1411923905242027,0.17972910055014313,0.1746247705758037,0.191905999249513,0.1712931574592399,0.15651808598025546,0.14872710160416125,0.1445981545481245
5ab62d4c554299710c8d1e71-clean,1,train,0.3441307286018009,0.4568626490106672,0.44773475944244334,0.5161683711436106,0.27412687604021285,0.434916590054823,0.45736841818906504,0.5584435359108136,0.4658191347319398,0.43809039101645936,0.24888424134420364,0.27548724559743615,0.0012215231339788447,0.0028998013981496487,0.04460645553678111,0.01428864435194136,0.25094523707944044,0.3062665368249958,0.30482801902772916,0.3549882720178501,0.394245865851171,0.3382258926833602,0.2946385265148889,0.3390081921192561
5ab62d4c554299710c8d1e71-clean,2,train,0.14414522947634587,0.16652677152101172,0.14264941369390327,0.14391926691993587,0.10917396957938022,0.3293279603638543,0.3185267373581639,0.18789342058557754,0.18909467345164707,0.17054956967024876,0.001376798379935919,0.011925737236071534,2.808283603877039e-05,7.963906827202019e-05,0.007941510837287984,0.004396746882054562,0.09197358970196626,0.045428157080436134,0.05171396161476951,0.04456789357081112,0.05385942412146302,0.0656886816652817,0.07107003294571922,0.07107460274025672
5ab62d4c554299710c8d1e71-error,1,train,0.34959134378339257,0.4473994743446319,0.43069699912740916,0.5034181248132339,0.7605414225183079,0.5501159645565807,0.5583349301796591,0.6338925997974016,0.49273301332472064,0.485373334760286,0.7186394274126796,0.6687222239702495,0.9975689197665643,0.9954773197134653,0.9357892862157918,0.9838742706967324,0.642265984015462,0.6726192850574242,0.6268462052760161,0.6901618030197187,0.6712969273913519,0.6048242899742848,0.5483710476761686,0.5881876919306561
5ab62d4c554299710c8d1e71-error,2,train,0.14397272183915685,0.17183798556589594,0.14659777748844313,0.14536276503780285,0.11019801992318787,0.32670722597915175,0.32089954021553385,0.19436111911008377,0.1896732279367818,0.16975608417940932,0.0019358461435882576,0.01254709303154038,4.893264171970385e-05,0.00015426707048368644,0.007805162819168939,0.004503091053856095,0.10225709223316916,0.05741348113974974,0.06576682278808302,0.051754938354040686,0.06117705677853912,0.07950156207525101,0.09073179865056692,0.09869847780055735
5a7fa2385542994857a76791-clean,1,train,0.13024494143929324,0.051342547405372904,0.07503384439484105,0.08055363596079027,0.1298433695391371,0.1996052889254874,0.21114000967486626,0.16540358515219913,0.09739467030410011,0.11774471992761652,0.03550971023182089,0.025621284333015883,0.004535241958038787,0.005482549450472124,0.023113076460328463,0.004099790391466001,0.13051776275411914,0.12932001491429834,0.13648256266325515,0.11629872108641935,0.1148164924353244,0.13579073110799747,0.14155176109753484,0.1189690942758111
5a7fa2385542994857a76791-clean,2,train,0.050059241261762595,0.05859427937024239,0.059690702442032735,0.09537702817626939,0.08244185744855016,0.17506938106292724,0.24190488120600845,0.19496201550690412,0.15679017640307885,0.2205457531795179,0.03918330780222581,0.01881281964748055,0.0002092509304048624,0.002523823850133647,0.025463275249448754,0.005978453132220218,0.060222254354542024,0.037903883937151404,0.05372269723273632,0.07289495174293482,0.05711883666975154,0.06406394210383595,0.0727951821806962,0.07178897131533797
5a7fa2385542994857a76791-clean,3,train,0.26990144315620673,0.23481082166725195,0.13114678991368423,0.15769511974204803,0.32774819991243115,0.1856071376075364,0.16252817681516135,0.1346294698075363,0.1710066255707342,0.12752304167581374,0.022408536959655907,0.04403053581117475,3.461049047992022e-05,4.1119366129602836e-05,0.0048078655457134654,0.0014591737720822877,0.23047169232700268,0.22998433117894326,0.2461381865725123,0.26475168683402145,0.3250256368243198,0.30509977054891774,0.2513150666432887,0.31582829042780386
5a7fa2385542994857a76791-error,1,train,0.13024494143929324,0.051342547405372904,0.07503384439484105,0.08055363596079027,0.1298433695391371,0.1996052889254874,0.21114000967486626,0.16540358515219913,0.09739467030410011,0.11774471992761652,0.03550971023182089,0.025621284333015883,0.004535241958038787,0.005482549450472124,0.023113076460328463,0.004099790391466001,0.13051776275411914,0.12932001491429834,0.13648256266325515,0.11629872108641935,0.1148164924353244,0.13579073110799747,0.14155176109753484,0.1189690942758111
5a7fa2385542994857a76791-error,2,train,0.050059241261762595,0.05859427937024239,0.059690702442032735,0.09537702817626939,0.08244185744855016,0.17506938106292724,0.24190488120600845,0.19496201550690412,0.15679017640307885,0.2205457531795179,0.03918330780222581,0.01881281964748055,0.0002092509304048624,0.002523823850133647,0.025463275249448754,0.005978453132220218,0.060222254354542024,0.037903883937151404,0.05372269723273632,0.07289495174293482,0.05711883666975154,0.06406394210383595,0.0727951821806962,0.07178897131533797
5a7fa2385542994857a76791-error,3,train,0.27016387103397044,0.23716489989465742,0.13171682582652397,0.15801660621280264,0.40727150491797276,0.20238292024013735,0.173789144547249,0.14706189940167413,0.2004671031991038,0.14783432027184423,0.7697422261552297,0.6736694901287262,0.9996942356338935,0.9915741150412777,0.9128497937461493,0.9616624972222834,0.6074355348304555,0.5859290217666872,0.6126808978942472,0.6436655201828825,0.6214567784532495,0.5505841527533004,0.4599440768682955,0.5009725743856962
5ab31c41554299233954ff0c-clean,1,train,0.2231907994183624,0.3058171553430027,0.3360549954428876,0.3279943184812764,0.22936367761244147,0.38146123933536924,0.3691572011941236,0.35781697741545243,0.2479353060220331,0.1806933011058777,0.03850464703434116,0.07245977978775374,0.0008583611290601292,9.565798026776656e-05,0.021056541290143324,0.010100779144183168,0.3160675232544066,0.31618057292606533,0.3113011991381263,0.2553220754226038,0.311565865072551,0.350227102168234,0.31060415904960426,0.301719199519083
5ab31c41554299233954ff0c-clean,2,train,0.28052314531592876,0.16729222368574118,0.11161386581263884,0.08943836733071901,0.006530060854815323,0.07505747891089228,0.056321576467459694,0.033672486943244914,0.039697039509658104,0.03574582933710924,0.00039619429640938656,0.0009102483010383814,0.00011494719981227341,0.002243179531203074,0.004532928493370594,0.00026951310193830825,0.07045532602556939,0.06271106310754974,0.08482901239186577,0.06880816030264163,0.06302228000383103,0.07797408249213056,0.10417200728001204,0.07512582335157379
5ab31c41554299233954ff0c-error,1,train,0.2227074088732386,0.3064216815077961,0.33889728732148006,0.3378212268620089,0.7598647960148862,0.538040663004294,0.539689660614462,0.551545035331548,0.38068780854773526,0.597978919011737,0.9880522954095969,0.9595735211162142,0.9976747847149243,0.9978399881585028,0.9833130270434105,0.9906240992899358,0.701743678175781,0.720985440518397,0.7161914145772778,0.7196841951492601,0.7509131151699802,0.6563534393523023,0.614614317981679,0.6012933073413756
5ab31c41554299233954ff0c-error,2,train,0.2808257955377476,0.16760843251762675,0.11104916619590749,0.0902217033727129,0.008332102341672028,0.08041947835303676,0.06407445129943969,0.03284371044598107,0.038825357213393655,0.038522208958188135,0.0012155367404676402,0.0021298876273112975,0.00013364594612234816,0.0011705180005747086,0.005748036156817227,0.0003196883438780842,0.1008948802255255,0.10579005615985952,0.11596060492124786,0.0481626173933353,0.044531650177631645,0.0477003369070777,0.07429528642053956,0.0691443185975935
5a8243be5542990a1d231f7e-clean,1,validation,0.25376814245356405,0.09972723436467236,0.08717323943744444,0.09978054658626474,0.00254565677620699,0.042238610397306774,0.03998718239135296,0.09269470320026948,0.179378062841625,0.09547774333268716,0.0033215899690800447,0.006636338775632974,7.102571233585318e-05,2.295586724930388e-05,0.005974983288511297,0.00014608407886446614,0.03996361407247473,0.02517459057880316,0.02495280937080938,0.04341750899924183,0.05220594848707012,0.061079185428036524,0.07827549657336032,0.06229923748990822
5a8243be5542990a1d231f7e-clean,2,validation,0.3251819428708113,0.1906630406965675,0.20203148223542797,0.25353988973916425,0.010367166119347097,0.24996667086100485,0.29686940680395413,0.2515312792852952,0.09203691944701685,0.09283918806415467,0.006083582955006717,0.018031478334937547,0.0027831454058605777,9.914186338689909e-05,0.006448989839867823,0.0048836605151234645,0.0964777164875344,0.11115848077028649,0.2026072019436888,0.2505289788544661,0.22393567986885626,0.21487401991825475,0.23663762680719302,0.3254966452253506
5a8243be5542990a1d231f7e-clean,3,validation,0.2013951112794089,0.02853189065684009,0.0276586152991797,0.043000420859528106,0.002687045993510521,0.09245695344896555,0.0666858681287896,0.03702806891376294,0.015350441742459534,0.03048285800391518,0.0016888317850454328,0.000399904783034527,8.321700822314067e-05,2.0841165749709325e-06,0.0009110406495317191,1.8066776944027112e-05,0.011650100293620238,0.019121532804072968,0.01220409292798691,0.022481438803739574,0.023819731171457154,0.040255693876434226,0.055138620063420664,0.0979408429721758
5a8243be5542990a1d231f7e-clean,4,validation,0.22078937160349077,0.22264100902001233,0.40412001675601616,0.3999866115298038,0.3757795205559867,0.40890639797471584,0.401456932619662,0.21274051819456913,0.21486951312136604,0.43650741646103725,0.40206551268100466,0.4150079622394515,0.2635951956844195,0.11981231786823791,0.11974657750530887,0.8210138994334875,0.36657550306691344,0.3864435827737539,0.233307087607987,0.2759859157126215,0.29561410519846965,0.2279899137359632,0.19382318421646536,0.2565933125653278
5a8243be5542990a1d231f7e-error,1,validation,0.25376814245356405,0.09972723436467236,0.08717323943744444,0.09978054658626474,0.00254565677620699,0.042238610397306774,0.03998718239135296,0.09269470320026948,0.179378062841625,0.09547774333268716,0.0033215899690800447,0.006636338775632974,7.102571233585318e-05,2.295586724930388e-05,0.005974983288511297,0.00014608407886446614,0.03996361407247473,0.02517459057880316,0.02495280937080938,0.04341750899924183,0.05220594848707012,0.061079185428036524,0.07827549657336032,0.06229923748990822
5a8243be5542990a1d231f7e-error,2,validation,0.3251819428708113,0.1906630406965675,0.20203148223542797,0.25353988973916425,0.010367166119347097,0.24996667086100485,0.29686940680395413,0.2515312792852952,0.09203691944701685,0.09283918806415467,0.006083582955006717,0.018031478334937547,0.0027831454058605777,9.914186338689909e-05,0.006448989839867823,0.0048836605151234645,0.0964777164875344,0.11115848077028649,0.2026072019436888,0.2505289788544661,0.22393567986885626,0.21487401991825475,0.23663762680719302,0.3254966452253506
5a8243be5542990a1d231f7e-error,3,validation,0.2013951112794089,0.02853189065684009,0.0276586152991797,0.043000420859528106,0.002687045993510521,0.09245695344896555,0.0666858681287896,0.03702806891376294,0.015350441742459534,0.03048285800391518,0.0016888317850454328,0.000399904783034527,8.321700822314067e-05,2.0841165749709325e-06,0.0009110406495317191,1.8066776944027112e-05,0.011650100293620238,0.019121532804072968,0.01220409292798691,0.022481438803739574,0.023819731171457154,0.040255693876434226,0.055138620063420664,0.0979408429721758
5a8243be5542990a1d231f7e-error,4,validation,0.22174198169375178,0.22016802610103398,0.40066712453769177,0.400897801612661,0.7454558663580254,0.5157771243180307,0.48201542118728014,0.27494409113446655,0.268091008002877,0.500878932060388,0.8912464780830799,0.8558911440148725,0.9985472707369887,0.9939064359494199,0.9341009600251892,0.9992548167726838,0.580923122799734,0.6250476120752608,0.41398893026370015,0.49364130391334526,0.44905317995478367,0.35337098347855556,0.2955053613588533,0.3457421175821088
5ae3e56f5542994393b9e79d-clean,1,train,0.28132887368043924,0.4897582336978976,0.5965546428392036,0.5969178396111515,0.3354409118498148,0.38593322317520945,0.4102179847549861,0.40373946033365277,0.4494469149278851,0.491898341496453,0.03850280037747266,0.08403227534177805,0.00010040631600405887,0.00038238597629935246,0.001790259824941631,6.941019834001702e-05,0.051792615519910365,0.07496730539471103,0.10576918570058452,0.07402320867003405,0.10311165489840164,0.1289832182259241,0.13603816476474306,0.15374567078837237
5ae3e56f5542994393b9e79d-clean,2,train,0.049482013640133916,0.038556275011888005,0.035373406335588956,0.06395740343485935,0.005550356861223845,0.033829450134877086,0.02086186372461296,0.04084688251901827,0.02436504605426612,0.029180392880273163,2.360263456262833e-06,1.1962218692722912e-07,3.9669363314989623e-07,1.4180679523336658e-08,3.777643446397156e-06,3.701102719438285e-08,0.002147072603579566,0.006021856000778387,0.012123983498103657,0.015258681401095379,0.03382245214936211,0.03079022979334602,0.0356775196431139,0.0322704948203057
5ae3e56f5542994393b9e79d-clean,3,train,0.17852653045120231,0.050150603672541705,0.06589462863684035,0.11164063343745131,0.05779601899079083,0.1110638712275691,0.12930406622260351,0.09413198869264844,0.12481773501290988,0.12079237819761514,0.007350375589315375,0.005606727262710003,0.0005783157681875347,0.0006199414402442144,0.0034347968097819654,0.0003184354731757262,0.025051064420675475,0.0364327604568965,0.060167404532612434,0.06543224404611733,0.08541889884715945,0.11492883026467277,0.0963188976645385,0.0778324608923721
5ae3e56f5542994393b9e79d-error,1,train,0.2809022832392985,0.48644035310158795,0.5989278609653508,0.6003933612253246,0.6145051617636574,0.471240608100813,0.5119693957093895,0.5405682775799046,0.5564343028572886,0.6111612761166946,0.9507835681781903,0.9308777537201058,0.9999983242121476,0.9999696739935657,0.9832947196146113,0.996461292179653,0.6056587350784101,0.6635539375000661,0.6609681343306865,0.6412866759709676,0.5958258911332848,0.5504570545649062,0.5335758043489844,0.5566202273523497
5ae3e56f5542994393b9e79d-error,2,train,0.049444462523728715,0.038592985825616925,0.03535967938435506,0.06392338145360478,0.006293837959103429,0.03482622408975119,0.021832561714302874,0.04218169627020481,0.024994784779113936,0.029292448900257728,3.999849964704141e-06,1.6350902481920346e-07,3.535155195570662e-06,2.2502600236556195e-07,1.5028989547599066e-05,4.19610972857485e-07,0.0043862266224399165,0.011826134744036522,0.020480392687181177,0.033993328015219704,0.06841678863957135,0.0586069854274847,0.067032681961209,0.053827167521726345
5ae3e56f5542994393b9e79d-error,3,train,0.1784219304503304,0.050110299758785226,0.06588070673007515,0.11186968322147638,0.059598145506055966,0.11039654030389813,0.1290714528772308,0.09277533673148296,0.12410470223272795,0.12097621014716885,0.008964482945466016,0.0069348625445597965,0.003063690745594584,0.004712313568220414,0.010716840813576158,0.002364349398914755,0.04172141990014137,0.06636021907544268,0.0987209662870002,0.12319803736324125,0.1490433761954935,0.17871645709140468,0.15046488874597513,0.1089608774081022
5abc49635542993a06baf8cb-clean,1,train,0.15751205145357422,0.11779739533812857,0.06180288710627495,0.06866738910448418,0.008608627120952521,0.06556880276810152,0.08453136982385787,0.07247038172885291,0.052843415273005775,0.05953986182812619,0.014821075172111772,0.00917424175143095,0.0009088976569373695,0.00127081094323237,0.009238810047976826,0.0011523102818533392,0.07161116132211508,0.06644680835991577,0.05980761984885981,0.03998581131978705,0.05062003958830126,0.0596912373894608,0.059686710276282265,0.07029528355414874
5abc49635542993a06baf8cb-clean,2,train,0.15774246987746818,0.13449278784032162,0.12146054679182788,0.16631164807934626,0.038692628060816595,0.14437526843386855,0.16736656929478616,0.06252472477038637,0.07486172776182155,0.03678364339849761,0.00567944523550386,0.011875385986024367,0.00013735504842806828,2.6778393382312378e-05,0.0038659819650802775,0.001877263871041249,0.0719610061588846,0.048683942193076216,0.03604089942742346,0.03476067021180735,0.04079537998998145,0.042641564931896095,0.05124623566060754,0.07206843702230116
5abc49635542993a06baf8cb-clean,3,train,0.14940824373040174,0.13286735138657985,0.10992744666261615,0.07701880100207777,0.13386587800711527,0.1597858202835218,0.10260605137289992,0.04163524144658783,0.041228414190484765,0.022488130522999018,0.0004764143410506127,0.003015508256963617,4.3404545762216924e-07,1.2299258072627618e-05,0.00010148135422596438,6.9670307667480465e-06,0.024509173700593807,0.030365877678914105,0.022820018497901166,0.028710055300101088,0.03439442961543627,0.04725905554740327,0.05194976525560113,0.03984477222419819
5abc49635542993a06baf8cb-clean,4,train,0.12825049619031612,0.16778417078720775,0.15952934642941968,0.1992772283512776,0.32989728707236876,0.20270147356745272,0.19823584378261344,0.17904441492020864,0.10947981795003343,0.16510006327764126,0.023551599494972285,0.08789949220517408,8.414546944494731e-05,2.615379912063265e-05,0.004852318765484312,0.00439780083668006,0.12174410892691713,0.1312741514024896,0.11027173876934333,0.10289219575348676,0.10820708442089846,0.11899684227090665,0.10222130821863046,0.12823434456819946
5abc49635542993a06baf8cb-error,1,train,0.15751205145357422,0.11779739533812857,0.06180288710627495,0.06866738910448418,0.008608627120952521,0.06556880276810152,0.08453136982385787,0.07247038172885291,0.052843415273005775,0.05953986182812619,0.014821075172111772,0.00917424175143095,0.0009088976569373695,0.00127081094323237,0.009238810047976826,0.0011523102818533392,0.07161116132211508,0.06644680835991577,0.05980761984885981,0.03998581131978705,0.05062003958830126,0.0596912373894608,0.059686710276282265,0.07029528355414874
5abc49635542993a06baf8cb-error,2,train,0.15774246987746818,0.13449278784032162,0.12146054679182788,0.16631164807934626,0.038692628060816595,0.14437526843386855,0.16736656929478616,0.06252472477038637,0.07486172776182155,0.03678364339849761,0.00567944523550386,0.011875385986024367,0.00013735504842806828,2.6778393382312378e-05,0.0038659819650802775,0.001877263871041249,0.0719610061588846,0.048683942193076216,0.03604089942742346,0.03476067021180735,0.04079537998998145,0.042641564931896095,0.05124623566060754,0.07206843702230116
5abc49635542993a06baf8cb-error,3,train,0.14940824373040174,0.13286735138657985,0.10992744666261615,0.07701880100207777,0.13386587800711527,0.1597858202835218,0.10260605137289992,0.04163524144658783,0.041228414190484765,0.022488130522999018,0.0004764143410506127,0.003015508256963617,4.3404545762216924e-07,1.2299258072627618e-05,0.00010148135422596438,6.9670307667480465e-06,0.024509173700593807,0.030365877678914105,0.022820018497901166,0.028710055300101088,0.03439442961543627,0.04725905554740327,0.05194976525560113,0.03984477222419819
5abc49635542993a06baf8cb-error,4,train,0.1275437056356495,0.16822385001047815,0.16258121068403183,0.2002452914475822,0.5470459880317992,0.2533365649051306,0.26979508501464533,0.2624721820313452,0.2685686289141163,0.3352359093378962,0.940414930450719,0.8631663596864101,0.9998924117630461,0.9988698475816166,0.9626252653369494,0.984043559614874,0.5383477576830337,0.5473990912459747,0.4916898843344872,0.4433215008528235,0.39803024208037024,0.33920142863789593,0.2922422629231122,0.284970779155257
5ae3fe515542995dadf2429e-clean,1,validation,0.028349997335157244,0.17284422523244286,0.7782412966397554,0.9239052972376227,0.9997589497863758,0.02143466863085895,0.08696145674497156,0.8386240239539693,0.6589762797188805,0.23957187193608698,5.7642761943166284e-05,1.4021734185013356e-05,4.725287119039124e-05,0.042690095776001885,0.11456288198111364,0.897667721838012,0.6023190201652618,0.7707952443998292,0.722176548548228,0.4832351247542729,0.570254970518715,0.29917758714976095,0.18774569153631712,0.21699650087789654
5ae3fe515542995dadf2429e-clean,2,validation,0.4763959258837213,0.3605035418473025,0.44807835852628314,0.2544800133546682,0.3645069833379842,0.29878433228592277,0.3779535586864714,0.1646515821640745,0.08269725680126672,0.058762119543810325,0.003430350911364331,0.01953035874602511,0.0009569810896524946,2.4407801237064227e-05,0.0026024546516278096,6.963306899273746e-05,0.04187004622890257,0.08132594649091544,0.12119306782616555,0.1263317289342285,0.1285277259114453,0.09112108235049732,0.10232090962603044,0.22670764530329865
5ae3fe515542995dadf2429e-error,1,validation,0.028349997335157244,0.17284422523244286,0.7782412966397554,0.9239052972376227,0.9997589497863758,0.02143466863085895,0.08696145674497156,0.8386240239539693,0.6589762797188805,0.23957187193608698,5.7642761943166284e-05,1.4021734185013356e-05,4.725287119039124e-05,0.042690095776001885,0.11456288198111364,0.897667721838012,0.6023190201652618,0.7707952443998292,0.722176548548228,0.4832351247542729,0.570254970518715,0.29917758714976095,0.18774569153631712,0.21699650087789654
5ae3fe515542995dadf2429e-error,2,validation,0.47650018745761824,0.3602595415232817,0.44664478994795287,0.25234667165607866,0.48586201461225914,0.33072514288483396,0.41454121264578303,0.20756100593744586,0.1046685514018511,0.08596650395712811,0.13196752394902242,0.2594085689259969,0.9999775188072361,0.9949789674190772,0.8954801717421776,0.6641948203608616,0.26249234061717297,0.38969744910600634,0.43397782469747737,0.4362846540745856,0.35897184117048253,0.23253195135783225,0.24604823730890896,0.38029401259435724
5ac326af554299657fa290ea-clean,1,test,0.15674907431769272,0.16640030800227054,0.3136741125081105,0.18541985633077046,0.019540858153963073,0.22578729773075829,0.24653068028246997,0.23026812909697367,0.27826146724631434,0.25832698676091753,0.26399851077681175,0.22235300550939038,0.00015345380466948362,0.00029335871312711847,0.02322710566125055,3.850074926701632e-05,0.10136345522536803,0.08079192241059789,0.11118491294623596,0.0926462795195493,0.1479660871522024,0.21289152128926797,0.26740263031302014,0.19583763995179942
5ac326af554299657fa290ea-clean,2,test,0.07859025898487897,0.1702419622777162,0.2512744775116325,0.3063142714917786,0.5907995958958565,0.21022621795836813,0.2641517750650157,0.269241202030833,0.4045001850183162,0.1936783981554092,0.6091466159408632,0.057724917864780755,0.00021902862900881036,0.0004156570408991216,0.042807857718965295,0.025297731199564102,0.1801346663996037,0.2050659896028664,0.35974920365317264,0.2907654190896023,0.13089230871950921,0.25614572608982505,0.39551688156220327,0.3452767659566114
5ac326af554299657fa290ea-error,1,test,0.15674907431769272,0.16640030800227054,0.3136741125081105,0.18541985633077046,0.019540858153963073,0.22578729773075829,0.24653068028246997,0.23026812909697367,0.27826146724631434,0.25832698676091753,0.26399851077681175,0.22235300550939038,0.00015345380466948362,0.00029335871312711847,0.02322710566125055,3.850074926701632e-05,0.10136345522536803,0.08079192241059789,0.11118491294623596,0.0926462795195493,0.1479660871522024,0.21289152128926797,0.26740263031302014,0.19583763995179942
5ac326af554299657fa290ea-error,2,test,0.07871343863153776,0.17060110839615936,0.25188566988560784,0.3060188884250655,0.6677890219255583,0.22983902145639157,0.28581623652348465,0.3026367560641736,0.4621100395754611,0.25502081187398,0.870579558928997,0.1583574358367945,0.8795110802460129,0.8113749868205744,0.7644640207513081,0.9620458419742147,0.4128471982848251,0.43437488990054424,0.577296612949185,0.49916810654702065,0.22672153562968558,0.37397315598583586,0.5160252464146229,0.45178020213381515
5aba8bcb55429901930fa826-clean,1,train,0.259367775414719,0.2621787433423961,0.22239054953523474,0.2075271032561179,0.11958970969149824,0.32073884642441963,0.3163864773248367,0.26289339248915844,0.23059685261442106,0.10345645305288359,0.022174984828640144,0.030157099944416586,0.0009367057511407085,0.0028469293759556913,0.027069288447392335,0.009382373285541135,0.1915937816348339,0.21465224567035843,0.23401208404947618,0.30172165569860304,0.30053691580041825,0.20007374273245085,0.19026169910125726,0.21501706499087184
5aba8bcb55429901930fa826-clean,2,train,0.2502612133656516,0.2544414167644144,0.18529009112120118,0.23563275328267014,0.2648869094495422,0.31199462465886846,0.3321015824266034,0.32517582274203755,0.3435304204486913,0.20764000884774897,0.007260389136671781,0.011747478608634307,7.311901437495239e-06,5.256209632205673e-05,0.00648352754893925,2.5950716147136493e-05,0.05833250246334639,0.03636138389535916,0.049434006515490035,0.04542715680364799,0.07449965286834054,0.10556180557472072,0.08790422437061779,0.11924831826646291
5aba8bcb55429901930fa826-error,1,train,0.259367775414719,0.2621787433423961,0.22239054953523474,0.2075271032561179,0.11958970969149824,0.32073884642441963,0.3163864773248367,0.26289339248915844,0.23059685261442106,0.10345645305288359,0.022174984828640144,0.030157099944416586,0.0009367057511407085,0.0028469293759556913,0.027069288447392335,0.009382373285541135,0.1915937816348339,0.21465224567035843,0.23401208404947618,0.30172165569860304,0.30053691580041825,0.20007374273245085,0.19026169910125726,0.21501706499087184
5aba8bcb55429901930fa826-error,2,train,0.2422624269585045,0.24748063190125766,0.18253563343644563,0.23469511902683363,0.5661056855123722,0.43133971161170964,0.44041522627476576,0.4218257121975071,0.35595885568267605,0.41800474513492614,0.9719433459770991,0.938070469748011,0.9948299933863285,0.9993109541189469,0.9786450543590699,0.9901265257548648,0.7187065419527254,0.7233443502075254,0.6869664191029224,0.7103842312764884,0.7665384195540691,0.7052119625847953,0.6706438933973866,0.635453198707311
5a8b53225542997f31a41cda-clean,1,test,0.3024555219808556,0.3093139935549587,0.37953134373578934,0.333392138375954,0.0376898548087205,0.24124605221268808,0.2818702930987724,0.3099198599726273,0.23532672733735424,0.24174546535950545,0.8948654088140184,0.7685893524102209,0.8847138194571251,0.9105516264035335,0.18296972280935098,0.0363689005930813,0.28307144579712606,0.2515036580080913,0.24952088050856003,0.34903095229667724,0.33472588135969467,0.32521173841833495,0.27428185205288075,0.19851392396797407
5a8b53225542997f31a41cda-clean,2,test,0.21021252745107394,0.21422668573933767,0.18946847862855112,0.123172160076094,0.00022874894746539517,0.0297959081170804,0.015042409899597771,0.015270888285561673,0.030314621458889773,0.035939020301080905,0.03000075290219685,0.006861226742164452,3.736203225191858e-05,2.1696620438307403e-05,0.0011119564780039887,4.6746010250070096e-05,0.03917543175380245,0.0405072089735551,0.06161292456339975,0.0539555911344014,0.10011327023779434,0.08509723358933466,0.07343748556846462,0.04981006109317547
5a8b53225542997f31a41cda-clean,3,test,0.18581377910634247,0.07803344919765508,0.07917896048442985,0.12572546963247846,0.009481659009665673,0.11740073502452347,0.08164135468826526,0.07537349393344135,0.07436188524170187,0.12970576511304738,0.4427687572754738,0.4232795793275368,8.944454044291143e-05,0.0014308700708839598,0.009506868143418131,0.02813165165251209,0.12166004139711566,0.17674795642738972,0.23028031923655343,0.13072512517081064,0.15249092553222302,0.16144929489708681,0.1574338129476938,0.08275611359327878
5a8b53225542997f31a41cda-error,1,test,0.30172901810363545,0.2826826452005612,0.33791161241726436,0.3310569264024552,0.302265558235977,0.42960645807711456,0.5194561080481974,0.5650427069132679,0.4136125224655664,0.3753448317924393,0.9991933442542086,0.9945458369258204,0.9999997760969801,0.9999997193282333,0.9884801898650611,0.9984451380147432,0.726376606090827,0.6858160750116443,0.5948256101125193,0.7145583041111346,0.6296385316391033,0.5318265028666458,0.46168282621275814,0.3462201675102509
5a8b53225542997f31a41cda-error,2,test,0.21017115141524498,0.2143825758182241,0.19109342618156278,0.12405224038650035,0.0001465176913055666,0.029283382322067314,0.015918502729996935,0.014218990079672884,0.02795393549544736,0.037003504301574,0.0783650074927851,0.01328645561852905,0.0006092602994798095,0.0003603207990752931,0.005429569699627986,0.0007472364163935736,0.06584208871996053,0.07446199903243457,0.09199994701506255,0.09809016429469328,0.16525253192197592,0.12457633457440294,0.0927548491603501,0.07766798938036645
5a8b53225542997f31a41cda-error,3,test,0.1832294391138349,0.07759525840134593,0.07915767362323854,0.12589109542555993,0.008195286394271351,0.11219435457235065,0.07610782417307149,0.0668010699242407,0.06923869574548398,0.1239568192471993,0.4944670389164926,0.4475032765510839,0.0001190433281231271,0.0031752351623168824,0.015893201985581386,0.08284945906083778,0.1334385263817425,0.18485314818110193,0.2318116074275902,0.15379482310429965,0.17106426475106618,0.17496950155891217,0.17200795920666392,0.10216012317573353
5ac4efa755429924173fb4ed-clean,1,train,0.3289970945930375,0.2982043295792024,0.28505578540326515,0.34888076503376464,0.0009317466018514043,0.1339536345120576,0.18269199200779723,0.14867125155915453,0.13716405984019503,0.14940456767898833,0.08195416738325584,0.09000755815861844,0.0008683854421381654,0.0008036968673126936,0.005989401789433557,0.0009018906257298455,0.03455241158456387,0.039089148396604836,0.08127181809046555,0.09918548840720215,0.14578788803201753,0.18469563756377996,0.16579163398280436,0.1516585936259843
5ac4efa755429924173fb4ed-clean,2,train,0.4047748954869399,0.37056214894443507,0.3611098672445325,0.2945182757586638,0.385926729159821,0.26444595804241927,0.2587090717318987,0.27045721222104996,0.23846510548398445,0.21076866948462636,0.06043512844907363,0.08082355805465063,3.5402728931660134e-06,1.4208671879562034e-05,0.001280286723496531,0.00075237113502426,0.07041329864910449,0.07781283451996174,0.0797330137825859,0.039408589101678104,0.050129404596012006,0.08472049847075545,0.1077354779915539,0.12855389032583264
5ac4efa755429924173fb4ed-error,1,train,0.3289970945930375,0.2982043295792024,0.28505578540326515,0.34888076503376464,0.0009317466018514043,0.1339536345120576,0.18269199200779723,0.14867125155915453,0.13716405984019503,0.14940456767898833,0.08195416738325584,0.09000755815861844,0.0008683854421381654,0.0008036968673126936,0.005989401789433557,0.0009018906257298455,0.03455241158456387,0.039089148396604836,0.08127181809046555,0.09918548840720215,0.14578788803201753,0.18469563756377996,0.16579163398280436,0.1516585936259843
5ac4efa755429924173fb4ed-error,2,train,0.40541602464916093,0.3698281340912924,0.36237689716148747,0.2967682956172645,0.5100710761099563,0.2927383587772575,0.29035310469345826,0.307481693550502,0.2620664604867489,0.25451966647104096,0.8469813308240545,0.8055083907018366,0.9999577287591715,0.999987782415123,0.9968071591696636,0.9999943296385989,0.784824274653417,0.8037994207463385,0.710341542315419,0.7075540390884234,0.6570184908883963,0.646749232428346,0.6395770953440182,0.5599938868891574
5ade79f05542997c77adee39-clean,1,train,0.09878918482395643,0.11726076227746658,0.1261166171334868,0.17476681937381267,0.09562838057921465,0.3456085654708577,0.24256954024836663,0.27578676811363095,0.1463210702160362,0.1275605619587518,0.010040985113892578,0.008856682264382899,0.002138923022946855,0.0005644222978696213,0.005076935120744128,0.0012042422163012435,0.0928608310958168,0.16144169348220477,0.2017279383245541,0.15906728871487827,0.13833084322386882,0.1478117162000461,0.17672925757074268,0.13454798556820996
5ade79f05542997c77adee39-clean,2,train,0.31751941373370113,0.3884556868670672,0.4128136792189066,0.3540510969691782,0.32948741286871935,0.3022888004961697,0.31674840457339026,0.28389126111530966,0.2738886327077218,0.24239201347947523,0.05991180625510607,0.11304654054118782,0.0007195062961977273,1.312718219610251e-05,0.0024551407539827852,0.000511901263316442,0.11147328153204646,0.10259843252614871,0.12319169133845861,0.13525665709073106,0.1920414940565001,0.20748893920214181,0.21746243849593733,0.21803227620338653
5ade79f05542997c77adee39-error,1,train,0.09878918482395643,0.11726076227746658,0.1261166171334868,0.17476681937381267,0.09562838057921465,0.3456085654708577,0.24256954024836663,0.27578676811363095,0.1463210702160362,0.1275605619587518,0.010040985113892578,0.008856682264382899,0.002138923022946855,0.0005644222978696213,0.005076935120744128,0.0012042422163012435,0.0928608310958168,0.16144169348220477,0.2017279383245541,0.15906728871487827,0.13833084322386882,0.1478117162000461,0.17672925757074268,0.13454798556820996
5ade79f05542997c77adee39-error,2,train,0.31749134724378536,0.38878870993652775,0.413854845695997,0.3500222443336476,0.6672883088571167,0.43204679762045123,0.4554709401721832,0.4511313221743876,0.38726052539376243,0.4478566679095457,0.88642368646678,0.8194423841033774,0.9999844264489737,0.9996419762822609,0.9590013706370654,0.9988704353307577,0.7006138887147578,0.6783340295583145,0.7047118051317726,0.715946129206235,0.7487390131051977,0.7406165881750016,0.7194029332421474,0.6891752104356133
5a90beb355429916514e754f-clean,1,train,0.2091242258798898,0.2643767416023477,0.3299786925180731,0.34241802864766,0.0019577402495746556,0.12943718978035798,0.10928396034812092,0.17331585247800427,0.11215402673017498,0.05398675451156742,0.001377022163512911,0.0008068689367561043,3.0359832020628398e-05,0.00012584902229965985,0.0011907549878421792,1.6548202984251533e-05,0.04777453235635503,0.06873329386989098,0.06557890508995792,0.05814260262280201,0.06776552374882878,0.07184435040346492,0.05625222159517415,0.07050834547425214
5a90beb355429916514e754f-clean,2,train,0.18042789481602695,0.09723449395268732,0.09575300092106359,0.11072902608795676,0.00023586216323388283,0.021663621072785803,0.04206557772482818,0.060497018384988874,0.09295592719523545,0.0995890825538784,0.00896597914506466,0.01929852934887825,0.0015592561608761297,0.0006774950982407906,0.003034189548235297,0.0005800421191962341,0.032122083110608886,0.023227159987424927,0.03369456086946824,0.025045909056837137,0.01879961403294668,0.028278543829242827,0.031132508567932256,0.017173627254499172
5a90beb355429916514e754f-clean,3,train,0.08528135762942464,0.0996012685646624,0.0670899384853216,0.053878046971491136,0.005925851665351722,0.08152053232345287,0.09378799666089946,0.03254979909452162,0.061574358499228404,0.03328901266005918,0.0024316502225640324,0.0006193208721607934,9.050445314278468e-07,8.257428896353336e-08,0.00023657500597104963,2.810384695553106e-05,0.04538966398582544,0.04528080015309434,0.04893818946160166,0.031676448129286404,0.0324421015090828,0.03190589103096767,0.02481417852484705,0.017131626219477558
5a90beb355429916514e754f-error,1,train,0.24695778561362466,0.3966464891136622,0.37461837951360283,0.4410755209104321,0.9909476511488854,0.7656646415430377,0.754486061341398,0.7681865002910484,0.9713829775525509,0.962908077058324,0.9999991065674536,0.9999002509546795,0.9999999584970978,0.9999994986255689,0.9981047484199267,0.9999828145116899,0.9212931312458909,0.9104499429249568,0.8615552724050312,0.9020424816202557,0.8775434774139423,0.911022017299174,0.879498990030268,0.7617104539015038
5a90beb355429916514e754f-error,2,train,0.18265766655167393,0.09707180452611965,0.09613233298658225,0.11054267973490733,0.0002742346791801438,0.02102563936716712,0.04070724119592071,0.05750083924178933,0.09183997829129309,0.09775772841647977,0.017318799698847698,0.02322866905862193,0.003325777357008428,0.001976063025974359,0.0084254999212001,0.0011823694985864351,0.05049364511194973,0.04502000163622326,0.055410794140041145,0.047032085282797585,0.028977776753120164,0.04099726501399811,0.0540002359933605,0.031136106138250477
5a90beb355429916514e754f-error,3,train,0.08118236461866697,0.09799205726522994,0.06784766576819397,0.052438741403827774,0.005730418183078207,0.08064323039895267,0.08985951420550632,0.03152783173626398,0.061291645588663804,0.03305472471436137,0.0024295194138367294,0.0005256100251857769,1.2195250604508453e-06,4.374527935639662e-07,0.0006534984445320337,9.799111461098302e-05,0.06293455123977357,0.06790327587110305,0.07355226779790772,0.047391015644133935,0.04278550679863756,0.050533605418343834,0.04174640788247596,0.027938929217824454
5a75293e55429929fddd850f-clean,1,train,0.20129027734407792,0.12098821417660009,0.1733097720902922,0.15463183562799168,0.0011999345390327012,0.04987262621162646,0.07217403655828125,0.10148214583601269,0.12201853718846505,0.1247592415660164,0.0007665610290142578,0.002561652311295743,2.4452159583368006e-06,1.3507173541578153e-05,0.0015534368506248304,0.00011321169956638718,0.06472879472750258,0.044879542568800175,0.050016849344426025,0.08378769489777461,0.1251082266722036,0.12587689434679955,0.10629977191951444,0.12797817867298542
5a75293e55429929fddd850f-clean,2,train,0.1520293817333635,0.3633980325759845,0.3479859164091537,0.25762691256585746,0.18694874212600052,0.13769167004257798,0.12342665520989816,0.16011655894832436,0.12223844337906037,0.07766104308760777,0.00029771285447898155,0.0006535235569506739,1.8799723472925901e-06,4.333295397028999e-05,0.007475619530450482,0.003948717784254064,0.08426926963521311,0.09693738959606131,0.1283507606232756,0.06775935235153428,0.09571641234994963,0.11638595142920836,0.1484354396952409,0.17191524216607568
5a75293e55429929fddd850f-error,1,train,0.20129027734407792,0.12098821417660009,0.1733097720902922,0.15463183562799168,0.0011999345390327012,0.04987262621162646,0.07217403655828125,0.10148214583601269,0.12201853718846505,0.1247592415660164,0.0007665610290142578,0.002561652311295743,2.4452159583368006e-06,1.3507173541578153e-05,0.0015534368506248304,0.00011321169956638718,0.06472879472750258,0.044879542568800175,0.050016849344426025,0.08378769489777461,0.1251082266722036,0.12587689434679955,0.10629977191951444,0.12797817867298542
5a75293e55429929fddd850f-error,2,train,0.15250130372394308,0.3649055348448227,0.3487866623660693,0.2576209209549878,0.5210459600000288,0.21114724370366691,0.1939460004877382,0.29558524799533886,0.24181531259928918,0.23772799369935185,0.9965219920293469,0.9697162247717214,0.9999990182551427,0.9999963990967504,0.9972664473084334,0.9998840322588313,0.6507213665758707,0.6661489401858143,0.6495661100543223,0.7869063441882203,0.7470798949136862,0.6981699266417488,0.695185698635942,0.6228197226681355
5a7330455542991f9a20c677-clean,1,test,0.2462566848838771,0.20847746069937448,0.30727291508540294,0.23579350131000393,0.3806421928997896,0.3096759080229476,0.4022708538026697,0.392231145923331,0.37630825236929455,0.2443471948787553,0.010478347574340397,0.08233165254820157,1.1197633209697465e-05,5.582983431910801e-05,0.0030722831611611676,6.463148350341452e-05,0.11293854849260951,0.10121524152014943,0.15329579585373207,0.12428598830034943,0.08531631057473722,0.14827935146911328,0.21190295967712672,0.16871867659082926
5a7330455542991f9a20c677-clean,2,test,0.3083623181543716,0.24760740659546324,0.25461459340131654,0.2900402679023804,0.9048442307537974,0.3668158352762686,0.39497234392044067,0.4822720118848885,0.4148562257577486,0.4610036792327924,0.6146584296346727,0.774768211351562,0.00012251973746563408,0.00024482760591445455,0.019929379622833764,0.010268345995367275,0.17281929601998391,0.13008479820545713,0.24150049052296815,0.18796653184307652,0.14467977840667656,0.1679595594279716,0.1909885611635884,0.18329946935880956
5a7330455542991f9a20c677-error,1,test,0.2462566848838771,0.20847746069937448,0.30727291508540294,0.23579350131000393,0.3806421928997896,0.3096759080229476,0.4022708538026697,0.392231145923331,0.37630825236929455,0.2443471948787553,0.010478347574340397,0.08233165254820157,1.1197633209697465e-05,5.582983431910801e-05,0.0030722831611611676,6.463148350341452e-05,0.11293854849260951,0.10121524152014943,0.15329579585373207,0.12428598830034943,0.08531631057473722,0.14827935146911328,0.21190295967712672,0.16871867659082926
5a7330455542991f9a20c677-error,2,test,0.3083145515488727,0.2479883782460481,0.2529686473135065,0.29038201063797997,0.9230181419506983,0.3885597630597713,0.4144367088504005,0.5436444960397326,0.4533894358609397,0.5035410147065179,0.8976745754215861,0.9328485437076858,0.9760998212741977,0.9731291554166707,0.9025332973269617,0.959253241557661,0.5025767601962214,0.40438650117345426,0.5185846914150551,0.4282842236670493,0.3098543210946096,0.3158617276206827,0.33615715674304725,0.29315011614460396
5ab25db35542993be8fa98e5-clean,1,test,0.136165239441891,0.11412287647794424,0.12688598508260407,0.10520319759519974,0.000350067685415337,0.05643862360113491,0.06642327712498126,0.05657398544735042,0.04006915876559249,0.03984676810444993,0.00024235269570957398,0.003920957040692817,0.0002451676364091573,0.00015310689893864801,0.012529777989374397,0.0016458898001847728,0.12501423631981032,0.10603139105767576,0.13816534731382782,0.10639923129223568,0.10611900978278603,0.18851968424232046,0.17226448926835433,0.16906901049969175
5ab25db35542993be8fa98e5-clean,2,test,0.17498392960082224,0.33785718021111727,0.3648102352681671,0.3970843133883381,0.7952105464898865,0.2763752237282856,0.31137859135606677,0.16835382316293032,0.28943183178799753,0.17283207724467814,0.0019577694426426363,0.006973414788011258,0.0004551657507203667,0.00980184646129303,0.031044130046887285,0.006991874428574302,0.0791819482157254,0.07140867265176187,0.10438468845248451,0.06241286323561002,0.048888282238052624,0.06660355156235799,0.08063148413962912,0.07373638814485702
5ab25db35542993be8fa98e5-error,1,test,0.136165239441891,0.11412287647794424,0.12688598508260407,0.10520319759519974,0.000350067685415337,0.05643862360113491,0.06642327712498126,0.05657398544735042,0.04006915876559249,0.03984676810444993,0.00024235269570957398,0.003920957040692817,0.0002451676364091573,0.00015310689893864801,0.012529777989374397,0.0016458898001847728,0.12501423631981032,0.10603139105767576,0.13816534731382782,0.10639923129223568,0.10611900978278603,0.18851968424232046,0.17226448926835433,0.16906901049969175
5ab25db35542993be8fa98e5-error,2,test,0.17469646541374304,0.3379499739797041,0.3645839424653395,0.3966044782594004,0.8870956965543715,0.3109835484882528,0.34758939906496744,0.20678656110639665,0.34355899617390034,0.23155887644306672,0.041821630332350715,0.05658767258634506,0.9999988243292486,0.9999995960033683,0.9978278583906738,0.9997991412823793,0.6531721017310862,0.5928510381611732,0.6510430669716512,0.6290294933979074,0.419955862254158,0.4279772423423639,0.4216168931521012,0.2876179873005769
5a8278bb55429940e5e1a8c5-clean,1,train,0.16897741539743594,0.14346743683860716,0.1578644191101456,0.17590873858931697,0.052346110090131195,0.14928736968655787,0.17509338103139166,0.13984030808215286,0.12998874083107945,0.1363864476741665,0.04336775474020912,0.02025120875556082,0.0003592562207340502,2.9785689649682848e-05,0.013809271175334944,0.005448514665973519,0.11066758526696292,0.07944970701142907,0.10303361236984207,0.07124147430987084,0.08487443909915939,0.0557289764144749,0.05652360970281654,0.05984721493446477
5a8278bb55429940e5e1a8c5-clean,2,train,0.19877586014655813,0.17060835142527764,0.1595931334730826,0.1402753258527392,0.024480921693683776,0.08418187942126122,0.06592249509134891,0.05787523577326724,0.03850921712736131,0.040518749587381823,3.09949657350815e-05,0.0005200410238560378,0.0001872917961160498,0.0005737915461879184,0.007365025484439129,0.0005740578778196236,0.019901607002206084,0.012190034751043133,0.01937056267443532,0.011527701274486091,0.005796932023935079,0.009038037883383374,0.010904510482229025,0.018407782359701617
5a8278bb55429940e5e1a8c5-clean,3,train,0.2792267801960761,0.36368484514940685,0.3864398053255497,0.3787572582421209,0.1294014103212846,0.24650811560591834,0.25935200863191393,0.2293550325255768,0.17131190574391858,0.13644707884707916,0.01125087442096124,0.011429799876153725,0.0014384443932549769,0.000659784712751852,0.017781842457813262,0.0007513489609562919,0.140560870032911,0.118870706114916,0.11168557917995142,0.14607759852817337,0.14934628055223698,0.12477157454411568,0.13201544369716103,0.1356925533289054
5a8278bb55429940e5e1a8c5-clean,4,train,0.14702646858436397,0.10773202813528185,0.11517876389271915,0.13283171874358823,0.07327007388193976,0.16240550649332403,0.15599823370896665,0.10490967994069993,0.16344005952520022,0.07850747870064721,0.0021978756060516014,0.012655246653861812,0.0009457474189789339,7.389326986170726e-05,0.0022589414157576752,0.001142572416668735,0.06142997444472096,0.05147811405292164,0.06024940886867162,0.06827011694244112,0.08939215132706277,0.07783753620714089,0.07245667394440067,0.08179008199667537
5a8278bb55429940e5e1a8c5-error,1,train,0.16897741539743594,0.14346743683860716,0.1578644191101456,0.17590873858931697,0.052346110090131195,0.14928736968655787,0.17509338103139166,0.13984030808215286,0.12998874083107945,0.1363864476741665,0.04336775474020912,0.02025120875556082,0.0003592562207340502,2.9785689649682848e-05,0.013809271175334944,0.005448514665973519,0.11066758526696292,0.07944970701142907,0.10303361236984207,0.07124147430987084,0.08487443909915939,0.0557289764144749,0.05652360970281654,0.05984721493446477
5a8278bb55429940e5e1a8c5-error,2,train,0.19877586014655813,0.17060835142527764,0.1595931334730826,0.1402753258527392,0.024480921693683776,0.08418187942126122,0.06592249509134891,0.05787523577326724,0.03850921712736131,0.040518749587381823,3.09949657350815e-05,0.0005200410238560378,0.0001872917961160498,0.0005737915461879184,0.007365025484439129,0.0005740578778196236,0.019901607002206084,0.012190034751043133,0.01937056267443532,0.011527701274486091,0.005796932023935079,0.009038037883383374,0.010904510482229025,0.018407782359701617
5a8278bb55429940e5e1a8c5-error,3,train,0.29630235764555224,0.3110263915987728,0.33675049749786246,0.35893464381773915,0.8268108189305371,0.5342231115071158,0.514334262243744,0.5577776969391888,0.6492543100546571,0.6754948065735945,0.999983857881237,0.9998428797338647,0.9999938986061679,0.9999874089753626,0.9889325078764095,0.9967041948989561,0.7206776895748077,0.718527576753548,0.6728746583991935,0.6528626444344777,0.5594632067244302,0.5011231658072329,0.5303066855591884,0.4737342012656046
5a8278bb55429940e5e1a8c5-error,4,train,0.15045933042249246,0.10927189517571254,0.11609468170259367,0.1330471239102558,0.09443643329915023,0.15458532531417044,0.15261542149693788,0.09690122978268353,0.14159752515581633,0.06315822540635488,0.001905951555202352,0.010586574723030647,0.0018508642385079302,0.00028476278451742106,0.004826074196949455,0.002507885318415785,0.0722071636419658,0.06697225817319334,0.08179866381350263,0.0901404369206831,0.10182886242511807,0.09962110694318053,0.11565368358530448,0.1139894881383905
5ae63ffb55429908198fa548-clean,1,train,0.19816776852434773,0.22321498048003569,0.2603069827981253,0.2622834934389667,0.11630848637334248,0.13746745625839743,0.12806495908664073,0.13127959239218753,0.1318578128056254,0.11103708921141126,0.009755249434782459,0.016161957906051006,0.0003982104934139741,3.080652999853755e-05,0.0014675570176623937,5.7510600545704295e-05,0.08483606757374247,0.07010780621844809,0.0978805436206701,0.10571339548750526,0.10328424906436849,0.11397691665822289,0.10107241730234329,0.09127003814638553
5ae63ffb55429908198fa548-clean,2,train,0.1400951974822319,0.06093016711222419,0.06499703322091416,0.09966910224257677,0.0451313177736446,0.1623866053432839,0.15367794132665705,0.14645479461209682,0.0779238576829773,0.14040044214011316,0.017239597165529294,0.025087936496195642,0.0008905974671669555,0.0024134402715037927,0.024272335286975973,0.001601879750992,0.09082361520317775,0.08027016394269175,0.0940449673644133,0.05150592055030792,0.033833072883914475,0.05026536907679081,0.04258148553693288,0.06594151678089633
5ae63ffb55429908198fa548-error,1,train,0.21897938457991756,0.27040503824929973,0.31520541806268987,0.35903285084492303,0.5890113648293555,0.249885779955126,0.2239458718494129,0.22332528952462624,0.349611618818758,0.31182322708276433,0.8972757139840271,0.8654990418496259,0.9996443220865024,0.9983808478885855,0.9595305554247492,0.9899798313704573,0.6435522323953864,0.5806282758915235,0.5948838852421383,0.5993373133866791,0.4324364727804612,0.3829339527512877,0.31312811648810457,0.3333260723962402
5ae63ffb55429908198fa548-error,2,train,0.14063470604511755,0.0584111182615279,0.06708790846864651,0.10452814299057278,0.03894112678358988,0.1730061176896519,0.159157326346191,0.13625814421654564,0.07114971135257062,0.14374824586955678,0.03801832456639161,0.05275574233136038,0.0019164275283739352,0.005569438083136034,0.03793476809294067,0.005205580928643395,0.11455567813167922,0.11276448790753361,0.13052784429846429,0.09055579226409866,0.05584446121880869,0.07909931724041315,0.06624397548845234,0.09819529171491026
5aba853a55429901930fa7fb-clean,1,train,0.2937169347769857,0.29551821251673593,0.2560130663921074,0.27133779745342423,0.42495709625597633,0.33032505243955534,0.35130297131645694,0.35764025996731735,0.4022981934931193,0.3743739284836201,0.4745596497363473,0.4897062801790645,0.2990158835930418,0.29740879867160025,0.39201117385285106,0.3379120160169777,0.3039198635184241,0.29024214553766764,0.26327424470197425,0.243647307030453,0.2646350948068005,0.24665717154405967,0.20019618396901712,0.24726631916465255
5aba853a55429901930fa7fb-clean,2,train,0.18223179049238097,0.10333071967862846,0.08540397043646963,0.12422399036173105,0.000418612382574832,0.04235958488670828,0.03674054693658098,0.02214569486233505,0.0267243111296231,0.012836188260607125,0.00543440955156594,0.004256029730236674,0.0001292421350121069,5.3842155114503846e-05,0.0058325942908404585,0.0037061871182150104,0.10223337231891659,0.0994421452372802,0.1127953251028678,0.09706520311532889,0.07219073776573517,0.07110972738828057,0.05663373176197634,0.0757274232053141
5aba853a55429901930fa7fb-error,1,train,0.29347564322143244,0.2951707766246572,0.25563210989172624,0.27132494969748705,0.525856542488502,0.35368348909715897,0.3784386123166825,0.3822756147091378,0.44532877540892946,0.4110034515226542,0.5586445768797628,0.5510451696247823,0.6957873638753527,0.6966432591560363,0.5898970517656725,0.6564995155454234,0.3535785554583879,0.33098419920925,0.2968996073595478,0.2878565859384952,0.2984962334619316,0.2741177369855818,0.220193340278418,0.2618178695952977
5aba853a55429901930fa7fb-error,2,train,0.18220784931516368,0.10339801035627351,0.08542665551080543,0.12435261214385118,0.000435145305319735,0.04298514993096106,0.037403504871602,0.02207943161397732,0.02685546855746103,0.012905637686800963,0.005714179441655187,0.004437718805752987,0.00014835894946442507,6.700152196997133e-05,0.0066397851857516905,0.0050730727854957,0.10863962641588597,0.10644660641438325,0.12061656766839549,0.1042349931436823,0.07659161224720354,0.07432741594174987,0.06005945491308759,0.07931680485927894
5ab8ef895542991b5579f05d-clean,1,validation,0.128160908913694,0.11314134117455275,0.171937501454569,0.1371135157164584,0.05007235766913528,0.08324625262596297,0.1448311231611511,0.10333047418692781,0.17960838138330126,0.03325884542404152,0.0009058605041125689,0.0007756502376163243,0.00035166828549911477,6.67150280059825e-05,0.0012348919307807252,1.3155686984193835e-06,0.039575822506857164,0.028025489923430676,0.03854152612435285,0.0359672407172862,0.0448816318157681,0.14958725836302103,0.1581935894381214,0.10108397386971049
5ab8ef895542991b5579f05d-clean,2,validation,0.2317875762835594,0.3580779687767423,0.48012882005315133,0.48047322290662964,0.8860568591777138,0.7676934451793492,0.602255063257714,0.8106472574455669,0.7834170290598326,0.728643669792096,0.2639217600819425,0.041559693808609924,9.72977418554005e-05,2.7415017796824952e-06,9.332638273966457e-05,3.3591058888183193e-07,0.012322663497595402,0.01609363767138899,0.015239552733783007,0.015639632628448613,0.041605194833790854,0.058258832250363074,0.0717678142037614,0.04020034626711624
5ab8ef895542991b5579f05d-error,1,validation,0.128160908913694,0.11314134117455275,0.171937501454569,0.1371135157164584,0.05007235766913528,0.08324625262596297,0.1448311231611511,0.10333047418692781,0.17960838138330126,0.03325884542404152,0.0009058605041125689,0.0007756502376163243,0.00035166828549911477,6.67150280059825e-05,0.0012348919307807252,1.3155686984193835e-06,0.039575822506857164,0.028025489923430676,0.03854152612435285,0.0359672407172862,0.0448816318157681,0.14958725836302103,0.1581935894381214,0.10108397386971049
5ab8ef895542991b5579f05d-error,2,validation,0.23164497381585886,0.36069389467792945,0.48198283164928013,0.4808732813769409,0.9311306886228221,0.8010714719104017,0.6498167759183539,0.8466269954762654,0.8135056732571014,0.7721126995604919,0.6893716289079922,0.180961532808018,0.9999971234331915,0.9999012432081106,0.7013876171531314,0.4813333279853879,0.2122180995699688,0.2481642182096575,0.17465230476119412,0.29251237885663534,0.3599310040622491,0.35847589939986874,0.3726306919594345,0.1610248726979911
5a7ea45c5542994959419a3e-clean,1,test,0.22484947298238167,0.27959396627164135,0.3039915062073427,0.24920559713955287,0.0018858525869250502,0.14464176025842504,0.2341808757856421,0.3061388791117273,0.4703503895373806,0.1262710365360037,0.3604779153994457,0.11818723011563992,0.00011941500200516473,0.00023232267388192618,0.016299275506968726,0.0006108290041564842,0.08260025959075411,0.1275776180340259,0.1782822084222291,0.16718217968032148,0.19769504553033868,0.16333819143618025,0.21233832166590327,0.19400448314856333
5a7ea45c5542994959419a3e-clean,2,test,0.18466424707918294,0.10137661085022973,0.10651134338784585,0.19466454877695594,0.07430494552282801,0.2539435338710096,0.22089264390855937,0.2587097194779218,0.14570858583471877,0.09367411268515688,0.00013495596462985754,0.003262878010414355,0.0001919386634637773,7.757291290917033e-05,0.00175062098635877,1.1639728657437007e-05,0.021179681181988267,0.060206356609951675,0.10187438631063013,0.20023860399109306,0.1211048283869697,0.15494140468281728,0.20199237017837757,0.152376269346128
5a7ea45c5542994959419a3e-error,1,test,0.22374183377683993,0.2782259819015572,0.30762076471665106,0.25257303053125935,0.0032124461953425883,0.1621050171202539,0.26321192672822535,0.35317249351227203,0.5570820173223443,0.1838128935828711,0.977455669144643,0.8353299009555488,0.9999999983009069,0.999999933151317,0.9999744061556005,0.9999941322597224,0.8267340222730665,0.8595600498337049,0.8776735004507631,0.8473622596597511,0.7945512965789794,0.6467039729774622,0.6745388021775495,0.6095675737738647
5a7ea45c5542994959419a3e-error,2,test,0.1847751496265946,0.10158116448143839,0.10679694503573728,0.19449108043419175,0.08093180552070495,0.25562815841551745,0.22115576485900046,0.2561147325120755,0.14592591023446722,0.09328228037018406,0.00014010637739735277,0.003264680885366248,0.00018886295668706112,0.0001018157650942118,0.001901536083447547,2.6800798860218886e-05,0.030982200668213042,0.09370160307591434,0.14800962363956757,0.2919797101842716,0.19498232671751448,0.22812435550743876,0.27987850412988713,0.19590730147779578
5a89e8075542992e4fca846e-clean,1,train,0.20523851776814245,0.14479756173465802,0.13553295658292405,0.1292592836563373,0.02531977254499673,0.12133090705322797,0.1284656389409936,0.17144047518324035,0.114089287502383,0.1654064916021903,0.05074447560630031,0.03577905271031192,0.0004947495208095985,0.0022152582955807984,0.014173931684782058,0.00019413951632660337,0.08858245060276926,0.09811802560865111,0.10842227964746351,0.1273657170412678,0.1493902812608553,0.18358140919956037,0.1899806354577812,0.20707202491834367
5a89e8075542992e4fca846e-clean,2,train,0.20205066997073903,0.5080398492863699,0.5278423418039522,0.5251247065409882,0.32330585076693574,0.4592146505124459,0.49909716818702654,0.4796064051711336,0.4106788270498985,0.41410815266695455,0.13998849244425549,0.17575072035634207,0.006975920410178069,0.013286456308261215,0.03510167995860357,0.00800786189001995,0.12521725511559187,0.12347063949364552,0.11978685982430863,0.13102233835096405,0.12291354895331295,0.1314007776368942,0.1380925680278287,0.1748043660653248
5a89e8075542992e4fca846e-error,1,train,0.20523851776814245,0.14479756173465802,0.13553295658292405,0.1292592836563373,0.02531977254499673,0.12133090705322797,0.1284656389409936,0.17144047518324035,0.114089287502383,0.1654064916021903,0.05074447560630031,0.03577905271031192,0.0004947495208095985,0.0022152582955807984,0.014173931684782058,0.00019413951632660337,0.08858245060276926,0.09811802560865111,0.10842227964746351,0.1273657170412678,0.1493902812608553,0.18358140919956037,0.1899806354577812,0.20707202491834367
5a89e8075542992e4fca846e-error,2,train,0.20211433270719986,0.5093326674515196,0.5268059270504436,0.5237130212845534,0.7092333255454227,0.5581094754066561,0.5732922080630215,0.5428041191122664,0.48173510004640113,0.5097619744600931,0.8139378127336758,0.8184478222614466,0.9906037152571925,0.9836889682724227,0.9206891150733281,0.9814939415983426,0.4679776173698951,0.44228688435580454,0.40107007087015173,0.38710461589388273,0.3239096151687846,0.2932618426493252,0.2960512247415013,0.3173759379951943
5a77879c55429949eeb29ed2-clean,1,validation,0.3194172518970476,0.4591516789175026,0.4210551204372509,0.3713540468951903,0.009044888361479795,0.11163594874928129,0.09759640232576217,0.049667710393702276,0.11117127549386628,0.12232161678175713,0.12155662281460047,0.033481461227678,0.004639778899311427,0.0016314556541705877,0.012617337755841528,0.0005332846007579328,0.07268961518655684,0.08037546006569596,0.1159623144289366,0.09275798451926104,0.08252041567578586,0.07509659650642808,0.05013287781346451,0.08808556900136355
5a77879c55429949eeb29ed2-clean,2,validation,0.24564721107445184,0.2577390738680858,0.15181066974270047,0.16266839187594362,0.020777106350894768,0.1270632243228446,0.14439549168131138,0.09487833294815465,0.16462542097546357,0.22776736668936712,0.29210353287482116,0.11636456834090748,1.920368018530565e-06,2.564236963118459e-06,0.0022309088886476158,0.002334504030452123,0.09003815946375288,0.05718572419160591,0.05972438124187059,0.04143116353911904,0.07861186553586413,0.0790320744831781,0.06299622278123591,0.0987427881014603
5a77879c55429949eeb29ed2-error,1,validation,0.33479793525159357,0.42334748453847215,0.4233039511767489,0.37937511165524285,0.041764319465804216,0.19543986650355263,0.1629712195314328,0.08996568492068277,0.21557341578575448,0.2300181834678885,0.8539307572235998,0.40241983120529395,0.9823169985658521,0.8069080482298127,0.27849199490359644,0.26389804737637124,0.20445834873150462,0.20960679817492872,0.25549965176159106,0.20511907702756188,0.15866647751408652,0.13795362334020092,0.08987843191499643,0.15744250299855644
5a77879c55429949eeb29ed2-error,2,validation,0.2483240877287881,0.2560211387010583,0.1549906822173169,0.16341774091413527,0.016232858626425636,0.11649851823453702,0.134365439679184,0.08705428380829024,0.1493691645610245,0.20605281923784186,0.3252491745002747,0.12225017633999738,4.753477501345907e-06,7.091310689861765e-06,0.0037716870326366856,0.004033681972380085,0.09888776080251746,0.06582475878891689,0.06936758574599554,0.047036653870744204,0.08558998773912184,0.08585984348866137,0.06801697949346201,0.11057919049868259
5add381f5542990dbb2f7dcf-clean,1,test,0.2379470016066651,0.22297187253891404,0.2660837590204697,0.34276194952966194,0.27711189153150123,0.49172206708575134,0.5010535780406499,0.46125683330229855,0.2771390678795169,0.31631296799906633,0.03160385891217652,0.02862416253917678,0.00010157302355599048,5.603271462805843e-05,0.0013770437881455854,1.0249773490651469e-05,0.054505684362706315,0.062146430658881494,0.14666905627905777,0.1890176304964336,0.18080864493059304,0.23894057846585262,0.167606112607857,0.29202576680458964
5add381f5542990dbb2f7dcf-clean,2,test,0.2131044484932339,0.0811936679629479,0.0663610214699746,0.07210475289983309,0.0035990901566601476,0.042523785752309216,0.05138228622610821,0.11004793042538717,0.06645806615328755,0.07403330081906936,0.030379040395194682,0.05408899745822701,0.0002462972827593036,1.0087115172998458e-05,0.006054711231126469,0.002198655690952299,0.07635870937136893,0.054252216248514284,0.06301009911663204,0.04004039108815738,0.06284025277699236,0.05809629647343119,0.04122471649819497,0.08768456857557763
5add381f5542990dbb2f7dcf-error,1,test,0.2379470016066651,0.22297187253891404,0.2660837590204697,0.34276194952966194,0.27711189153150123,0.49172206708575134,0.5010535780406499,0.46125683330229855,0.2771390678795169,0.31631296799906633,0.03160385891217652,0.02862416253917678,0.00010157302355599048,5.603271462805843e-05,0.0013770437881455854,1.0249773490651469e-05,0.054505684362706315,0.062146430658881494,0.14666905627905777,0.1890176304964336,0.18080864493059304,0.23894057846585262,0.167606112607857,0.29202576680458964
5add381f5542990dbb2f7dcf-error,2,test,0.21301563821846875,0.07977223161005516,0.06473368213834207,0.0708871917079864,0.005401743960936212,0.047502948570018376,0.05895167661652865,0.12357062360884884,0.07684472864445958,0.09327637906167073,0.18325418819184355,0.23598984886888433,0.09361503384700863,0.016371770142580525,0.2601738500471809,0.6035838404409484,0.1961386498051316,0.13330454084729715,0.13121920353719954,0.3806086304074346,0.35751064292060786,0.25473802310354526,0.15852282823953057,0.25383723366826666
5abe455055429976d4830ace-clean,1,validation,0.22734747118570098,0.1030209821560413,0.12388941991540312,0.1136111314306305,0.0010227865588274692,0.09921619019676525,0.15430276217094666,0.15443194270157357,0.09643508850684604,0.22435787478806626,0.04634308270309806,0.06346008513892769,0.0005155679728154955,0.0005298927625218143,0.01496048169948957,0.052988344760896394,0.135695679647508,0.13191191495113558,0.19444818959556556,0.3657318802370413,0.16096457941208916,0.1582816079147206,0.23739793407120652,0.21316360792388256
5abe455055429976d4830ace-clean,2,validation,0.20801117368673733,0.2732004444009513,0.23085228857217638,0.16455614776317976,0.0006945881635082841,0.0964513487249959,0.10165546821372051,0.12198295847212877,0.1627428806930796,0.27702442418417256,0.04111392172995724,0.18754304235361205,0.0006308790279650195,0.001531947661939491,0.014425848519398,0.023771078573334575,0.17018118212219857,0.18435357386243192,0.16328591238953127,0.26683425028247854,0.19043553840683738,0.1325702061818048,0.16230529876162247,0.12486812069689882
5abe455055429976d4830ace-clean,3,validation,0.13791407113919796,0.12409905718698301,0.14335071683694628,0.09866582905189511,0.01047419570455163,0.06109882536174372,0.07428811970451876,0.11121048382896323,0.1452786579310287,0.1717419350954793,0.0020095203393413756,0.0026985261078306096,0.00012877068288571727,1.966042976576605e-05,0.03192215507953201,0.00928104990806894,0.10667590044162223,0.16640402711651453,0.20981932142548698,0.23015866657719286,0.2702590775089773,0.1848665906041968,0.1793459775401658,0.16197099060183393
5abe455055429976d4830ace-clean,4,validation,0.16908616178240915,0.1278011394175184,0.07476148590001255,0.1429968309427173,0.37833396534268493,0.3973983791967463,0.8520883875333336,0.5105126074697425,0.20244019235633126,0.27643515524368856,0.0025088258814090015,0.0016764726105242642,0.00028463747024661977,0.05651613654259401,0.2842523100181485,0.6767498982847107,0.3208949500385764,0.45557116252945884,0.5332543703833678,0.4041172686233836,0.3063807880649788,0.30786096724751116,0.20829141508175286,0.25887601120141324
5abe455055429976d4830ace-error,1,validation,0.22734747118570098,0.1030209821560413,0.12388941991540312,0.1136111314306305,0.0010227865588274692,0.09921619019676525,0.15430276217094666,0.15443194270157357,0.09643508850684604,0.22435787478806626,0.04634308270309806,0.06346008513892769,0.0005155679728154955,0.0005298927625218143,0.01496048169948957,0.052988344760896394,0.135695679647508,0.13191191495113558,0.19444818959556556,0.3657318802370413,0.16096457941208916,0.1582816079147206,0.23739793407120652,0.21316360792388256
5abe455055429976d4830ace-error,2,validation,0.20801117368673733,0.2732004444009513,0.23085228857217638,0.16455614776317976,0.0006945881635082841,0.0964513487249959,0.10165546821372051,0.12198295847212877,0.1627428806930796,0.27702442418417256,0.04111392172995724,0.18754304235361205,0.0006308790279650195,0.001531947661939491,0.014425848519398,0.023771078573334575,0.17018118212219857,0.18435357386243192,0.16328591238953127,0.26683425028247854,0.19043553840683738,0.1325702061818048,0.16230529876162247,0.12486812069689882
5abe455055429976d4830ace-error,3,validation,0.13680408850814355,0.1183287360108232,0.14002890666832374,0.1036582067493223,0.35102888221679035,0.1972946196969414,0.2604560812080591,0.3162587700025924,0.37025981381855194,0.5998486842450137,0.9996486902887046,0.9938556608040359,0.9999934394300349,0.999982581102199,0.9994070506295493,0.9999910435013775,0.8184732163269146,0.9058864899815317,0.9060979422097201,0.9163454147426522,0.9193079091207336,0.7621739428563548,0.8362632066807171,0.7152983301992437
5abe455055429976d4830ace-error,4,validation,0.16913955934849484,0.1276738503112201,0.07356318271736825,0.1428418672090009,0.3529935753968316,0.40011401769639743,0.854446963836855,0.509892280140509,0.19497237561356534,0.27403920334892934,0.0093898608422062,0.004812689644590787,0.0011915403282984757,0.365287100375402,0.609247591612807,0.9832041608715509,0.44923943527936144,0.6465477760052745,0.7279177919133882,0.5735589641521494,0.4517239241480794,0.41045148264542386,0.3367380659463631,0.37170279704803794
5a8f2bb055429918e830d1ba-clean,1,validation,0.2802243726582454,0.18202000268431615,0.1545788833009641,0.1344927953530007,0.0004087299855796644,0.04185434760596791,0.03494961231908056,0.019591152601880404,0.041492161414122194,0.03627650886141448,0.010931406249230745,0.010139539950841379,2.4081915051101012e-06,7.408517807168068e-06,0.0009289888428296126,3.1516194829552015e-05,0.04455497482756576,0.038343458214237985,0.04836374211819046,0.04599747465397003,0.10167189119265299,0.13898616356865945,0.1223060787178802,0.14269731515969858
5a8f2bb055429918e830d1ba-clean,2,validation,0.2250811538919606,0.3116688638281651,0.32361826635359103,0.22000253300462153,0.020643044140341665,0.16249923852058806,0.14473063827721125,0.1140866033812155,0.12102299654722919,0.03673841758030821,0.00017633220121994798,4.353021335284322e-05,2.6850486612997628e-06,8.971791178989342e-06,0.00025398153581927,3.2781006060328004e-06,0.05263393807307939,0.036195031164125986,0.04814068713383388,0.027928744103540865,0.03653290088340585,0.04719369742239991,0.03829065902491861,0.05899234877620191
5a8f2bb055429918e830d1ba-clean,3,validation,0.058238784201542035,0.01029687209366748,0.003898731640375832,0.01683093210067882,0.0005079912263034106,0.06098961446081121,0.07199956159541945,0.08698384771412854,0.11269880224510095,0.1385503358749755,0.001107466298447255,0.0011912640202809423,3.3281455403802344e-07,1.6857176004742696e-05,0.0011519042717060266,0.03676931560586031,0.09413381853126142,0.10601674387945824,0.11928555229229922,0.06887831895878094,0.11393910694334151,0.09773049663999453,0.10322517000541784,0.16273825113897739
5a8f2bb055429918e830d1ba-clean,4,validation,0.19076600658368092,0.3377506252920502,0.26571820766811527,0.2771793297483213,0.3819261398877378,0.18274144083450444,0.27469729058239484,0.2589563696889588,0.2678069303438776,0.17937679446559956,0.002324702740906741,0.0037723807033488567,0.009680656215704605,0.01018009295900368,0.021912304485048568,0.007296895176347597,0.09193834024776006,0.15072082194248312,0.1310372053793138,0.09852995228006278,0.11176001960533699,0.07710088903376909,0.0822584128592977,0.08958456630973367
5a8f2bb055429918e830d1ba-clean,5,validation,0.13041889355248332,0.09047396835136641,0.07770106907754568,0.08982955984334316,0.011120952027663968,0.10325354714758725,0.10196499484087489,0.07740879392937061,0.15596866295391934,0.1760730654206816,5.439992236221419e-05,5.448544013805202e-05,1.231816366279219e-05,4.9664983278502874e-05,0.0009933597108263104,0.0012570073786559975,0.040036983799852585,0.030881720464043857,0.02772044984351805,0.06457320912999813,0.06862952923264058,0.054045429705685835,0.05237670347986282,0.06884340055795027
5a8f2bb055429918e830d1ba-error,1,validation,0.2801110682312392,0.182305176206722,0.15359496104107334,0.13425487869589442,0.004352500008630651,0.07457219531310877,0.06396289758236633,0.03955238865987369,0.06839435101724801,0.06714511395833359,0.3141695989169183,0.13979043862239857,0.9999604472737998,0.9999274488823695,0.9732701528221729,0.989378691272676,0.5466503765377219,0.5438231529943468,0.5115399182380297,0.43838103830074077,0.5635667934771388,0.5534237120987515,0.49620798417743034,0.5047088878181833
5a8f2bb055429918e830d1ba-error,2,validation,0.225219458281964,0.3122715073660175,0.32409775593862783,0.21958659907645534,0.03084712077393485,0.16981967873805312,0.15370298282243475,0.12114576195719187,0.12819699262609413,0.040070286328917445,0.0002347871670994175,7.830153286858904e-05,4.416654783069432e-06,0.0001165679617275363,0.0014418647965168398,0.00013777432060582844,0.13416305942453827,0.08081613949815189,0.09431370419262788,0.07598009347068724,0.08503870867002646,0.09040664203098332,0.07254811688830336,0.09569540397763178
5a8f2bb055429918e830d1ba-error,3,validation,0.05822029245262197,0.010295630517222952,0.003898666817188973,0.016826818658377502,0.000623004347726307,0.060104683840608936,0.07477844256469678,0.09318478524053846,0.12414136224485073,0.14890016953372015,0.001152818047440433,0.0013729907960616475,8.107761999591238e-07,8.223646721126982e-05,0.0037200425961924004,0.2503615120324693,0.14397019544924256,0.15249368843465552,0.1614373901179043,0.1088399539104846,0.14372156687488807,0.11961170661091881,0.12645524022609625,0.1849720075987542
5a8f2bb055429918e830d1ba-error,4,validation,0.1904960458772937,0.3381470297237727,0.26581672197541795,0.27631520547457916,0.4413548832710308,0.19454800325810168,0.28937667958937735,0.28126067233747737,0.28618995050418805,0.20196817986919005,0.0028163226333987874,0.004515017303185344,0.02187512134355302,0.06927797759848378,0.0586260941469394,0.03706988285531674,0.14400825572903503,0.23071604109392813,0.1915993400914262,0.1635526475617868,0.18316245693141073,0.11710445838948415,0.12765881757739123,0.13408616457500533
5a8f2bb055429918e830d1ba-error,5,validation,0.13038006527104898,0.09037755280075638,0.0773510473800042,0.08956293524383352,0.012313755614289303,0.10270546366433432,0.10491076571470825,0.08032607060998523,0.16075761669933147,0.18216530236753753,5.404570507709391e-05,5.994884507846424e-05,1.6733826115141532e-05,0.00011683351386535196,0.0017173234502675262,0.003487095302869136,0.05874387710662557,0.04601222258088368,0.0415461101564067,0.09641858655272288,0.0956286748732299,0.073107232169584,0.07191186049146152,0.08810684023983627
5ac290285542992f1f2b3910-clean,1,train,0.24248645709185182,0.3850655562138964,0.44584955154947026,0.4751954161264592,0.411162837483626,0.29170119310973713,0.26153129228832844,0.34228208913634783,0.3986488070439843,0.46535784133747615,0.3669168936962598,0.3729510438088973,0.00028590146972392233,0.0008925330770608623,0.014758728054665028,0.0028436841544168343,0.16030877279890177,0.152525630260757,0.17639959084344126,0.21334326091454214,0.24949055872581336,0.2861358221299917,0.26140577593965114,0.2453819457879496
5ac290285542992f1f2b3910-clean,2,train,0.015618026178430207,0.02685240268599086,0.017844390526878813,0.018874793133110395,0.005925205214549477,0.025354247460341907,0.014947813041696487,0.015886748588248213,0.022096590081323128,0.012688372433368556,0.005974633446265132,0.002942759998500998,0.00010969366520356208,0.00013844351282550732,0.0017212717087373712,0.00020286257324965914,0.024967216366781276,0.016506867505179285,0.027939974819434443,0.030919911865208698,0.027038818303269003,0.024067026545217567,0.0148026682087292,0.028902547544465543
5ac290285542992f1f2b3910-clean,3,train,0.09569628950701779,0.02992040886819855,0.03791707263050441,0.06033159187529599,0.018344721501763937,0.13416886798699906,0.09569656037552213,0.05987515564316671,0.021895363361237086,0.02604018474949597,0.023094104917496087,0.01648176399385455,1.8819960167291934e-06,8.06662963321299e-06,0.005559825106504555,0.0007195401034800868,0.05727146112070691,0.05846607038455999,0.05861553166468675,0.09560161736357041,0.10968100446670673,0.1309371518470065,0.15110767368885072,0.17214968973458775
5ac290285542992f1f2b3910-error,1,train,0.24283915790454616,0.3860454751800445,0.44567798476001075,0.47531154544054055,0.4813553132447989,0.31386341051667344,0.2812420074595171,0.37797987086888163,0.4299965059633188,0.5014941541269914,0.6146844307795671,0.5828287675709988,0.9904737433958505,0.9907640467453932,0.8675487790405753,0.9855091674045782,0.5556851225753858,0.5497488366401702,0.550770329824616,0.5828244174404676,0.5139872206515991,0.5279883526163506,0.4900113143483477,0.4654726175125605
5ac290285542992f1f2b3910-error,2,train,0.01563593233582268,0.026788434625137747,0.017871899271629774,0.018826280023679733,0.0060961638069462485,0.02539961533603006,0.014971688269964258,0.015839343017274788,0.02223844686359179,0.012760618525948852,0.0062480226353463925,0.0030597118081271244,0.0010918426138982168,0.0005522553753345209,0.0058240689877512705,0.0022894765792209645,0.043679288441859046,0.03296947785589425,0.04551481290735439,0.05234634904028507,0.04529198105912714,0.03837111461601115,0.021757428297843204,0.03517390843436653
5ac290285542992f1f2b3910-error,3,train,0.09568621780874598,0.029831169076487023,0.03794796957999282,0.06011286581687586,0.018474345028593055,0.1356933939028785,0.09629743659091407,0.06074317624529985,0.022097390736974698,0.026542860685730422,0.024345580146437003,0.017726834866398533,5.165078887051892e-06,1.964940004281657e-05,0.010850978393296375,0.0026769200040851443,0.07799209269744388,0.07867105126607485,0.07671341981725645,0.13106075646686227,0.13708478789215664,0.16466365474916642,0.1886677099427606,0.20543852212298513
5ae743fa5542991e8301cc4b-clean,1,train,0.22610254458008755,0.16728224675958517,0.15175501100536967,0.12720015011600724,0.0071569671896756755,0.06843476132610933,0.07134432511850428,0.11116213156892668,0.13810850229344776,0.11187510776089683,0.016240698330260282,0.04178737010189616,0.00011248561942885084,0.00021685585199014844,0.003016529405443989,0.00042155332956455443,0.05362105007155119,0.056241088774676866,0.06251710508294378,0.044661220750070584,0.055532371135046554,0.05026743931729308,0.05158951698236204,0.08161653678312407
5ae743fa5542991e8301cc4b-clean,2,train,0.25960401493622964,0.2910407458212925,0.34482129802253236,0.3046430862109339,0.002883227200295526,0.1036928375716556,0.14292202329575338,0.21818430831802335,0.2765178970752058,0.18421062117146814,0.01105484018518938,0.017268466237434502,0.0006641527816470983,2.7994244562562174e-05,0.012753068844408647,0.004695976290022418,0.12155291399275692,0.08160933391744027,0.09316372684363182,0.09952861789795278,0.0910385771716518,0.08365047535671044,0.09122945937869467,0.10918466086382364
5ae743fa5542991e8301cc4b-clean,3,train,0.1806387145370335,0.12664373109896726,0.11240643120160013,0.06335301092904728,0.0007172404967473015,0.03054417979541889,0.03295178325826981,0.025096553680425255,0.010872073638315055,0.008731708161020158,0.001131542018412898,0.003460769231836423,2.129580296844938e-06,6.638682580452889e-06,0.001271895367121897,2.528691925787139e-05,0.02344706364365057,0.01660527291285604,0.016549575378409776,0.019234703430762796,0.02700620244904646,0.02425450393555473,0.03985605101192845,0.0713843442023901
5ae743fa5542991e8301cc4b-error,1,train,0.22610254458008755,0.16728224675958517,0.15175501100536967,0.12720015011600724,0.0071569671896756755,0.06843476132610933,0.07134432511850428,0.11116213156892668,0.13810850229344776,0.11187510776089683,0.016240698330260282,0.04178737010189616,0.00011248561942885084,0.00021685585199014844,0.003016529405443989,0.00042155332956455443,0.05362105007155119,0.056241088774676866,0.06251710508294378,0.044661220750070584,0.055532371135046554,0.05026743931729308,0.05158951698236204,0.08161653678312407
5ae743fa5542991e8301cc4b-error,2,train,0.27160703523292706,0.31846279382060694,0.30936009944979753,0.2397689023071966,0.9417660744499022,0.6006771898452332,0.6202197193493038,0.5907766758326365,0.7283898123909843,0.8340590089576414,0.9999998482717215,0.9999969753530163,0.9999691870243765,0.9998463947865682,0.9976118105692008,0.9999456884001476,0.7663445173491865,0.7439992556376297,0.7142045336162093,0.7201469778316745,0.6392191945134185,0.6708408996479736,0.6058512540417932,0.486331912583033
5ae743fa5542991e8301cc4b-error,3,train,0.18046718938778386,0.13112589520729384,0.11300719677492015,0.06193897051415048,0.009009511016956824,0.05937861371406109,0.0661656566628985,0.04070996758775038,0.014558610146341931,0.011180225645159346,0.0012735673889241411,0.006513906139793048,2.9304833414908558e-06,4.124887561399924e-05,0.007078477873463726,0.0004006911704358934,0.04462533275678253,0.039965483755226315,0.03686509435273972,0.03793235109799093,0.04004242094267834,0.05108720162570953,0.07727390639881769,0.11908804818299726
5a72b6975542992359bc317e-clean,1,train,0.20095073718329517,0.19490368031854632,0.19196009386728946,0.1594837327620891,0.11502840437108447,0.14036467802467795,0.11625006976311023,0.14814279803654903,0.10523881585188963,0.1124280729247099,0.008236975253527082,0.004213607734686335,0.0014545298425547347,0.0010172573545455133,0.002667586933296434,0.00013046517573956948,0.04516619905956301,0.04570342020226128,0.04594103226401711,0.04387310775639512,0.05029096515374785,0.06638847926580417,0.0762882059070631,0.10823925189109193
5a72b6975542992359bc317e-clean,2,train,0.2531059696586504,0.2704586002418421,0.30820660910600367,0.3314309778060632,0.3804419819836046,0.33065357658361477,0.36007765598028996,0.3262857039585612,0.35744003340599995,0.3709305386800303,0.32266257922209846,0.38105148455446153,0.021980723273666652,0.025929465768518376,0.15672494289486805,0.03544631428096736,0.2450941398636867,0.23351961261786125,0.2840282701020136,0.2062314148571969,0.21339312787292652,0.21549047627538137,0.21477372789914823,0.20340567595896117
5a72b6975542992359bc317e-clean,3,train,0.1780977451833073,0.09531091385716366,0.07301662783686257,0.07240190933800814,0.00019888876804070727,0.0340577535596243,0.023999624142047992,0.020509539462905582,0.009484509140975922,0.008760865335135613,4.432428004279668e-05,0.00014343215140873714,9.835442961010828e-05,0.00010190202853789176,0.005690015013888643,0.001738674310983456,0.05805539103920845,0.053321833022049105,0.04502578727025184,0.07860671366462109,0.04635759880214661,0.05772029934757086,0.07665638377577785,0.09096674460130746
5a72b6975542992359bc317e-error,1,train,0.20095073718329517,0.19490368031854632,0.19196009386728946,0.1594837327620891,0.11502840437108447,0.14036467802467795,0.11625006976311023,0.14814279803654903,0.10523881585188963,0.1124280729247099,0.008236975253527082,0.004213607734686335,0.0014545298425547347,0.0010172573545455133,0.002667586933296434,0.00013046517573956948,0.04516619905956301,0.04570342020226128,0.04594103226401711,0.04387310775639512,0.05029096515374785,0.06638847926580417,0.0762882059070631,0.10823925189109193
5a72b6975542992359bc317e-error,2,train,0.2534646794616324,0.26960673318519207,0.30884173174136736,0.3304281576476433,0.5954724258649492,0.3891470576822714,0.4216195584946099,0.3860478870102513,0.4037563278724383,0.44448026758854847,0.7081308363548273,0.6824730977305622,0.9750366299584431,0.9756266469371504,0.846206282517218,0.9609766505567012,0.6289176284136109,0.609295696698204,0.6790523086422215,0.527418704710829,0.4557363037295672,0.408053451280266,0.3454030000167195,0.35269641054661044
5a72b6975542992359bc317e-error,3,train,0.17815053489452642,0.0946080071646233,0.0725574090119799,0.07227967842179239,0.00022307026623613407,0.034646294691198905,0.024680117585300435,0.020969099717717106,0.009835574969592838,0.00909610461888087,5.5359580779685266e-05,0.00017499549523466735,0.0005792883751321115,0.0005748268420668101,0.012113920914994384,0.005401309870958816,0.07533739111805701,0.06896831234165161,0.058628557683460744,0.09796453010157988,0.05047423025027862,0.06315309778915713,0.08452363506003226,0.10122546028911782
5a8454705542992ef85e23bd-clean,1,train,0.3265870101270918,0.4607011378647111,0.42765897093260785,0.47899668348114743,0.5004615808595733,0.4707374847145675,0.4736157025253649,0.5168577469843164,0.4768295534180684,0.4610663536085541,0.07567429314585788,0.10808494355969775,3.283961405749071e-05,3.1643491711452996e-05,0.0034887799758184833,0.000697329828358367,0.13385460309269398,0.12580129547220514,0.183425804587172,0.20455125070880417,0.17854061317799877,0.2220965822728315,0.23412836684439967,0.22993003846395033
5a8454705542992ef85e23bd-clean,2,train,0.19009352501365942,0.03043388596941325,0.02319041188652349,0.039050238057838686,0.005779554374397103,0.050830596786979126,0.061987895038532324,0.03705350654654935,0.03926327997361487,0.028974819291596565,0.0039067983138063745,0.00036005442836531604,1.0296348176335135e-07,2.6968804780569736e-06,0.00017529624033039762,2.359826451305119e-06,0.015385341156673315,0.01666165348937233,0.027071699476725188,0.02709669041925548,0.021131292771658827,0.04415085945399358,0.037988472072228434,0.06515082480518847
5a8454705542992ef85e23bd-error,1,train,0.30918311851509117,0.44841328156464166,0.4289118383910218,0.4880815222976028,0.6068065577187546,0.4920733114730283,0.49324927673824975,0.5844557620371815,0.575849049132858,0.5511348870125093,0.8472515549253384,0.7893525769259134,0.9995027614460442,0.996934790884806,0.9373480514386304,0.988446828675243,0.6474371554631356,0.6045271525948834,0.6331749827815258,0.639982789715334,0.5287510248903079,0.5323324014523855,0.524370975088543,0.5184610312112569
5a8454705542992ef85e23bd-error,2,train,0.18885833106073094,0.03049480008008086,0.02322407604240421,0.039356660581198875,0.0059608947845998595,0.0513317171773492,0.06252462062769717,0.03680914937035476,0.04014009049204883,0.028363579538531376,0.004050635490061719,0.00041282746619787197,9.80809943282919e-06,0.00012715293862370174,0.0009611554731583675,3.518148505825712e-05,0.031507253171042755,0.03610728344805753,0.04937794174286715,0.05834707856807873,0.04539618567476533,0.07571251648042576,0.06778825040597268,0.10875285934760599
5a7bb490554299042af8f7a3-clean,1,train,0.2007117984742781,0.315810025606944,0.3140714838137516,0.34438604415400675,0.09164340606421169,0.29930553806819915,0.3183547141373784,0.3648909365579728,0.25052408853129327,0.26724378061421233,0.026994714707338826,0.016784386737802876,4.1834428383992343e-07,3.095890067912205e-05,0.0005548833481079101,3.5766978310878064e-07,0.02016290464328243,0.03340574898510462,0.04370427996353179,0.048258099223791415,0.06284019030011805,0.054735069847374904,0.050437445765450145,0.04561952141120698
5a7bb490554299042af8f7a3-clean,2,train,0.11069439347499098,0.1974391445075785,0.17472038791932015,0.17912444235117564,0.012317847997569771,0.10851526078643224,0.0969635635399467,0.10952232012140921,0.1295301475585409,0.08531319711763614,0.0008984517411610613,0.0011922264362328593,1.679616496334209e-05,2.288760697760804e-05,0.0023124224742429515,2.6175857150264546e-05,0.0364644805775866,0.04119927045586234,0.05233245666309076,0.05096141850894552,0.059971465285818065,0.04913353173856935,0.04239288566298711,0.0455618334995946
5a7bb490554299042af8f7a3-clean,3,train,0.20376996696930993,0.2691374273980454,0.18812728580343177,0.2100488352225521,0.11343422410768578,0.15899228640309762,0.13926603944583957,0.13362646538577005,0.15303742116706012,0.09963711846193891,0.0073968203548274835,0.01275000921018933,0.001016677839837526,6.627700623791695e-05,0.002556216035035834,0.0003805167732123152,0.05437858959257773,0.06333916495692085,0.057864717090933125,0.05283624027907322,0.05070382658540369,0.053021125257934676,0.05845066247383592,0.04567825242488519
5a7bb490554299042af8f7a3-clean,4,train,0.13508589548929992,0.08164572668936909,0.10147277143150679,0.09450092787149279,0.05829398650406691,0.0641431269812508,0.0704115644114927,0.12926420054988605,0.08565491639355963,0.07229089093062858,0.02519748179247597,0.014859346689250664,0.0013094961132994448,0.0010166074471829971,0.011249538237290703,0.0018029578762496128,0.11813493106400783,0.11407548417018808,0.1433406071888332,0.09927297115965994,0.12225094877107537,0.10364275778590387,0.11046011536244953,0.13251666375173338
5a7bb490554299042af8f7a3-error,1,train,0.20085117924113757,0.3188969212314176,0.3189922028056939,0.35843723339821343,0.7931984150585649,0.5224750454888153,0.531821130959426,0.6570081257184747,0.5598662969945063,0.6623548942464407,0.9995000185470182,0.9969852029089632,0.9999999989863615,0.999999989834275,0.9997523219658344,0.9998091101498623,0.863846271263037,0.9058048101097487,0.8784468969955309,0.8933922375436154,0.8709731021579513,0.7858722054492604,0.7123079010078098,0.6588861974149417
5a7bb490554299042af8f7a3-error,2,train,0.11098393456452695,0.19744556842426744,0.1741618419211489,0.17883685452640263,0.02136411257212396,0.12266191943835751,0.10577405244951543,0.11478833301877518,0.13324720886318253,0.0908468263972776,0.0011607855809496303,0.0015307392687155326,0.0008926876566712491,0.00499220399569946,0.042814615150079526,0.002325061688815835,0.13423092686567997,0.1775375149716811,0.19971509238953183,0.19218207698543985,0.1831633822458873,0.13603849789295425,0.10623227972987406,0.1113764059187114
5a7bb490554299042af8f7a3-error,3,train,0.20393118807578814,0.269143667570336,0.18802067443281456,0.21028299892154262,0.12748952595308377,0.16420091975375295,0.1429028601394794,0.13594418501325717,0.15475641371736276,0.09930219808365207,0.007861807883098506,0.010618697300371883,0.001606962909768528,0.0004019368632226555,0.005623286834269031,0.0019118292279819461,0.09993282874538333,0.12937075067769935,0.11875118527855237,0.11669087492272678,0.11560068096678441,0.1025420355326124,0.11019498840334525,0.08499289661730056
5a7bb490554299042af8f7a3-error,4,train,0.13522290184608382,0.08155468997616179,0.10165612548502954,0.0947825116809624,0.06601737564607957,0.068060859597621,0.07510807233485278,0.14034064445139585,0.0926751267769746,0.07531917235958907,0.03284118431108788,0.022221474022433307,0.0031735642717556543,0.0027306159969935585,0.019025421899050297,0.008320494574018393,0.16886262098507868,0.17351686089134158,0.20340776257485396,0.17396593293158769,0.2043202106672481,0.16316601898145666,0.16349720234988524,0.18216318262050446
5ae4992355429970de88d9c5-clean,1,train,0.24041691419068306,0.24462402419011256,0.2766207786677544,0.29400241063524485,0.22137987258127517,0.24856041742049223,0.26229156190017583,0.27814313094518883,0.2260871866397683,0.22433342226535155,0.006790701199020051,0.05872433268963367,0.0008115146007312214,0.0015600463812774949,0.03452551995030453,0.013426152043633488,0.291105281896407,0.26792681491171944,0.3159528704750656,0.3316225388234677,0.3222619690719216,0.33054539896616414,0.3994493128493305,0.3749118268506402
5ae4992355429970de88d9c5-clean,2,train,0.16240323227225267,0.0626634182242373,0.08144020752105885,0.05102500170126338,0.06587028439333542,0.13605218890284657,0.14833226911294525,0.14643269714838494,0.09920893333839131,0.11382931709370697,0.008970595417811368,0.016991581475223116,5.849997348849002e-05,0.00021786131336240945,0.0017883874694519504,3.2584275130551886e-06,0.039019749238725865,0.04180019427202781,0.0458624427601673,0.0523103666180583,0.062254323498935546,0.049708534924152926,0.06892593252728094,0.059054859754593333
5ae4992355429970de88d9c5-error,1,train,0.22379390139484748,0.23162195333861474,0.3143300749511901,0.3601195326101876,0.7232244724358577,0.3638205262602501,0.34579476271722415,0.34932424643615106,0.5634649304893784,0.536600012196057,0.9192962387711073,0.9152537173320351,0.9957580892591001,0.9955290299139146,0.9604129615268074,0.9931498913633815,0.7129562653881686,0.6949544566952536,0.6966527900098168,0.7373716291164716,0.7171141149813091,0.6584318857926351,0.6823097364200158,0.6293120262570685
5ae4992355429970de88d9c5-error,2,train,0.16394185826355331,0.06345414111202204,0.08196053524789519,0.048422163609551816,0.13453250071666845,0.14195193114940158,0.15533741184217273,0.15450378635511067,0.12159408773989339,0.15533392346211852,0.04165826806843825,0.057857035076035006,0.00032869675313763555,0.0015702756125023606,0.0029896592134585403,5.9382480988537905e-06,0.048150152710332676,0.05629444938821385,0.06830282916018329,0.0825063394147038,0.10163291585885374,0.07534789380167882,0.09421611983972242,0.08099460031723621
5ae53b795542992663a4f18a-clean,1,train,0.21362270681596868,0.16961696871805268,0.13500174620794386,0.15878271169178557,0.04061620956811829,0.15285975210718095,0.16695856635274825,0.09032699810155337,0.09304098853366727,0.11621596911285677,0.00849537289241377,0.012040601328398584,5.540247793816611e-05,0.001371886038140158,0.023554776913548237,0.0024558370495418665,0.09446735441245063,0.11047568828142527,0.09986966454174341,0.0994852563655031,0.12294808356549757,0.15935085197361845,0.1640616535370558,0.20295123459153291
5ae53b795542992663a4f18a-clean,2,train,0.1891571369767426,0.2581000472383757,0.23738873047899356,0.18544545603168733,0.35828358609135336,0.23953932571237863,0.25855234720927756,0.21611655198545873,0.2172208898997708,0.27129237033171794,0.14247139604492914,0.15419842108948048,0.00010432931450081546,6.0893312719903054e-05,0.028671938628692727,0.001484615021609232,0.14020605292561136,0.14647218224348282,0.14819794262611094,0.1881830875725063,0.24688877463946382,0.3048252076744568,0.3386383806612626,0.33139654443286526
5ae53b795542992663a4f18a-error,1,train,0.21362270681596868,0.16961696871805268,0.13500174620794386,0.15878271169178557,0.04061620956811829,0.15285975210718095,0.16695856635274825,0.09032699810155337,0.09304098853366727,0.11621596911285677,0.00849537289241377,0.012040601328398584,5.540247793816611e-05,0.001371886038140158,0.023554776913548237,0.0024558370495418665,0.09446735441245063,0.11047568828142527,0.09986966454174341,0.0994852563655031,0.12294808356549757,0.15935085197361845,0.1640616535370558,0.20295123459153291
5ae53b795542992663a4f18a-error,2,train,0.19829453786789664,0.307819492125046,0.28238244663506123,0.2064819706107008,0.527684719979839,0.2744533646975521,0.2900833338041049,0.27680794058422803,0.30604332004963164,0.40752141980396844,0.9255703067687258,0.8619291527299409,0.9999987130606693,0.9998293573125169,0.9919212815205471,0.994715980967993,0.6531078964101972,0.6082653045810357,0.5532258002602743,0.6021101016759602,0.601755175960292,0.6156364216675927,0.6258505484448208,0.5603557379401498
5add1f7e5542992ae4cec48a-clean,1,validation,0.19422006849120868,0.2329395197713831,0.21615702988983623,0.1768881165962092,0.651577514699868,0.3446115579014899,0.39495070280652145,0.37379273955118486,0.46450868517359123,0.3801762801641529,0.0029800977591924855,0.011641675729845846,2.453745282210439e-07,3.1087162183245967e-06,0.003475932978857812,0.0019198994705848533,0.04705335285343686,0.07569558661826625,0.060738961517910334,0.0525636757170052,0.020891675414007316,0.020824748829850796,0.01940323351825314,0.03779893340964865
5add1f7e5542992ae4cec48a-clean,2,validation,0.20292762893408622,0.34214293316986655,0.3506480999583708,0.4028950433373492,0.10709795875862083,0.28071218768655254,0.3044832152099928,0.5103933667846515,0.4584851564981629,0.41961761032432654,0.6846913139086506,0.5950581374204531,0.0019433158225038152,0.011317155291151794,0.2782846792779189,0.1708773603939851,0.3056256897233582,0.29636487531207834,0.2669892363407761,0.2913520974484209,0.2644882181204568,0.20801529773835464,0.18625476992861573,0.16171501677812414
5add1f7e5542992ae4cec48a-clean,3,validation,0.15048754194325012,0.1802306275830878,0.11574703277696136,0.13571722082981108,0.0029128374106813498,0.0488539821127978,0.04525238605816136,0.07132144089961777,0.07246542309216544,0.11330515844480386,0.0002883732084795118,0.0006397202225099149,3.208327441259922e-06,8.669686093693309e-06,0.0017392274744907593,0.00010015010915428265,0.033747292155586125,0.04332884638866885,0.10006306046246717,0.059465998064127196,0.10775983858752008,0.12942402370055106,0.1308005898953304,0.0823533655941389
5add1f7e5542992ae4cec48a-error,1,validation,0.19422006849120868,0.2329395197713831,0.21615702988983623,0.1768881165962092,0.651577514699868,0.3446115579014899,0.39495070280652145,0.37379273955118486,0.46450868517359123,0.3801762801641529,0.0029800977591924855,0.011641675729845846,2.453745282210439e-07,3.1087162183245967e-06,0.003475932978857812,0.0019198994705848533,0.04705335285343686,0.07569558661826625,0.060738961517910334,0.0525636757170052,0.020891675414007316,0.020824748829850796,0.01940323351825314,0.03779893340964865
5add1f7e5542992ae4cec48a-error,2,validation,0.2023996006408373,0.3371533221209753,0.354091588778202,0.41421147706890354,0.5758672549421986,0.3886347660336889,0.3980110687272736,0.598324669979864,0.5328090284645185,0.544296160195527,0.975299966455029,0.9199098743850477,0.43581302123719373,0.9435403565578385,0.9585288761000961,0.9858295886471996,0.61880969275989,0.6641757456683192,0.5779771419135715,0.6076763545864907,0.4982189077904296,0.35520469571364277,0.26782870094186395,0.24480866310506802
5add1f7e5542992ae4cec48a-error,3,validation,0.15486326797736563,0.17462171633635307,0.1101776748823882,0.13477679770165563,0.002408499875160649,0.04882875382541496,0.05010308357782738,0.07363498053860279,0.0766618693601017,0.14441617895025724,0.0009056452361702365,0.0016649503350389522,2.5026774831610772e-06,6.305127826385544e-06,0.0012268369210497196,8.670061796667822e-05,0.036267720429348206,0.05071802445993568,0.11526938680800193,0.06260520863617534,0.11507590170888064,0.13783803557707208,0.13290080702050028,0.09442683704489961
5a8581c25542991dd0999e61-clean,1,test,0.1553670272177575,0.3053192554845247,0.3551320185356719,0.2925750222163502,0.5999220054154745,0.51149666351273,0.4239200076156155,0.458355346181739,0.3863173735478117,0.4615206318643831,0.045465594929173944,0.2160437381979742,0.0006351988933974039,0.007357913803992164,0.12364878540758405,0.8505684329804512,0.3600570637180205,0.3969501240262685,0.3815626007968297,0.2253288637689074,0.16142003660491097,0.22634066162095354,0.1815459663927162,0.05744071620888241
5a8581c25542991dd0999e61-clean,2,test,0.22149826245990603,0.23647431986992604,0.21476918315209492,0.19607424900579828,0.08730937036113344,0.09396424261152185,0.05953485271713476,0.03993194072287436,0.0687107266315102,0.10999438306185519,0.022371834274230184,0.02311642935467434,0.00018105050921044327,6.281235908293776e-05,0.002539216447497764,0.0004302828922925041,0.0521513205853496,0.07002571273326515,0.08079948963012412,0.056945511703437784,0.03726622634569852,0.07305305629350739,0.06773815980391797,0.03321673415013436
5a8581c25542991dd0999e61-error,1,test,0.16026165059050504,0.29990585340672754,0.3659680618689612,0.28592948651984385,0.9496465042296647,0.7174030277544321,0.6474279260799706,0.6500154968417489,0.44364339523639146,0.6428490801446868,0.7443778225229364,0.9214719582016868,0.5453264096543216,0.9748827749678964,0.9532929145264543,0.9999334578755794,0.7394039869324844,0.762882609744237,0.7318089821070992,0.6066779964639448,0.4112884515972554,0.4812418216112642,0.3810438299984253,0.18565855355161864
5a8581c25542991dd0999e61-error,2,test,0.22333244598681765,0.23632895771409854,0.21391496203137922,0.20449024505843957,0.08841387922516032,0.09403107387850246,0.06514827393837715,0.04474484300264535,0.07056165019473526,0.11876377722751381,0.06801576776217114,0.05001463086498535,5.216784302284469e-05,2.6817123742126816e-05,0.0019772973209748073,0.000247620250809721,0.04530649231225383,0.06851093001681602,0.08123753480814441,0.051485549484475715,0.03551236590224668,0.06868151142624858,0.05700650848625462,0.029652389346832793
5a85d36b5542994c784ddb84-clean,1,train,0.28431339844959846,0.3688904117464784,0.3826623310417085,0.3779052456925132,0.16458838907706944,0.21611211576950834,0.20424005339683735,0.23718135687458017,0.11073470930984135,0.12163548805190467,0.05674733405559994,0.05331387122464388,0.017371665522494167,0.020978033478630233,0.05988599829862029,0.009833301777867691,0.266196364718922,0.22784608540855533,0.26613377996055926,0.18364009854343757,0.25959347828446294,0.3473908409445876,0.36273746489185116,0.334286591305147
5a85d36b5542994c784ddb84-clean,2,train,0.19129217060691298,0.1585058992708379,0.12371164136265822,0.12021813873471884,0.08666204155598138,0.11841967051251855,0.11258668483141433,0.16221050710248708,0.09025627640367846,0.10520538629677191,0.039872485715462036,0.031176136868777293,1.0512740986908024e-05,4.409478981680747e-06,0.0005244210646597414,0.00011784160988537914,0.050361724905967395,0.043783547450070355,0.059209377864284755,0.04745771782788258,0.045526916276513694,0.05051306565034494,0.05725493847408748,0.049909699081991825
5a85d36b5542994c784ddb84-error,1,train,0.2721139387701408,0.45653929709473196,0.41347048182882257,0.4187180845581186,0.7792157449534415,0.36337501334773953,0.34091007096940695,0.4127259716480632,0.5793999769779477,0.5479647512750621,0.9873171774424752,0.9761126742215399,0.9999985703881341,0.9999979636708216,0.99792730204144,0.9995371712178427,0.8478000421479431,0.8344315040010857,0.7888461684837472,0.7936671497495771,0.7960132112824801,0.7610414264712103,0.7231969894308174,0.7245380473456149
5a85d36b5542994c784ddb84-error,2,train,0.1923069811147208,0.14798212294961458,0.11964817184654299,0.11851529013704065,0.05201930487004612,0.12233872772164249,0.11426311563158398,0.1611863102849465,0.08322766761438302,0.09656423735753097,0.04042057250373895,0.03871230038859123,7.546796231681498e-05,8.34581578926043e-05,0.002736689866503137,0.0012153241396913033,0.0872652753580836,0.09446788262682947,0.114826349033125,0.11513763084572476,0.09880091886748854,0.10682563713045728,0.10863371433934835,0.10113550818988817
5ae657395542992ae0d162e0-clean,1,test,0.25268273550206277,0.2755023760846104,0.26031436153134957,0.2840096605642386,0.0079190735256172,0.08643721144162567,0.07671632033852663,0.08709168059567914,0.11498761060661448,0.20200054231005565,0.15593302456198052,0.09984073095017768,0.00482126757168034,0.004176281526019475,0.016990819390209733,0.027641158875543314,0.13737147199010855,0.15513579664544516,0.19181852674418426,0.1564965256109038,0.24500635413548777,0.28910094830486593,0.30153414684138397,0.435564223177827
5ae657395542992ae0d162e0-clean,2,test,0.13496958103720993,0.025479293422704097,0.02262209640597892,0.038862300373030144,0.007576527340405338,0.32460724897368726,0.2718213634217134,0.2639789864874613,0.1185079401738702,0.14767994192118852,0.11210589937129996,0.38308347384405267,0.0013362601986714215,0.00037967198612761066,0.05241117084865662,0.0017819698317055317,0.21506925925245915,0.14819441215995324,0.12553109480039615,0.07273736458165964,0.09826417010282508,0.15118030636697993,0.18004919295023894,0.2415120433357954
5ae657395542992ae0d162e0-clean,3,test,0.07744505718836461,0.05836926082202545,0.06866383540011636,0.10561642466784098,0.002815963685075286,0.13229754720912845,0.09523624563491874,0.09349103809078008,0.04867212699165794,0.07420295188817058,0.0021637573560047358,0.0007312651357893772,8.115136722947352e-06,3.694991638829103e-05,0.004300217479964884,2.9922407726580155e-05,0.07131537250573072,0.1215451963864788,0.11535021028048471,0.11401375125163353,0.14595695852690876,0.11494090199357265,0.1571644406082482,0.28998797222667716
5ae657395542992ae0d162e0-error,1,test,0.25237859649512795,0.2727208165770789,0.26088532070412773,0.29063382247481784,0.0564497407063968,0.16396918650821782,0.14141272663445958,0.13970692947544797,0.1801939512253766,0.29903629666569886,0.8020421931421735,0.6446665638379532,0.7263044451851947,0.539493018078477,0.15915125449123585,0.586558982463648,0.23098950416307112,0.2470754486578188,0.28682600845916095,0.23233919495313932,0.3072701834101419,0.31913527883912246,0.32016230002658197,0.44721641530736594
5ae657395542992ae0d162e0-error,2,test,0.13534668680758827,0.025491641240754037,0.022500410523948026,0.03923958182839294,0.008549129542265306,0.33169075572051476,0.2805963825993931,0.2676467833083599,0.11919209836852848,0.14867735747239255,0.11830916378112367,0.3901454699241264,0.0013618744626426931,0.0006628403396343583,0.06821770953006925,0.0032854865298690777,0.23600425856736068,0.17005266165207383,0.13968775487178864,0.08187584486392065,0.10323478924814349,0.1531152041931677,0.17751425594629572,0.22971896217970558
5ae657395542992ae0d162e0-error,3,test,0.07759991991832435,0.05820206735423459,0.0686528797880384,0.10656508456938361,0.0022702956399211827,0.12506427085421,0.09492680161597646,0.09073756056951919,0.04571264460629279,0.07104232752740648,0.002042137015925341,0.0008241013508751027,7.44849769317768e-06,3.75089033832464e-05,0.004338615502267545,3.184320434975074e-05,0.07541948001890582,0.14680867723001362,0.14247697668147172,0.13189787759949814,0.17989596961692764,0.1317930393772593,0.17195864603361508,0.3068923851212522
5ae3d1095542992f92d8237e-clean,1,train,0.37333808022625214,0.44547508348758524,0.4449605380434088,0.4885195979882144,0.19026812896970646,0.2673816037847817,0.3172909077161165,0.30629820049017337,0.2373238553651394,0.2802794583386511,0.2336752438161922,0.24760734671724127,0.03593845903426209,0.06343883411805505,0.18349714824854202,0.08161287296979704,0.25789016498759404,0.2736191341807587,0.28515371849238164,0.24256575941923558,0.2620986317995425,0.35093860653203435,0.3414516168547438,0.32964003381094636
5ae3d1095542992f92d8237e-clean,2,train,0.19018789920534676,0.13041495199881442,0.12031344816496758,0.12698977558929417,0.021831999478219233,0.1115775398802909,0.07372509923439954,0.07077865140153076,0.12495004826034041,0.056460869868916734,0.0031936691238848305,0.010193936005425196,2.8568463843101322e-06,6.375230083863854e-07,0.0012249052936831619,2.7652342650269726e-05,0.01900075207461893,0.014573918846084099,0.021083389044950638,0.014657583663441416,0.047834623751472564,0.07624281493797841,0.08936003169331534,0.11779314049308244
5ae3d1095542992f92d8237e-error,1,train,0.37351578574698474,0.464750332321056,0.4939427335335617,0.525655102617012,0.585824909970864,0.3918763900270008,0.447465297447531,0.45925929193441883,0.3405660380490709,0.3642306656494986,0.7373161025547171,0.7112130342433184,0.9534001599401396,0.9239982687176577,0.7448330276923205,0.9074900663098022,0.43363745691338484,0.4236855820475704,0.41110472934881376,0.39261125995806023,0.39391627875419033,0.4498806836726023,0.4493802808579465,0.42642046463871186
5ae3d1095542992f92d8237e-error,2,train,0.18971918528885337,0.12505743389417898,0.12088772180914435,0.1297962635962661,0.01740598486162381,0.11426356866395163,0.08149245061645831,0.07987580160767699,0.12108686254316928,0.057387178157282885,0.005706029968304405,0.016471005343285123,7.749075327647714e-06,4.048063781300033e-06,0.0028949905225643447,0.00015176256540014722,0.022861785874334874,0.01988850253956623,0.028098602762211714,0.019233286770953692,0.05802536206473367,0.08962215240611641,0.09958850299549099,0.13746820228725545
5a7d11085542995ed0d165d4-clean,1,train,0.1493673269864218,0.16885437985476742,0.1410177433533328,0.1635566379154355,0.06449623603322702,0.15537270478917006,0.17074139228664093,0.1326365653153895,0.11985379701410839,0.12193659210598978,0.00656979397991247,0.021643911218051422,2.7026665799927247e-05,5.498908278145121e-05,0.010975984972306648,0.0003572774834378784,0.07859132468796165,0.07070562361491857,0.08708686248048736,0.12318031798450127,0.11734030206242768,0.1232478109726232,0.09782739994672143,0.11910833050303166
5a7d11085542995ed0d165d4-clean,2,train,0.33131622237162234,0.27747329966532897,0.28535357329505545,0.21055083159101995,0.13765556538073395,0.2975983640629969,0.27985662961973146,0.3392355927217898,0.3860566429690302,0.30701245936403276,0.11585697881487864,0.11563049283321013,0.006389364989538063,0.013716229357610028,0.04713117384395159,0.012978819641155036,0.29034950957492806,0.2797363097910059,0.3003186376743069,0.23292563377014616,0.1882222899366786,0.20205464713634227,0.1794308420909867,0.2096662845697428
5a7d11085542995ed0d165d4-error,1,train,0.1493673269864218,0.16885437985476742,0.1410177433533328,0.1635566379154355,0.06449623603322702,0.15537270478917006,0.17074139228664093,0.1326365653153895,0.11985379701410839,0.12193659210598978,0.00656979397991247,0.021643911218051422,2.7026665799927247e-05,5.498908278145121e-05,0.010975984972306648,0.0003572774834378784,0.07859132468796165,0.07070562361491857,0.08708686248048736,0.12318031798450127,0.11734030206242768,0.1232478109726232,0.09782739994672143,0.11910833050303166
5a7d11085542995ed0d165d4-error,2,train,0.33623756466117893,0.36332048268207023,0.3327784247793349,0.29749452020551054,0.8292955719621481,0.622154741846771,0.5589588074178703,0.5416368406255725,0.5910172465375517,0.7236075570874144,0.9998976916052302,0.9992853868834891,0.9998931868288976,0.9998715358247584,0.9881351188257966,0.9983545879447497,0.8066313806213693,0.7939771395761601,0.7496571688787512,0.7753758972776755,0.7964476975452022,0.7215102977954506,0.6325381614188031,0.6119308908045891
5a8af5295542996c9b8d5f81-clean,1,validation,0.1857557296255468,0.06016453085408422,0.07830145981331468,0.03889149865041361,0.05283900145944889,0.12295956045879691,0.09515737674215126,0.09461786012784784,0.14998671284599538,0.1278178637660234,0.002118626601942207,0.0011080168421978343,4.63967586355711e-08,7.893140714777576e-07,0.0003091431098610025,1.2921762639703444e-05,0.014890645841129122,0.01177644368393451,0.011577328010981564,0.014529211190791844,0.01600962455943139,0.05153328096228672,0.0922155519711909,0.08652807057303107
5a8af5295542996c9b8d5f81-clean,2,validation,0.2219549330841571,0.2091012611589372,0.2953652536493029,0.13219981269584663,0.0009494265624334064,0.09883997635334671,0.10743661923991782,0.1587808248772451,0.07249104701999788,0.0672640960379581,3.589481480384779e-06,8.066952998683966e-06,7.373424948469602e-07,2.2409253322064008e-06,0.0015033435420936346,3.771637701690661e-05,0.04515500265438565,0.027714044016918266,0.04270982677449678,0.033289875608591306,0.022568012040371874,0.07285318423565411,0.1053051018218695,0.17954537991033256
5a8af5295542996c9b8d5f81-clean,3,validation,0.209667772828272,0.09980395176899402,0.08447786607816458,0.05788201891301159,0.002232820779274798,0.034485809592379506,0.04825769799851273,0.05078196220962289,0.04648715666775624,0.1829791328930447,0.009632054345196013,0.03177138344594846,0.00026324278706556226,7.768705445986171e-05,0.002441860616967172,0.00015136500517804876,0.03492160980523739,0.019555378849250238,0.020394881381465387,0.024507584826344235,0.020043493825721397,0.03989622222677825,0.06702121383779626,0.08741049506367936
5a8af5295542996c9b8d5f81-error,1,validation,0.1857557296255468,0.06016453085408422,0.07830145981331468,0.03889149865041361,0.05283900145944889,0.12295956045879691,0.09515737674215126,0.09461786012784784,0.14998671284599538,0.1278178637660234,0.002118626601942207,0.0011080168421978343,4.63967586355711e-08,7.893140714777576e-07,0.0003091431098610025,1.2921762639703444e-05,0.014890645841129122,0.01177644368393451,0.011577328010981564,0.014529211190791844,0.01600962455943139,0.05153328096228672,0.0922155519711909,0.08652807057303107
5a8af5295542996c9b8d5f81-error,2,validation,0.22038898779711866,0.2090119900934779,0.29519984196308885,0.13921562458860284,0.005337757852214717,0.1632288451470506,0.181943622452468,0.2994083142401965,0.14434630523691433,0.18013295506126353,0.0009865987197318368,0.0008357256393375501,0.34806221368910517,0.28533480763812036,0.5651795659181443,0.3511027646970392,0.3445754657249975,0.21619423375198418,0.24135116567645304,0.27694314239170953,0.17578137900874627,0.36100407575175186,0.4119395635660919,0.4512385162050038
5a8af5295542996c9b8d5f81-error,3,validation,0.20980016651246125,0.09951936953064769,0.08411133419463236,0.059869593924768545,0.002628245079662808,0.03504258140334155,0.04986222978410672,0.05035994041095211,0.04811758092872441,0.19147718735556765,0.01262220411933182,0.044112345980750194,0.00045106781441858225,0.00017701684504632719,0.0037727595528948064,0.00026906008153727715,0.04070340146257204,0.02242935456710202,0.02715486040169016,0.039301741633117164,0.02877818268186853,0.05833667411473784,0.09840934163929202,0.12440881586614375
5abb462b554299642a094a81-clean,1,train,0.1622644256074576,0.24464816799902597,0.2656253320826699,0.3585425583539233,0.15700914788439602,0.4234289585863539,0.43807402787898253,0.4442814062936188,0.3901626960300682,0.3983988810718537,0.13120510036497904,0.15507687322304942,5.521864623371055e-05,0.00029103547988071647,0.010051666375280682,0.008053148144081671,0.3305892830459207,0.29590688592224984,0.4089506459426296,0.3586930041043438,0.3289517793000398,0.38799276168309416,0.3577785984558154,0.3433081542663057
5abb462b554299642a094a81-clean,2,train,0.1495439612333343,0.10100039718233739,0.09904784758884849,0.147244317590298,0.040217829624144066,0.11509494892490167,0.10802323017866501,0.10797041942789505,0.12062169132920748,0.07902102110192127,0.01898250754491774,0.029225825997368508,0.0004074159827138078,0.00014032276863191302,0.004419893047759331,0.0008106537847795363,0.07290730490994356,0.06632183721132955,0.06319430227676384,0.044162188078863567,0.050332843524148844,0.043290102012603277,0.04184745267003452,0.04169028688747504
5abb462b554299642a094a81-error,1,train,0.3285812385495134,0.36552176167459716,0.40383388230347467,0.47475914258048,0.9190271259874164,0.7209458558822041,0.7523863582122469,0.7822703637709945,0.9300941543510567,0.9264193777455305,0.9998388217060186,0.9971058095730886,0.9995291612696103,0.9981675084235412,0.9751373386946443,0.9994546490194793,0.8805219090900143,0.8123813512132594,0.7991128730225717,0.8448799050394511,0.7897582216401435,0.735975464835899,0.7899191764175351,0.7763748705075787
5abb462b554299642a094a81-error,2,train,0.1494854670148676,0.09789384204077854,0.08597886128100105,0.13578379472405375,0.07591246749632914,0.16062870373058036,0.1538522288381677,0.1541923908117452,0.19147667436085353,0.09699751403316427,0.051816480866539345,0.06291085677316816,0.001232994507063227,0.0022062638754412017,0.023848382620988227,0.005143886672085689,0.11782912217154852,0.11716109753557225,0.09590075809909751,0.07379245834860503,0.08143709357994075,0.0704359291985364,0.08153136245853505,0.09256917673004385
5a8c797c554299653c1aa088-clean,1,train,0.3645412708146258,0.3081627736626474,0.35643127407146435,0.3861495246124495,0.34463461795534006,0.30482457887673536,0.2996731173289616,0.26840834790082896,0.3192701664313709,0.308195212338315,0.21052131167209887,0.29404169293234367,0.09910942971160688,0.061976229424048776,0.151031902512594,0.09046646781973804,0.22048452383780873,0.21248818427496968,0.2494631454270366,0.22692395509815372,0.2806767589000775,0.28329006501903586,0.2763337590055893,0.27864891019643845
5a8c797c554299653c1aa088-clean,2,train,0.18368168659541217,0.07999740694339984,0.08609497470385619,0.08525362284199105,0.0005826553304401157,0.046809521745635886,0.04391402678301067,0.04061513277825125,0.03257761236973244,0.053433094603210704,0.0074060761959402555,0.006813543067605119,1.126504896332709e-06,1.552301056562709e-07,0.0020867204878898616,7.339617132129175e-06,0.02676590033370762,0.021328459683855622,0.02717382726510633,0.012954729597004852,0.02421013110632607,0.03583881088299718,0.04831192759664302,0.05012643403091133
5a8c797c554299653c1aa088-error,1,train,0.3646452056932593,0.3075497219851039,0.3562167216530015,0.38432883533187245,0.44263766091286477,0.3350910732727073,0.32374874099391887,0.31365559355712697,0.35045715662993143,0.355067393794401,0.6109401921021117,0.6045892326331209,0.8965399460125514,0.9417714443567491,0.8061781274780635,0.8975527639379622,0.40207229132532213,0.39946114956970374,0.4121225944546801,0.46501704801578136,0.5038740889007784,0.47067668196854073,0.4586562376305041,0.4438337709218288
5a8c797c554299653c1aa088-error,2,train,0.18372183836491238,0.08011402984191646,0.08618226206669534,0.08514042161245264,0.0006301231851631888,0.047635953343760744,0.044350044179311585,0.04088618624915513,0.0326258113210358,0.05341669161472078,0.010619131274183385,0.009719765296198371,3.644587807674211e-06,3.486320522989419e-07,0.0037591035308326844,1.9020629621142337e-05,0.03462818654141326,0.02908784788698855,0.03666314892985138,0.019631536012568722,0.03544814611674475,0.05196246725124657,0.07439552197655185,0.07104244984075106
5a8d7ebd55429941ae14dfdb-clean,1,test,0.076742713713196,0.05620150606712455,0.02326204628774469,0.027827598812154214,0.0002265194984420184,0.034769741889211836,0.060188007875994466,0.04068875026540614,0.06987531139878754,0.049122961390120165,0.00020194291900001737,0.0007641826329424682,2.5118349978814496e-06,2.306129111302095e-06,0.0006429517502015653,6.1318143998752965e-06,0.02557942687009389,0.029951225918684054,0.03058698810852375,0.025459094852327592,0.024723838518955862,0.037319720848143445,0.029699920729940547,0.04791641517542802
5a8d7ebd55429941ae14dfdb-clean,2,test,0.19673153341109675,0.35137055090539476,0.30823709878289035,0.1729966727096077,0.022657061090701248,0.2005538843871476,0.31931194128777585,0.25607238710835195,0.2718741671544429,0.1028227290535598,0.015446911345813477,0.04019419839998644,6.162766754188031e-07,5.786816383121267e-07,0.0007538188259497577,5.04942260088665e-06,0.039003465218976005,0.03517746811309019,0.030873335700788655,0.034108042196524295,0.05304984104165901,0.10604480291971999,0.10631671674683546,0.16352279980476586
5a8d7ebd55429941ae14dfdb-clean,3,test,0.16736836681299655,0.14779018007198244,0.11079012976486702,0.14777803135478526,0.348018280195402,0.36954053471833487,0.36782799809515027,0.4527314508682735,0.425652486375667,0.20351589505725798,0.09172602135655543,0.21702977412990046,0.02905277261491611,0.020821594722944814,0.08886884039681901,0.0004570657352481589,0.10895687130960233,0.05424645713964343,0.026777640061978008,0.04427595776655108,0.07361936930693784,0.09188923027159265,0.07627879867108617,0.14145580836726449
5a8d7ebd55429941ae14dfdb-error,1,test,0.07649204794197771,0.05475622712576323,0.022829570563693804,0.02689972690461231,0.00036809364395080034,0.03947006382260276,0.06996199951745315,0.046716224945001196,0.07948842339215204,0.06267181850616875,0.001790470563026223,0.004643324358655224,0.9996848709000037,0.9966983791323385,0.9517360383095663,0.9966692172890377,0.5212334317528761,0.6211652046517685,0.558589166528846,0.6865981976143863,0.43914599683449435,0.3638449343393621,0.24039626564369673,0.27145293464874887
5a8d7ebd55429941ae14dfdb-error,2,test,0.19665526388861315,0.3484745255096951,0.3070742871193657,0.17084805167641295,0.024941914070686695,0.2044434079299631,0.33002357808648636,0.2627710984404875,0.27793166720329526,0.10595303008034775,0.021073666885887403,0.05451255470192424,2.849694624809808e-06,2.389945981380248e-05,0.007562117736219516,0.0004743890552265899,0.09153489385542787,0.0858509888799511,0.06625992197832753,0.0760759958600591,0.08856932090765181,0.16034252309722596,0.16272208133570942,0.2142336804171869
5a8d7ebd55429941ae14dfdb-error,3,test,0.16740590556783705,0.1474057095207926,0.11022162261506763,0.14659165523218054,0.35716572072284786,0.3733677921359476,0.375224876894291,0.4605280040794991,0.4293336056383564,0.20734885347690388,0.1023760919431954,0.23951776585676013,0.08680502004528094,0.16049252904304037,0.22276202139433168,0.002776057750171956,0.15330020111386516,0.09221001867899403,0.04934033063439898,0.0815877573597919,0.11361830266737068,0.13819475139454973,0.10643719904285515,0.1706250931077549
5a89f1425542993b751ca9bf-clean,1,train,0.11242442316521399,0.16141273084500452,0.13635627830616753,0.26576281584296596,0.06922413342426426,0.23498388235349452,0.24850232993553287,0.18252191902011514,0.14705122183346137,0.18118969727171708,0.039630521701893996,0.029173292047618104,0.0027109915659250744,0.002615149848457625,0.015596440425726948,0.004289014774342673,0.10807109594881015,0.0780770309803775,0.08306003103935647,0.08705737178564366,0.08245861152286826,0.12396481708310708,0.11555178677942335,0.10806472501693594
5a89f1425542993b751ca9bf-clean,2,train,0.13284979560714053,0.1813877722636517,0.22599595261336702,0.2211779156094435,0.2997829839787531,0.2105429393469083,0.17309581348020114,0.21652264797387688,0.2571415970763336,0.23482099556104583,0.026166715239745796,0.03711345481813076,8.237022374848495e-07,9.134020853332455e-05,0.0060294099492171445,0.0003713062768540546,0.06319091848979451,0.09369112405559252,0.09204331254323322,0.06070327576379382,0.09202762240998724,0.1422975736401501,0.15352537791838566,0.15347768995900213
5a89f1425542993b751ca9bf-error,1,train,0.11242442316521399,0.16141273084500452,0.13635627830616753,0.26576281584296596,0.06922413342426426,0.23498388235349452,0.24850232993553287,0.18252191902011514,0.14705122183346137,0.18118969727171708,0.039630521701893996,0.029173292047618104,0.0027109915659250744,0.002615149848457625,0.015596440425726948,0.004289014774342673,0.10807109594881015,0.0780770309803775,0.08306003103935647,0.08705737178564366,0.08245861152286826,0.12396481708310708,0.11555178677942335,0.10806472501693594
5a89f1425542993b751ca9bf-error,2,train,0.13388954343946224,0.18902279331294533,0.23798086028571028,0.22692933205264315,0.5276536095865494,0.2594344807663079,0.23035654995340601,0.3007781478877354,0.3580127556863688,0.4190716159293699,0.8771369687682122,0.8678000077789266,0.9951198220810898,0.99776806827266,0.9178503032570765,0.9745124145258399,0.36496993831689384,0.3844076459079268,0.3716540591004662,0.5662294372643477,0.5779886476710523,0.5687923746377267,0.5039474594329882,0.4590081728274
5a875a755542994846c1cd71-clean,1,validation,0.30561056856655855,0.14894383795611243,0.21994820308797522,0.16489632964803944,0.0013521073517348565,0.038667170927068464,0.03232071134552944,0.06044772807232211,0.10956024776994007,0.04855856406015452,0.012294183966977523,0.00414720909126151,0.0008982840396653704,0.003700951618997518,0.008676776176250026,0.00035285903076469897,0.03374833091926837,0.048072354620865766,0.053775535853794375,0.059892914765982026,0.13764931606622485,0.18436983089647643,0.22294408076411695,0.22304367138199066
5a875a755542994846c1cd71-clean,2,validation,0.155208362196583,0.18450406479921208,0.17196110085960317,0.1023649163025329,0.009027687125552625,0.11585074636729083,0.10146541857102925,0.10724798116498606,0.085426975627271,0.06585025956530802,0.003910139457398486,0.005471078294218688,0.0002567938539109601,8.109514203233996e-05,0.016551852064623583,0.003481768031680023,0.06748805750438801,0.046293376211038365,0.06230328088863215,0.07163141719762982,0.1169398435844743,0.10314309886069987,0.12482702545846946,0.1664177472102462
5a875a755542994846c1cd71-error,1,validation,0.30663651365209965,0.14881013534632126,0.21950864428629693,0.15952152229519376,0.05923450503301224,0.11294795516857908,0.09171474508584865,0.16420500967653454,0.20563866938372827,0.08754540075111408,0.3221266025424809,0.08210432915044277,0.999933686973241,0.9999692608373608,0.9770784608602368,0.9957476060813022,0.35172170918896806,0.451467373320682,0.3935853813315942,0.36278909949441485,0.4740462516473436,0.4716518103273383,0.5024728971823561,0.47334728141914606
5a875a755542994846c1cd71-error,2,validation,0.15524010536427202,0.1845489729339212,0.17278718344335484,0.10130925316237957,0.01226002725135116,0.12289218117254654,0.10950125405512845,0.11483809398574321,0.0935002573789692,0.07686230581650225,0.006341697552587663,0.009680279803371338,0.0008564420604830425,0.0007307866892677418,0.08356951683707826,0.0406669385678614,0.14678704616488517,0.09465015594503695,0.11130986684174538,0.14607381431279431,0.18833230860382646,0.17090787650422826,0.20270103390076286,0.23738718829771832
5abddc0a5542991f66106077-clean,1,test,0.35596438866760405,0.2800368929686571,0.262994818018301,0.16467905743914157,0.019346335501986105,0.034520930734056036,0.03794851366939972,0.0663019244076077,0.07628549551583051,0.0636943279581301,0.0013106024832833807,0.0010037270714789246,2.4501579770797585e-05,6.543953306001901e-05,0.0017462416987044456,9.691013607953754e-06,0.017011599733604863,0.013175811493331819,0.020426872847742195,0.03332740652988291,0.033063178763011916,0.03885796352722634,0.042332697706733514,0.029310732772248892
5abddc0a5542991f66106077-clean,2,test,0.1007424092613829,0.2702470200050122,0.17719715634083577,0.1628871652319405,0.024740845896781282,0.12584110474046042,0.11203011149656032,0.07402276163101043,0.08030776148819938,0.025857035600303734,0.0004759108733195386,0.00035889795475719475,1.236301290317749e-05,2.130315345057331e-06,0.004144142748766757,0.014384232789636625,0.06895151287260592,0.0559127579316573,0.06409106880410519,0.10724499418651197,0.12088045095514664,0.07910799754778398,0.05930544693146577,0.04583647907850195
5abddc0a5542991f66106077-clean,3,test,0.1395520300214635,0.15147560142269867,0.11703401715994945,0.1254945920238889,0.15718457186060414,0.1479338505439288,0.08928801275143992,0.07949082435885431,0.11877845202481042,0.11908820239527963,0.0014480226967513994,0.000868291049379307,8.775894581071155e-07,1.3663127202640763e-05,0.008991346286399027,0.0063650381260480365,0.14665540782669448,0.10368663406322999,0.0811841934401527,0.08780572718523633,0.10803078229753632,0.09202399584580437,0.05770453090766248,0.041827358275432255
5abddc0a5542991f66106077-clean,4,test,0.1496409623683095,0.16596373836204645,0.578431850640553,0.2612023701629094,0.0018037997256181158,0.6216581568900766,0.38888143570526795,0.20066059219821472,0.0836764277618647,0.0860552500180023,0.00035828099382124176,0.0015590539680298491,5.355591702744156e-09,3.1515002956151783e-08,1.1589467091944415e-05,8.808808929761092e-08,0.0032593883218533554,0.011732126916164027,0.015957956260047028,0.01037780572026858,0.02060100162585683,0.008967969816889583,0.01213301055336282,0.026007363930493722
5abddc0a5542991f66106077-error,1,test,0.3562019631482077,0.28001120020369247,0.26515634492957013,0.16527363913014612,0.34922543332336803,0.09594585691974225,0.10396891976252054,0.19816378930760106,0.1562819234842353,0.1309894314505763,0.91308011699942,0.47958573717402025,0.9999988209716374,0.9999992394824293,0.9970886052576319,0.9997472833925688,0.5879510911877639,0.4903555630013637,0.49758696993936335,0.7225074903000016,0.627003633813878,0.5238762786447887,0.4660855029731718,0.3128252884348847
5abddc0a5542991f66106077-error,2,test,0.1007529675227908,0.27016911489417794,0.17710218252525825,0.16350651679226214,0.03692479293933124,0.14080327403694481,0.12483011563416978,0.08119195633223636,0.0847337056813826,0.02758955259525596,0.0006376303284048333,0.0005591511559339427,0.0006347294400335836,0.0006897304825368641,0.07219079634788385,0.37460790605989724,0.1890681662688809,0.19502449395059518,0.2145126513051832,0.3681239186013046,0.3624699539417024,0.23799063749810498,0.1899894208447062,0.1324794154327153
5abddc0a5542991f66106077-error,3,test,0.13960833494508168,0.15141784090751934,0.11701516946512124,0.12543645080151414,0.17763448055204178,0.15274893101012813,0.0940394258597842,0.085072577821906,0.12691104831048872,0.13331178705937174,0.0018953604854665112,0.001081188750300663,3.268186144927923e-06,9.42718305913296e-05,0.02971879364577646,0.037561552420133835,0.23545217767146043,0.17264050562407032,0.11746632402236247,0.16914915247194087,0.1902774452944792,0.159584737516296,0.10126076570857415,0.06938123409707633
5abddc0a5542991f66106077-error,4,test,0.14949942539049407,0.1660184850918434,0.5782335316175857,0.2619585353348251,0.0018584881724640879,0.6221920210642313,0.3918777062358211,0.20100287241597742,0.08454256855158408,0.08742246480694672,0.00038213595699179215,0.0015704012494460505,1.099777401231104e-08,1.0655050036305525e-07,3.5405815388088745e-05,4.5855334710104786e-07,0.0047735200172952545,0.016679524887230707,0.02260459867694171,0.01867701421624923,0.03394926155077587,0.014803236925197952,0.020414118457896348,0.04098227361727142
5ae4be1e55429960a22e0198-clean,1,train,0.07081616926054468,0.0730499155047659,0.06881738858367571,0.07376181227035453,0.0352615558323749,0.12430318247606002,0.12217646562953136,0.11810680995253058,0.08544691614349577,0.06957204099523401,0.008480256852059718,0.014010597536890258,0.0007862601981512853,0.000728162160047194,0.00466075760206601,0.0014573676669995775,0.07659109921105464,0.08945462969816344,0.089544842252212,0.09519482826383983,0.10455272857006843,0.0938060796043059,0.086353020882712,0.10987780791120567
5ae4be1e55429960a22e0198-clean,2,train,0.175879369846775,0.21551018981450445,0.2942899030950438,0.2499887503247637,0.30548942990232747,0.28300729372931815,0.2747142359294826,0.24650216970611766,0.20561035226971477,0.23687436770307235,0.11758583936349289,0.1836078582414891,0.004467038545597257,0.0002753968722091066,0.015057603182878883,0.0006341686781131714,0.0844900433586758,0.09350603358958676,0.10571918213996263,0.050938089632638156,0.044677934074095156,0.05356109252732653,0.06650288626684178,0.08033113793142113
5ae4be1e55429960a22e0198-clean,3,train,0.16557286897408502,0.10850648150888635,0.13052966319844647,0.150627207196649,0.0457444100523386,0.08497616064871684,0.09606637655307669,0.10595548259845916,0.13913306601023695,0.14463496166205578,0.018866271328133684,0.018748030463364387,8.300653065167557e-07,3.1352067944667363e-06,0.0031263365399364688,0.0004123090537133794,0.07029015131495273,0.08106129542887623,0.09080521528816625,0.08965389318788972,0.08798557330988918,0.12203877441371573,0.11661056690626921,0.0997427432982417
5ae4be1e55429960a22e0198-error,1,train,0.07081616926054468,0.0730499155047659,0.06881738858367571,0.07376181227035453,0.0352615558323749,0.12430318247606002,0.12217646562953136,0.11810680995253058,0.08544691614349577,0.06957204099523401,0.008480256852059718,0.014010597536890258,0.0007862601981512853,0.000728162160047194,0.00466075760206601,0.0014573676669995775,0.07659109921105464,0.08945462969816344,0.089544842252212,0.09519482826383983,0.10455272857006843,0.0938060796043059,0.086353020882712,0.10987780791120567
5ae4be1e55429960a22e0198-error,2,train,0.17535779483856231,0.216400493464204,0.29464085057867856,0.25393880376583544,0.5623251672056655,0.34789338655618923,0.34001618628427677,0.30873074116069854,0.24775997300749353,0.30587869596205836,0.7469660369555605,0.6968601372710974,0.9993305733811502,0.9961725846774329,0.8892653922342321,0.9624841732323411,0.4440525896060969,0.49190343193624575,0.45816050124617336,0.6554978719876186,0.5162347659715724,0.42278148306798397,0.3979351978602916,0.4180378616526424
5ae4be1e55429960a22e0198-error,3,train,0.16616315894817119,0.10863440592590813,0.13046866959772666,0.15191335484559046,0.05694719604202722,0.08728533879822044,0.0980217353664697,0.10749453021337901,0.14215517824815524,0.14752218749754806,0.022377324368502153,0.021002665011765446,2.131898564878489e-05,0.00012221505801617217,0.022613956880656528,0.0126602406306524,0.12208164848663537,0.13689108776780565,0.14320003975010587,0.16886336582437944,0.1505021411375877,0.20246273007553495,0.1869958883285654,0.147826747730801
5ab2c8a655429916697740d0-clean,1,train,0.16150966883501292,0.055106688769143944,0.08090665032852064,0.08600252132644297,0.022807728170372465,0.07820646917634753,0.05680635279679275,0.0351182408445223,0.06596852854448029,0.0426881411424422,0.0003359678910724873,6.517262070155541e-05,7.908300436591822e-09,8.498113621465332e-07,0.0003570689649196293,2.661929489170325e-06,0.017707360898578155,0.018600783238260338,0.021412977025028625,0.0258336462159868,0.045385854109561405,0.06002227217148573,0.07938243881636557,0.08473846790327579
5ab2c8a655429916697740d0-clean,2,train,0.17389998219317113,0.09734777910190076,0.14301866946792416,0.128013620573729,0.036764780238041424,0.10932085501706058,0.08322926059196864,0.1106759217708878,0.19575785974156723,0.1984959984245359,0.03322873557846384,0.02729657989414998,7.465658056075188e-05,2.411651780082909e-07,0.0010230178466711043,0.00013473190448838506,0.034130735774332045,0.02662225551677073,0.02778616995856924,0.026471213429662212,0.026437918254303014,0.04017374236932388,0.03764660449615296,0.04425077927579008
5ab2c8a655429916697740d0-clean,3,train,0.4094885657796733,0.39542510761867616,0.40136872445680655,0.34593858575265024,0.36756765657399515,0.28000778587787245,0.20760269538623852,0.30201484415765284,0.25805902875260517,0.3251385316759403,0.2392173513529512,0.27484192080923986,0.011433117104681792,0.024373057641487887,0.12976405676963138,0.08759517427558415,0.361441202537847,0.29573982294059326,0.29197091822372484,0.19339959599825846,0.18438508809604298,0.16589689967368543,0.14619877440034604,0.1524407502754381
5ab2c8a655429916697740d0-error,1,train,0.16150966883501292,0.055106688769143944,0.08090665032852064,0.08600252132644297,0.022807728170372465,0.07820646917634753,0.05680635279679275,0.0351182408445223,0.06596852854448029,0.0426881411424422,0.0003359678910724873,6.517262070155541e-05,7.908300436591822e-09,8.498113621465332e-07,0.0003570689649196293,2.661929489170325e-06,0.017707360898578155,0.018600783238260338,0.021412977025028625,0.0258336462159868,0.045385854109561405,0.06002227217148573,0.07938243881636557,0.08473846790327579
5ab2c8a655429916697740d0-error,2,train,0.17389998219317113,0.09734777910190076,0.14301866946792416,0.128013620573729,0.036764780238041424,0.10932085501706058,0.08322926059196864,0.1106759217708878,0.19575785974156723,0.1984959984245359,0.03322873557846384,0.02729657989414998,7.465658056075188e-05,2.411651780082909e-07,0.0010230178466711043,0.00013473190448838506,0.034130735774332045,0.02662225551677073,0.02778616995856924,0.026471213429662212,0.026437918254303014,0.04017374236932388,0.03764660449615296,0.04425077927579008
5ab2c8a655429916697740d0-error,3,train,0.4095629632046431,0.39569205227085924,0.401751919622699,0.34593755495955414,0.4844183218015086,0.31414540372296645,0.23380531284135617,0.347656776677789,0.29671313045397374,0.37969354232716546,0.660567671725642,0.6025613551643862,0.9754682364268906,0.9773683615021059,0.8242988872978321,0.9018567909923847,0.5870603023184189,0.5036304191526457,0.4764848736490538,0.38746863628059247,0.3507998752198231,0.29654249559425505,0.2549153189420727,0.2476642531836168
5a7d503e5542991319bc93a2-clean,1,train,0.23742172827155486,0.2888898799276278,0.29901596019661963,0.3513520821964878,0.36970051699945894,0.32934557453579677,0.29170775669893045,0.26390558897231936,0.23881916869440437,0.1974162531743311,0.07202216480043393,0.08033083373537726,0.0036134229800329288,0.014003619154677837,0.017940977481031836,0.0033520401298668726,0.21737874581251387,0.2025734832498837,0.1827286257625587,0.18498526184916586,0.19168770622881368,0.2224009380277749,0.2608387686322433,0.24179033548001863
5a7d503e5542991319bc93a2-clean,2,train,0.2011409327578412,0.10049888785622783,0.09800227444888077,0.09448164517487641,0.010058048780329504,0.03234816906158795,0.035984380257023295,0.02635431574265222,0.012702740108073065,0.0054113071871322305,0.0007072484493948068,0.0012801982037392177,0.00020586782276226024,0.00017966617691395772,0.005589213986870009,0.0002870522944959282,0.03509823903188401,0.043380771721217695,0.04916291200652793,0.020860830496877984,0.03486833485289,0.06001009098720227,0.07992838512814476,0.1035752538318456
5a7d503e5542991319bc93a2-error,1,train,0.24503391016224338,0.2798230992071608,0.3010782932677993,0.33759525874775564,0.7502823425367934,0.5019115995142718,0.4783448753934719,0.40614735196086527,0.4333377410535366,0.4171112964363638,0.9175576297169619,0.9012621750536959,0.9999598942152353,0.9999944544195856,0.997963427835534,0.9995672178817356,0.8415211258238289,0.8478357372991157,0.7945646630747232,0.8139027546054265,0.7918034898185137,0.7303809799966963,0.6714467572239938,0.598157466416851
5a7d503e5542991319bc93a2-error,2,train,0.1977829710978693,0.09534329321704771,0.09247199368267084,0.09226416339370305,0.010371034309614299,0.03220909794049302,0.034056069261616057,0.02220556369202386,0.011506587319532495,0.005610220502366285,0.0009762079622549919,0.0014272612542234602,0.0002787313299798327,0.0004277942159089411,0.009202083809335852,0.0008091112799264044,0.04192130092945827,0.050628801150874835,0.057046257975257975,0.03316845743329417,0.04906851070626151,0.07329720265082519,0.10192672396376605,0.13374580473431166
5abdbf885542993f32c2a04a-clean,1,train,0.21415665540373038,0.15152660598196538,0.14266105112339106,0.13049141901136324,0.00017529813445525018,0.01883022862669869,0.02612746234795527,0.04077846661326095,0.0467307465126426,0.03617353045771452,0.03700092735503822,0.0174216445368455,0.0027766602799325843,0.002113173817060983,0.00543194108383874,0.000709134725971788,0.03895304288328939,0.04109568558888832,0.05389285101429319,0.0649647101094141,0.06058413041248703,0.07308053695635959,0.07549879150632748,0.07751561280354713
5abdbf885542993f32c2a04a-clean,2,train,0.17776101725266505,0.16527006603631922,0.2514840080115704,0.18705680325101268,0.04351433010167371,0.21458554191142498,0.19474076776381613,0.15099291516634947,0.08906744603773631,0.04896602583795874,0.03092224135914028,0.022049173921735634,0.003578942606884283,0.005706981082650022,0.022987147453110826,0.003765557071174006,0.12206084615303564,0.15342994672066057,0.17614545973450177,0.1894343982047271,0.23556816568143896,0.25985866849305933,0.2666652680362823,0.2805994220202939
5abdbf885542993f32c2a04a-clean,3,train,0.26143454744753314,0.20336523517460886,0.2341723916305054,0.27298155194366575,0.3764624327811898,0.2915858527313922,0.2911339860565754,0.3398205693159429,0.4130570046387631,0.3844548353962322,0.2896143317405467,0.3178961641550263,0.002084783693091845,0.0010793829316779404,0.014411784337694602,0.0007189938388724253,0.1272237559879164,0.09972084047545461,0.08208249767895921,0.07731270957409872,0.07745051695944741,0.08527472592236163,0.08834035261442794,0.08954201404203131
5abdbf885542993f32c2a04a-error,1,train,0.21415665540373038,0.15152660598196538,0.14266105112339106,0.13049141901136324,0.00017529813445525018,0.01883022862669869,0.02612746234795527,0.04077846661326095,0.0467307465126426,0.03617353045771452,0.03700092735503822,0.0174216445368455,0.0027766602799325843,0.002113173817060983,0.00543194108383874,0.000709134725971788,0.03895304288328939,0.04109568558888832,0.05389285101429319,0.0649647101094141,0.06058413041248703,0.07308053695635959,0.07549879150632748,0.07751561280354713
5abdbf885542993f32c2a04a-error,2,train,0.17776101725266505,0.16527006603631922,0.2514840080115704,0.18705680325101268,0.04351433010167371,0.21458554191142498,0.19474076776381613,0.15099291516634947,0.08906744603773631,0.04896602583795874,0.03092224135914028,0.022049173921735634,0.003578942606884283,0.005706981082650022,0.022987147453110826,0.003765557071174006,0.12206084615303564,0.15342994672066057,0.17614545973450177,0.1894343982047271,0.23556816568143896,0.25985866849305933,0.2666652680362823,0.2805994220202939
5abdbf885542993f32c2a04a-error,3,train,0.26140865337906405,0.2034180257324432,0.23390549969772007,0.2719916910567549,0.4620488835926893,0.30944476660636605,0.31146197091875344,0.36413352097372187,0.43194796926442885,0.43864055734668955,0.6264368291392273,0.6236486888037412,0.9999593725293908,0.9997715236277734,0.9805383238683886,0.9942731589426065,0.6373698475388214,0.5742075533988285,0.4496089674718984,0.4323863831574551,0.3350040295867392,0.332448367490612,0.3318773881002923,0.2725071500361175
5a754c6e5542996c70cfaedb-clean,1,train,0.1566320014216632,0.22766784472287246,0.2737931765437309,0.3232775463598559,0.3956717144108579,0.2936780983362952,0.2930177536065191,0.28130777901954546,0.28267034891463005,0.2488851324131787,0.05881374135108525,0.05922289381820066,9.994625638855414e-07,1.7708275271133087e-06,0.0015251987694069496,3.2630847424130193e-06,0.01779025123154532,0.01701661291066101,0.021142588495410716,0.012696549898639482,0.026677369087619907,0.057075344670233896,0.04466138490227007,0.07639567273246216
5a754c6e5542996c70cfaedb-clean,2,train,0.07686988241782025,0.061309200628983984,0.06401591093933913,0.05825439721507462,0.002017980767348153,0.06646222883307816,0.04619910435903161,0.030488615631299607,0.010227126342345946,0.013624437755586355,0.0002099269168410545,0.0007938719102840715,5.46526494853946e-08,2.652125663587511e-08,0.0001181964263167869,1.80463866039135e-05,0.017208569678509686,0.013304929353296873,0.013209020663490396,0.012586443447780345,0.020430735630330866,0.02655938218038006,0.030320654489838426,0.03936125495498555
5a754c6e5542996c70cfaedb-clean,3,train,0.1576723763537961,0.08231456280960135,0.07818152511435027,0.06944313836424387,0.02512367118995336,0.15915907032464868,0.1869965772753257,0.15770550380424145,0.10441739827528124,0.08695939668315235,0.007662804481923522,0.004095296412368059,8.683277108637346e-05,1.5648935020044856e-05,0.0007795586749599549,3.7341752225818385e-05,0.013040831968309878,0.01254466727621167,0.016188658898291998,0.015244825921104758,0.018562899444466596,0.035437817800494,0.0392561578827342,0.027521424517413958
5a754c6e5542996c70cfaedb-clean,4,train,0.20443798387391224,0.12690892753020186,0.11579729096047502,0.08958461475825485,0.0025226403992046984,0.05132704833473526,0.06763901476440194,0.028273258234694097,0.02881875855374263,0.055438531338369054,0.0016401258177748568,0.013305610806841187,1.210941849081814e-05,8.398207464081232e-06,0.0006643595380174257,4.525938061163865e-05,0.03850825830698108,0.033556802887102465,0.03821929378295062,0.057522281945255355,0.06562706076827698,0.05920425926206725,0.056585334051697404,0.07028227091208991
5a754c6e5542996c70cfaedb-error,1,train,0.15672515119061808,0.22756416159561188,0.2712187857792608,0.3194387058708716,0.604370395565621,0.3480310178326041,0.35855151381962225,0.3607450762585105,0.3538425190575166,0.3388837638857663,0.821467107175164,0.7482535230077036,0.9999999999797957,0.9999999256500203,0.9998817696598663,0.9999940929210819,0.8602772602668762,0.8698964416421289,0.8524405444629936,0.8732514148110126,0.8502683082441649,0.8574505744014813,0.7921504958230424,0.7364707712907281
5a754c6e5542996c70cfaedb-error,2,train,0.07684483126638304,0.061329966414740394,0.06372923692370545,0.0579661338495147,0.00248538351771427,0.06963503619632795,0.04860512202813231,0.03130325259888369,0.010438553545366462,0.013858819144179906,0.00031589265674476736,0.0011130006231686509,4.153966667866976e-06,1.0227525522157243e-05,0.0048999936232693745,0.0036084906596953615,0.07287827591847548,0.056728625080096705,0.05866294439022051,0.06517380655414334,0.07336082816246599,0.08397062156988688,0.0921517482471977,0.11028127547686953
5a754c6e5542996c70cfaedb-error,3,train,0.15764007489252094,0.08241985818832107,0.0782401239965444,0.06946968307457449,0.02664656244819153,0.16085658723010637,0.1876878708250764,0.15918852697994945,0.10456325382954323,0.08925520737558015,0.010371568701431999,0.004681492005315785,0.0010994626330805596,0.0005342482729690845,0.002755002696991166,0.00044129346941365827,0.02520169543812652,0.02728259783495327,0.030086579766098062,0.045991423895822676,0.043669704105334994,0.07719791273153143,0.0860012413112031,0.05768947739053909
5a754c6e5542996c70cfaedb-error,4,train,0.2046568347975857,0.12681501702785092,0.1156696800855414,0.08978356164023472,0.002639365865183952,0.052593953840657647,0.06896567547595345,0.02906251318855688,0.029302650908690678,0.05659670211675741,0.001998662828223236,0.014483800948039825,5.315925590699817e-05,6.472509124253453e-05,0.0024855937341864026,0.00040166929761348367,0.06813738922249331,0.05491135193672797,0.06009498511686783,0.10992900051340683,0.11263266332201208,0.09604603854319688,0.09523431836540011,0.10562891290646527
5a8c8ad6554299585d9e36db-clean,1,validation,0.21155294084740262,0.4118397530954013,0.4119697025685657,0.48502925867069313,0.5700755681377272,0.6431708027884728,0.6047608131015558,0.5883115516211276,0.4531914140807098,0.5372994594913075,0.024092573458404456,0.011104828555770344,0.02942477029506751,0.04622665918352724,0.18082816681672043,0.006743534060796322,0.22649031986115917,0.2534663118437348,0.22488454842523742,0.2954553044339525,0.2636980700051926,0.3040227294200927,0.36844459181855654,0.2662033164948362
5a8c8ad6554299585d9e36db-clean,2,validation,0.26596896423949495,0.3341060487796472,0.23330708551770046,0.34251502605543255,0.02140517405090294,0.11043067479091258,0.09318910962700261,0.06402906606149421,0.1372516573297314,0.07101257489732386,8.589218944820654e-05,0.00010997972908417792,1.9148831281483496e-05,4.781691694365388e-06,0.00034255460020672694,1.7948990099959012e-06,0.015859491184966074,0.01721852216672341,0.031875403718424206,0.02597522595401312,0.02531796792312792,0.03993735404196964,0.07795013659025435,0.07739152056430008
5a8c8ad6554299585d9e36db-clean,3,validation,0.12866690662285082,0.1129534287418855,0.07143346136493126,0.07606739912440354,0.0016369604617213354,0.032468987984083694,0.04493490625769463,0.04823332542951047,0.039347111352207254,0.014394118407146744,0.0006681354727609498,0.0006762032792320404,8.614507731700654e-05,0.006953731248679021,0.02675605305254594,0.18872806107666903,0.1047148043627588,0.17848335903708484,0.19228215531317513,0.08385270150910182,0.047351305424099974,0.057110148115871784,0.08061330043376272,0.11650459475003067
5a8c8ad6554299585d9e36db-error,1,validation,0.21155294084740262,0.4118397530954013,0.4119697025685657,0.48502925867069313,0.5700755681377272,0.6431708027884728,0.6047608131015558,0.5883115516211276,0.4531914140807098,0.5372994594913075,0.024092573458404456,0.011104828555770344,0.02942477029506751,0.04622665918352724,0.18082816681672043,0.006743534060796322,0.22649031986115917,0.2534663118437348,0.22488454842523742,0.2954553044339525,0.2636980700051926,0.3040227294200927,0.36844459181855654,0.2662033164948362
5a8c8ad6554299585d9e36db-error,2,validation,0.26741033184095625,0.3359368990808138,0.24098723634867228,0.34882122154300776,0.030335156441440542,0.12243660275225847,0.10510218299454437,0.0729049808599551,0.15619017876515776,0.09396401562688339,0.0008330709632897911,0.000886992566170335,0.3334497697514573,0.0962826122205686,0.020813061879192275,0.001705621397611806,0.04907577611619248,0.04945123802251662,0.08656226810454953,0.28677080443430736,0.21487027204778755,0.23479352355850933,0.3116697369663511,0.23033689842664234
5a8c8ad6554299585d9e36db-error,3,validation,0.12889431206612656,0.11208390602782248,0.07140465034419967,0.07585436333112755,0.0017435105095037246,0.03316924480504923,0.0461637997359141,0.04974813177246151,0.04065185216739351,0.014734164695557574,0.0007465514145230006,0.000949287119300658,0.00025189314524914084,0.02999268054617554,0.05033673820498297,0.5406897913911666,0.1330803265351219,0.20983464343185187,0.21793316548810596,0.19754765607024244,0.10645591598223018,0.117932272906951,0.1509284635892228,0.18669305579144552
